model_tag,condition,condition_family,layer,n_points,centroid_norm,abs_disp_l2_mean,rel_disp_l2_mean,pairwise_l2_mean,pairwise_cosine_distance_mean,cos_to_centroid_mean,cos_to_centroid_std,angular_disp_to_centroid,centroid_to_global_l2,centroid_to_global_cosdist,effective_rank_pr,spectral_entropy,spectral_entropy_norm,top1_pc_variance_share,cov_trace,centroid_to_question_only_l2,centroid_to_question_only_cosdist
base,target,target,0,100,33.10863497389326,47.64500221765639,1.4390506360417417,59.545789678247665,0.7007105578539526,0.5534406448713828,0.35116718606662145,0.4465593551286172,0.0,6.072919944699606e-14,3.666559421080565,1.4604499442481123,0.3171326759414334,0.44082950208445315,2507.8359013969734,0.0,6.072919944699606e-14
base,target,target,1,100,774.0249013993924,508.39366207267545,0.6568182252967939,622.36095012038,0.32051174005621547,0.820997501679662,0.18076246486071357,0.179002498320338,5.050751620538103,1.8425152274126333e-05,1.7903726917000566,0.9261859287003937,0.2011187190255098,0.7323909854383168,274473.037846536,77.59890544017469,0.004823587136774221
base,target,target,2,100,762.3385864382316,479.61198164289823,0.6291325011944127,591.6766251531644,0.30759037764706976,0.8304952276982953,0.1622929543060285,0.1695047723017047,7.414691110247628,4.611505286533646e-05,2.00268194966329,1.032865772606715,0.22428395279491758,0.6846743814781302,246327.67062329737,81.94389738249627,0.005741277707001502
base,target,target,3,100,773.2772899296717,492.6939075831874,0.6371503650753748,618.3023638836257,0.31680369470191677,0.8261720935352789,0.1487851293741974,0.17382790646472113,10.895757420650328,9.724928754750728e-05,2.1546186494185466,1.124269437556951,0.24413200645172817,0.6567579518743352,260782.59907565688,86.41979948215476,0.006249587522962119
base,target,target,4,100,605.2961387385261,497.8932268700045,0.8225613794722751,627.1920802894991,0.4336189418813335,0.7543208549938882,0.17702836391698473,0.24567914500611177,12.295122910795133,0.0001921444382143589,2.3682348795987034,1.2053477591587205,0.261737940288541,0.6187016023342745,266238.240120825,89.43275164773931,0.010884925114746369
base,target,target,5,100,951.722015646848,461.89320250475635,0.48532365009001627,603.0038104362962,0.20079133275798355,0.8949857430139673,0.06737462758717488,0.10501425698603273,16.64151465445685,0.000129860662017367,3.5813620694972688,1.4901947308287338,0.3235916742801103,0.4401631239488079,235763.13432099126,213.5610667737685,0.009034947033345175
base,target,target,6,100,1089.5776179294041,505.8227882282245,0.46423749892134564,660.1833951242111,0.1735871618374233,0.9095087484366221,0.04829255524970988,0.0904912515633779,26.594058083786813,0.00029398567923577534,3.6479103800386956,1.518285445528502,0.3296914954735243,0.4307827443357189,281798.07986480766,142.66551995390708,0.0076389357649397915
base,target,target,7,100,1192.5021184011314,685.5611047624452,0.5748929869253592,893.9743356795192,0.20769567746683862,0.888570376761463,0.05868853488074223,0.111429623238537,46.863160001728,0.0005098017924165532,3.026866596156152,1.4000394453523013,0.30401470278169684,0.5084512413113169,532476.927516783,170.4492364282369,0.00785708218942116
base,target,target,8,100,2083.4088884229714,865.33812701412,0.4153472377998416,1098.4632850784012,0.07894841035038541,0.9587328908534704,0.014601604422631222,0.041267109146529646,39.820029940843725,0.00016766364193698813,2.036689207907814,1.118268663721372,0.24282895496975745,0.6816884803954827,829998.7279383909,175.48968692959394,0.002838880103596342
base,target,target,9,100,3217.4173149007634,1050.2046594066812,0.3264123228724133,1312.255131223453,0.03613457302180224,0.9813833466905456,0.004771121387266421,0.01861665330945439,57.591848234346955,8.84031588043177e-05,1.671727994680744,0.9324767577007185,0.2024847551862288,0.764950368794003,1186418.7572185807,336.61010406491096,0.0012786644387078328
base,target,target,10,100,3493.2780163379257,1470.5976386170637,0.42097927268861374,1818.5733337089234,0.038983752131147485,0.9790452057274592,0.004316560534922747,0.020954794272540767,50.198508581347475,0.0001023907634770671,1.3330463984363352,0.626150113274748,0.13596676951915956,0.8635945681684333,2390204.409096447,380.21621370511883,0.0012968198142273568
base,target,target,11,100,6805.589068506002,1830.5627499538334,0.2689793244239602,2311.0307066415544,0.011976777923474855,0.9939218385945091,0.001704109317761724,0.0060781614054908895,84.62450588872346,4.289506853161207e-05,1.25043097565649,0.5355840896717603,0.11630060736981095,0.8928801449912299,3939725.3293224135,506.20674965506595,0.000526156388060528
base,target,target,12,100,7269.673622408204,1860.97537434597,0.25599159893638934,2387.6097821013354,0.012705747188753889,0.9935841061484019,0.002170823290502095,0.006415893851598131,115.87993926151876,6.317894926721745e-05,1.3058865100634882,0.6205067598702056,0.13474133089764823,0.873157784730397,4117984.0675274148,366.7621793392213,0.0006255242756163515
base,target,target,13,100,8255.321659429866,1890.8292237768171,0.2290436765255495,2518.911094310854,0.011403831612987097,0.9942707022349963,0.001988118740244974,0.005729297765003749,170.05783652536385,6.532024553695948e-05,1.3457287920994199,0.6831495903059445,0.14834404869216944,0.8597908259842655,4436525.149481279,632.1258107066595,0.0005914404932624295
base,target,target,14,100,14672.175728176606,2230.0706811266746,0.15199318236381412,3032.93077977612,0.004581390921744381,0.997719685991681,0.0008029243205355383,0.002280314008318962,453.3597504858893,3.2373537413254994e-05,1.2886504599859765,0.6164348152559492,0.1338571193593546,0.879366005649434,6775306.228124829,403.24013046261456,0.00025622624084553625
base,target,target,15,100,19162.66096866097,2701.807599235251,0.14099334135555838,3683.5391295256745,0.0031129387514113004,0.9984530560097983,0.0005884608161590386,0.0015469439902017212,441.12306936182745,2.2989730376732354e-05,1.2257851875663863,0.5262025779106049,0.11426343797492082,0.9022538287806441,10005317.489854092,516.0522410507186,0.00019613015246733312
base,target,target,16,100,23654.143173625274,2302.5762242605037,0.09734346356827293,3255.678374023529,0.002458904332425139,0.9987808250642396,0.0004826959739704439,0.0012191749357604031,328.14830840707486,1.989606994834414e-05,1.4641834731986594,0.8504022811388815,0.184662509048277,0.8230122373924994,6971989.105456329,688.2447566779925,0.0001614262936228128
base,target,target,17,100,26557.858324260174,3246.1984494488215,0.1222311833211141,4467.21952126905,0.002251509288785264,0.9988823257963411,0.00033166347117128764,0.001117674203658936,321.6063226898863,1.9146020717397683e-05,1.236323367770579,0.5595249646596019,0.12149930231938853,0.89846712447798,13686232.849739669,1152.00288294447,0.00018432549810221133
base,target,target,18,100,31807.7194366156,3066.052554818479,0.09639334756232096,4548.1869413323475,0.001990937164563861,0.9990124229379255,0.0003797779038128008,0.0009875770620745294,606.5351071367093,2.2625897871608736e-05,1.2749866876061677,0.6325415597764192,0.13735465449268738,0.8844848063010418,15517916.801951747,597.6384107648962,0.0001759540738491827
base,target,target,19,100,36460.712989706204,3692.268796468507,0.10126704865894777,5574.071235063183,0.0018985863074800452,0.9990578687819334,0.0003488196434312509,0.000942131218066633,774.3195513495638,2.2879003039988355e-05,1.2053217583233227,0.5156088094679315,0.11196303038631389,0.9101767887552019,24946985.70142262,709.8684054770779,0.0001705203191736393
base,target,target,20,100,40008.35830545599,4436.601431342254,0.11089186408174186,6704.319691175751,0.001760430604364593,0.999126212974676,0.00031302475447206687,0.0008737870253240354,1161.3867878263436,2.2993322621900347e-05,1.1540110930919547,0.42065962115423855,0.0913450761133991,0.9304948645262753,35895749.94478693,1126.1801836092793,0.00018279696171030757
base,target,target,21,100,43239.46405242238,4524.923774281216,0.10464800786603919,6833.878943837902,0.0017523236563107543,0.9991304050904977,0.000313346833711881,0.0008695949095023359,1210.9655584884572,2.0938729958230873e-05,1.1761265376864178,0.4645669519108978,0.10087943184475813,0.9215853310328858,37320541.266549125,1157.2958445321606,0.0001673134968905865
base,target,target,22,100,48888.00289434863,6231.086076056757,0.1274563432162016,8765.830090490193,0.0017927588436614367,0.9991086116809264,0.00038625653422828175,0.0008913883190736493,1310.36744673121,2.0626407133406133e-05,1.1269104568362174,0.36384887703732116,0.07900877977200169,0.9417364682177225,61492795.223625734,1543.0157010951136,0.0001621724773741562
base,target,target,23,100,54817.446520445475,7733.122617980158,0.14107046403731893,10546.840020999185,0.0021392727053855904,0.9989352133630098,0.0004314278964448332,0.001064786636990167,1322.3818960994752,2.655464981160538e-05,1.1336767024508723,0.3744142662231949,0.08130302488329431,0.93885969639926,87130837.08443104,1765.658744633216,0.0002443123120000612
base,target,target,24,100,63125.855036007066,10973.620548792538,0.1738371787999255,14252.203902314568,0.0024205789048691055,0.9987890459840522,0.0005599812499548054,0.0012109540159478405,2329.9744687317466,4.0728230620179495e-05,1.093350195940104,0.29057776964965715,0.06309816096130015,0.9562225732283339,154485259.2636446,3302.3158579068345,0.00031239292439300126
base,target,target,25,100,67594.73359000283,11189.361437206919,0.16553599434352695,14507.473321634501,0.00269612572397261,0.9986508709669608,0.0006239536406392711,0.001349129033039187,2420.3641154877314,4.0430495803489563e-05,1.1110139476660124,0.3291950363722307,0.07148379388320003,0.9485181446080954,163091495.0608487,1916.8134837976918,0.0003021799082556509
base,target,target,26,100,68675.07668879881,10971.016136866827,0.15975251380616579,14356.249670876277,0.0032513937946689686,0.9983745405864526,0.0007298476821948796,0.0016254594135474143,2596.4105050304947,4.821664149823324e-05,1.1491035455531584,0.40765612903520904,0.08852140367701564,0.932480693357385,158146569.95831054,2144.4751381885076,0.000396370344779573
base,target,target,27,100,70825.18523204744,12949.93034464935,0.1828435789079967,17000.49957226838,0.004574455020875456,0.9977057380492076,0.001097081978707894,0.002294261950792409,2610.824485723495,5.731176075074451e-05,1.1602087414042146,0.4236382882316008,0.09199188545096176,0.9279167849335299,220660000.9455594,2205.3391792807847,0.00043919674182779644
base,target,target,28,100,72115.2714930567,12132.017130427677,0.1682309014339044,16000.755461591136,0.006102360661081358,0.9969494770943754,0.0013278894898782361,0.0030505229056245753,2559.9570491039412,7.961964295977175e-05,1.2994303704074623,0.6468105174296089,0.14045311927833312,0.8755267489055036,192285094.34302825,2438.887324472081,0.0005513798499087175
base,target,target,29,100,75782.2105273018,12666.344949750446,0.16714140246921388,16792.86148184443,0.007464493177689993,0.9962710704588456,0.001523516717028771,0.0037289295411544465,2548.8924096716564,9.508398309687749e-05,1.4121992163262664,0.7908483641535355,0.17173054028704696,0.8384805032850629,203053699.57823232,2753.073339197836,0.0006415804606791919
base,target,target,30,100,74770.6605918227,13231.023249125667,0.17695474594446312,17561.116940531196,0.009101814666664237,0.9954470934854751,0.002112670034130673,0.00455290651452489,2439.6205140813504,0.00011319709549761914,1.4426824262700122,0.829473555728001,0.18011789406867013,0.8293049643084082,218663457.54341036,2892.5159698616226,0.0007472433074987572
base,target,target,31,100,76016.04781502367,13807.219062083619,0.18163558168246133,18375.515077376283,0.009560455156652166,0.9952169780760678,0.002165731207043253,0.004783021923932207,1924.4325774295849,0.00011295272970857084,1.4502193694910221,0.8388629197475266,0.18215676855980056,0.8271788459031966,235095446.05824593,3983.969355595578,0.0007206943292670243
base,target,target,32,100,77010.3248068253,14321.104587541011,0.1859634357271501,19005.25817392549,0.01207651695332559,0.9939564627202241,0.0032875210807182123,0.006043537279775912,1964.2055219444758,0.00012839464367597753,1.5618587002451025,0.9494170311852991,0.20616328883437146,0.7954575796965508,245350872.9011595,4167.555971852067,0.000780347842849638
base,target,target,33,100,78499.45891859233,15369.798353395905,0.19579495916443346,20323.59875534718,0.014189169515698435,0.9928944768386203,0.004167115042911256,0.00710552316137969,2167.3298761049045,0.0001374337661882441,1.6113744808241226,0.9903502453127383,0.215051823345427,0.7823225367293458,275652527.63007087,4348.393696270209,0.0008262836325485523
base,target,target,34,100,82072.42344712594,16399.574248670055,0.1998183258136061,21618.075844379382,0.015818129190965237,0.9920776859563848,0.004522726565666007,0.007922314043615208,2427.6504293348303,0.00014974933916611644,1.6977533540640952,1.061865594615665,0.23058118413224932,0.760655562768322,305482462.0990872,4469.024748511879,0.0009178030082865885
base,target,target,35,100,92173.60661525073,17630.0468880926,0.1912700124850663,23228.039721189365,0.016463104762341897,0.9917634891015835,0.005123682250740496,0.008236510898416483,2919.3012609161524,0.00012902043679252628,1.8292138299640242,1.1504832967299883,0.24982427364584767,0.730309106552513,346503580.1486029,4332.255958238306,0.0008334215667185063
base,target,target,36,100,93559.7413969772,18845.1009271692,0.20142318315319818,24883.49919712751,0.018753977020781482,0.9906107481918931,0.005788286490770592,0.009389251808106902,2945.296473323646,0.00014528934891944179,1.9027873030911435,1.1976147712733403,0.26005874330491835,0.7143631027225398,395096981.4605186,4828.773970466273,0.0009183589055611341
base,target,target,37,100,103344.10904627596,21978.077577016546,0.21266889598104802,28972.24647752456,0.01857893699648138,0.9906880098780318,0.005915837817375932,0.00931199012196815,3375.242429211751,0.00013476308342263987,1.7556103164927488,1.0847940051624452,0.2355600252218888,0.7458136200298205,547226301.9118849,4868.569768269838,0.0008400432842804451
base,target,target,38,100,110530.06223824604,23440.82357210298,0.21207645320579488,30976.54819961844,0.019227160964141086,0.9903609710732727,0.006726423978795859,0.0096390289267273,3780.853818461477,0.00012850842485534475,1.7717959656914608,1.0892018781442676,0.23651718267835675,0.7418243188232768,627834460.7159741,4904.816914349556,0.0007754404061115494
base,target,target,39,100,118198.13643124425,25033.35734685041,0.21179147237581275,33047.31988311352,0.020223460015584695,0.9898610061624796,0.007488856376381831,0.010138993837520371,4177.216864579539,0.00012134356177806449,1.818159463229633,1.1169277814737117,0.24253778608923704,0.7312250573698941,711958727.1094608,4805.4900154333545,0.0007411858055581533
base,target,target,40,100,129124.29646209774,27270.546195171846,0.21119608735430093,35950.15892489599,0.021387535375629162,0.9892768596842589,0.007970590888150553,0.010723140315741064,4681.470705793523,0.0001187601671615024,1.898006275170914,1.1582654071732568,0.25151413745738427,0.7130877087749987,833116490.9453721,4917.06509584949,0.0007093891974182531
base,target,target,41,100,145498.43860622274,27290.649330070286,0.18756661302689132,36400.58142541138,0.01939310808888372,0.9903090371341189,0.006324646126687661,0.009690962865881114,5140.371007342529,0.0001086575806193979,2.263986615526513,1.328260454609799,0.28842809298367017,0.6405622100537275,827142343.7502809,5295.751197370064,0.0006598775170097992
base,target,target,42,100,159396.10533204215,31427.285519289297,0.197164701445009,41797.78564351952,0.01995692015753228,0.9900148307649204,0.007371882754595697,0.009985169235079638,5950.605605137592,0.00010321064024843007,2.0557762335771717,1.2360878773622117,0.268413072142956,0.6800564425709289,1106471955.417889,5813.745325873488,0.0006267112975271161
base,target,target,43,100,164980.87974546594,32361.124001993267,0.19615075426873899,43236.58893944089,0.021510710862870867,0.9892363928729188,0.007862890619671721,0.010763607127081243,6086.260131900357,0.0001104704552036262,2.198488558629819,1.2994655947668483,0.28217536861518466,0.6525637109314614,1175776773.18275,6323.268817811885,0.000673874462273627
base,target,target,44,100,176847.3323369806,36005.94405305844,0.2035990228252328,47866.658906191224,0.022359452026643422,0.988796754155603,0.009076921541738206,0.011203245844397025,6058.435382288271,0.00010908474529602863,2.0396838709915923,1.2242790454658803,0.26584881687780604,0.6831939896087434,1465578019.3791673,6619.2620134953395,0.0006641469999729699
base,target,target,45,100,188201.30476575284,37349.256060505926,0.19845375730520654,49636.76644048459,0.02325796845887604,0.9883482159914441,0.00949200380218337,0.011651784008555932,5484.425262124994,0.00011759952134249296,2.1364248383608433,1.2919726763788266,0.28054830206055004,0.666427431247581,1557225955.3735554,7073.555615131557,0.0006898554850650607
base,target,target,46,100,196027.03104979795,36925.67779646654,0.18837033647204543,48847.342224394255,0.022716334677408162,0.9886413338609975,0.008358127230831444,0.011358666139002493,4916.899925160309,0.00013076162486214127,2.3882746700635256,1.428649285174867,0.3102272505632349,0.6258773359256976,1452366041.1973653,8064.454772443538,0.0008330243243465096
base,target,target,47,100,215611.18527283682,38214.14207568513,0.17723636196020406,50513.74837393221,0.020246824557501084,0.9898937236561599,0.0067763317217746115,0.010106276343840093,4673.699436107828,0.0001184703569353518,2.5828624883781295,1.513938443146949,0.3287475558999599,0.5981129348752228,1520459397.3824115,8550.518082667619,0.000772075293941854
base,target,target,48,100,117.94385793873384,88.15298073360309,0.7474147638904061,121.34729925818068,0.3708230665731157,0.79463626777372,0.14043706470183145,0.20536373222628002,8.79956740679672,0.002605927285761145,4.508746910303735,1.8557351233004418,0.40296776196171624,0.3416450124539294,8865.456221652914,21.35812440750678,0.016249240407398835
base,target_word_shuffle,target_shuffle,0,100,33.10863497389326,47.64500221765639,1.4390506360417417,59.545789678247665,0.7007105578539526,0.5534406448713828,0.35116718606662145,0.4465593551286172,0.0,6.072919944699606e-14,3.666559421080565,1.4604499442481123,0.3171326759414334,0.44082950208445315,2507.8359013969734,0.0,6.072919944699606e-14
base,target_word_shuffle,target_shuffle,1,100,776.0830195134525,509.4900020726538,0.656489047256911,623.1387731717973,0.3198619575425534,0.8213306220230641,0.18112494281712413,0.17866937797693594,4.004835620355019,1.3278163311425395e-05,1.780332664834319,0.9197066172022538,0.19971175441042255,0.7347572186981971,275595.86003114237,76.03939952158792,0.004652349509220333
base,target_word_shuffle,target_shuffle,2,100,757.9894643731543,478.7850045962466,0.6316512657497078,590.9807411867182,0.31005112443231747,0.8290324521949253,0.1644634485513032,0.17096754780507473,11.295011939206054,8.420382641338708e-05,2.0038317289200203,1.0328612941396602,0.22428298030815294,0.6843490531355656,245732.9481744252,82.0274623489666,0.005744120294299604
base,target_word_shuffle,target_shuffle,3,100,774.1342921153564,495.27544881706484,0.6397797563827098,621.9863792342608,0.31809511967457804,0.8253326544958258,0.14878135983055868,0.17466734550417418,10.372502324158843,8.936775874213154e-05,2.1469889266209172,1.1220909740789624,0.24365895911796906,0.6581980547543778,263298.9594266856,87.09703612200796,0.006339399453986316
base,target_word_shuffle,target_shuffle,4,100,598.0687102218233,497.2842102203034,0.8314834093826112,629.2902731472175,0.43787207638134834,0.7516409973605849,0.17681259540673525,0.24835900263941513,12.346721435005938,0.00019071957353866686,2.39108877048862,1.217592311389159,0.2643968110220688,0.6149098855044794,265902.0072402598,89.77721460349069,0.01099956502233812
base,target_word_shuffle,target_shuffle,5,100,971.1033249228784,457.75075373756545,0.47137183241949865,598.4800939509232,0.19310362834168276,0.8992734681985175,0.06505259513233275,0.1007265318014825,26.53114336627512,0.0002868105735485127,3.5625108219442536,1.4957377356406467,0.3247953224815988,0.4464723880090526,231470.82429016044,195.05545651018383,0.008099709157570634
base,target_word_shuffle,target_shuffle,6,100,1076.1708400202183,533.2050979055718,0.495465104681292,694.2270961851478,0.1747531245573695,0.9079585050949557,0.038467821714968396,0.09204149490504432,52.072443073256196,0.0011167636871085573,3.317643854422403,1.4760579958126947,0.3205219212753132,0.4764556129644341,308156.2943149978,158.12962980043767,0.009138636037315684
base,target_word_shuffle,target_shuffle,7,100,1087.278374151261,667.9741556943733,0.6143543103354734,871.8802192172956,0.23504117239252087,0.8724531749374307,0.06388815725314494,0.1275468250625693,114.8127065396308,0.00284624228590169,3.098727426619409,1.4275104915527008,0.30997996467016825,0.5007523133754642,497287.96949256654,257.6270892938168,0.012567993868023986
base,target_word_shuffle,target_shuffle,8,100,2038.5137483175363,791.7392254444499,0.38839042714227573,1019.1281763308901,0.08056623292169658,0.958380066931082,0.018924701757553175,0.04161993306891798,86.78590913655705,0.0007617606418031109,2.327623960573597,1.2357057281469939,0.2683300894952396,0.6260834510564437,705279.8130775747,215.74872757214206,0.0037208870081439915
base,target_word_shuffle,target_shuffle,9,100,3260.606950756486,900.8906914517379,0.27629539685631965,1142.4977438624053,0.033770481019271464,0.982855387893053,0.006071612309509369,0.017144612106946955,91.187961742538,0.00039051609934381837,1.9927815970577978,1.1244372101077764,0.24416843779824732,0.6920508849168946,873177.699291907,314.5675034090566,0.0016499846016294617
base,target_word_shuffle,target_shuffle,10,100,3417.4125655244147,1256.001522350315,0.3675299655128343,1562.215177486744,0.037656037639575986,0.9802534089739655,0.003197843872347205,0.019746591026034488,129.89442453074386,0.0004967374253802559,1.4650425006931194,0.7666120600194228,0.1664676937134599,0.8215762024939548,1737536.3499701302,464.5014693702523,0.0019047070939350874
base,target_word_shuffle,target_shuffle,11,100,6446.593051789008,1420.9686857253828,0.22042165129859506,1855.2985541458488,0.012580741666856026,0.9936732651756519,0.00218039258918957,0.00632673482434809,327.2725995714063,0.00018108513342762755,1.4022771176848376,0.7197002401546446,0.15628092146180364,0.8409501378239137,2515162.0706342086,852.3201311627213,0.0007352220995927583
base,target_word_shuffle,target_shuffle,12,100,7102.905006551972,1388.2396110520503,0.195446737605457,1861.8615029623954,0.012311310072715936,0.9938417268288288,0.002574264951842743,0.006158273171171236,168.92232211944795,0.00021013138953296373,1.5196015149123092,0.8433657648510234,0.18313454895045744,0.8057531321943574,2555884.691544334,513.0704638705049,0.0007822569508473265
base,target_word_shuffle,target_shuffle,13,100,7796.34686112977,1427.7688193987935,0.18313305511292952,1971.6607606190762,0.01213372959370199,0.9939483979441434,0.003029959188991434,0.006051602055856642,359.1182915715983,0.00022532536265784664,1.6360270495296974,0.9499562174278672,0.20628037163930418,0.7741673444447528,2714489.790079411,1071.0123638460514,0.0007925361947670462
base,target_word_shuffle,target_shuffle,14,100,13600.943791376214,1592.9994829137047,0.11712418692030463,2258.740203424046,0.004898680199681008,0.9975674567810472,0.001055906545909914,0.0024325432189528096,664.9771284161296,0.00010706911054492174,1.6050754985569256,0.9418632318153877,0.20452300214249305,0.7824991915406112,3551588.3006577864,1345.7656161259497,0.00032338354346506115
base,target_word_shuffle,target_shuffle,15,100,18110.948630841405,1882.3885014508776,0.10393649387560683,2689.5539006634513,0.0031632451135989526,0.9984307144740722,0.0007659622833069893,0.0015692855259278327,666.5520499633915,7.033371109976816e-05,1.499207443440096,0.8505030673655152,0.18468439449931642,0.8118337926762693,4857149.635924439,1456.953041477639,0.00023959015263375072
base,target_word_shuffle,target_shuffle,16,100,23049.78737666551,2398.8660888580575,0.10407324152961835,3256.3132338975533,0.0024296111397379117,0.9987939165538324,0.0006490697825201184,0.0012060834461675718,401.6839568364465,5.9650824026480365e-05,1.3366491269471772,0.6917836998185672,0.15021892175090965,0.8628849661581404,7218545.5113044735,1241.734744130411,0.0002134203299984927
base,target_word_shuffle,target_shuffle,17,100,25727.24140404282,2458.9181611904833,0.09557644065189534,3528.800976168271,0.0022045987909652814,0.9989068058307974,0.00042137302701042906,0.001093194169202616,623.8203407562459,6.109017910804759e-05,1.388557027312485,0.7553850764862491,0.16402978521502187,0.8458871397924519,8490166.777261017,1954.7159797423594,0.000257863198606878
base,target_word_shuffle,target_shuffle,18,100,30286.91474029901,3199.84461353591,0.10565105891351412,4462.343867868815,0.0021048522011311893,0.9989553319616298,0.00047621163247375337,0.0010446680383702223,1007.4755292209651,5.689746134884821e-05,1.2648958712641942,0.6068238917778604,0.13177013384309041,0.8879582003447828,14409845.252609508,1679.8539571986064,0.0002185085280661525
base,target_word_shuffle,target_shuffle,19,100,34807.30677544516,3478.008204405938,0.09992178443577546,4851.991871760234,0.0019402715134206508,0.9990372113234695,0.0003985151236273973,0.000962788676530546,993.145388995682,5.731505916339863e-05,1.2597247996030263,0.6011359362116807,0.13053500998523904,0.8898534844366661,18282025.120777454,1598.8101451298915,0.00021144015921270576
base,target_word_shuffle,target_shuffle,20,100,37518.15169625891,3998.8226324072207,0.10658367887578961,5700.537904857534,0.0018440586407546496,0.9990849780599989,0.00036046113344326606,0.0009150219400011483,1415.7762376424055,5.303880485763024e-05,1.2108100915411757,0.5199645554050624,0.1129088685988481,0.9080090637390563,24953507.832689025,1831.2365419538064,0.00020747174686197578
base,target_word_shuffle,target_shuffle,21,100,40416.89093125922,4084.9390446930934,0.10107009595668134,5902.920278488361,0.001806230359101253,0.9991038528007863,0.0003725931305749115,0.0008961471992137149,1692.3234701959323,4.792915765228223e-05,1.2197562552824746,0.5359271547987452,0.11637510301560243,0.9046145665019566,27129281.185116548,2127.6460129546062,0.00018795681462568936
base,target_word_shuffle,target_shuffle,22,100,45402.54171913926,5981.70519651426,0.1317482451426876,8145.374543329507,0.0018585639165765607,0.9990760276987438,0.00043558208891306236,0.0009239723012561818,2256.8089894287345,4.604458296042502e-05,1.1309277543627958,0.369798953532278,0.08030082246633267,0.9400411641378136,51668185.36413394,2374.5668492989184,0.00017415102178375275
base,target_word_shuffle,target_shuffle,23,100,51849.609329896804,7702.0097727137545,0.14854518427919433,10172.751997678197,0.0020900205734755302,0.998959189477722,0.0004769313107211607,0.0010408105222780017,1795.8849510081752,5.6809868541729536e-05,1.1174314928929907,0.3390328143662218,0.07362004023168982,0.9457510496902101,81672997.92058739,2040.0979343315828,0.0002473225699416437
base,target_word_shuffle,target_shuffle,24,100,57931.33491924099,9950.463044150803,0.1717630546235853,12754.398591068884,0.0024070174903266625,0.9987976082827256,0.0006006671645922822,0.0012023917172744314,3020.6449231009883,7.424273149003735e-05,1.0979805951483446,0.30079218831873145,0.0653161937932144,0.9541962625995075,118928046.29453789,2643.624813285198,0.00026073033886320207
base,target_word_shuffle,target_shuffle,25,100,61736.1627913182,9943.580087398681,0.16106572935234356,12846.9839874124,0.002639702683944497,0.9986810630448956,0.0006329613366552789,0.0013189369551044328,3596.1319229876185,7.332366420542691e-05,1.1175957559454268,0.34421425049775584,0.0747451747918195,0.9457126519287901,122005601.76262732,5094.872698859732,0.0002575925366226084
base,target_word_shuffle,target_shuffle,26,100,62048.571871948,9198.40616241352,0.14824525182298506,11992.828365151658,0.003269193322611095,0.9983689184251395,0.0007418882821414404,0.0016310815748604712,4201.304971452959,8.651803647286016e-05,1.1838495589946743,0.4762897188317752,0.10342499833794563,0.9185421061494397,106050800.14611322,5914.816257280201,0.00033542467969149836
base,target_word_shuffle,target_shuffle,27,100,64019.55020368352,10963.719014129883,0.17125579575688835,14352.680357340018,0.0045776430412236765,0.9977095030373073,0.0011049814325449936,0.0022904969626926786,4401.3046875300415,9.753101810505704e-05,1.19168359139962,0.48348344712617486,0.10498709658923017,0.915421181469863,150726595.07564476,6349.530236619507,0.0003493399738508929
base,target_word_shuffle,target_shuffle,28,100,65345.82805938025,9744.087876530577,0.14911568444241077,13057.068316784094,0.0060642678473344595,0.9969760396298253,0.0013234511328351658,0.0030239603701747164,4517.458852487182,0.00014292537468729716,1.4057669797905383,0.7868463533880389,0.17086151469106065,0.8406466956270959,120064377.71192597,6590.481103874766,0.0004453412038367688
base,target_word_shuffle,target_shuffle,29,100,69158.26106567384,10457.110860556177,0.1512055204890986,14072.612154795974,0.0073559390433515365,0.9963324403390098,0.0015916700094673684,0.003667559660990194,4479.569518614948,0.00016200992664350267,1.5226828912325339,0.9172318391869788,0.19917436319243786,0.8063189552612474,133621464.28271057,6528.768024444391,0.0005034455426067286
base,target_word_shuffle,target_shuffle,30,100,68422.0851813794,11023.2191944433,0.16110615695534508,14828.51377657611,0.009028931043565008,0.9954931915240088,0.0021908090738674583,0.004506808475991164,4389.83169751075,0.00018490557596240187,1.559761119788117,0.9576147281781877,0.20794339611853466,0.7963201872134098,147429662.16127,6847.846327285141,0.0005623297531889282
base,target_word_shuffle,target_shuffle,31,100,70345.23586493061,11859.176896033403,0.16858535976486203,15923.051531484281,0.00916058910185733,0.9954249405944542,0.0022314567369074592,0.004575059405545812,4327.299024355919,0.00017216342572434762,1.5063881421419225,0.9055647394577138,0.1966408846763205,0.8111718642080399,168589839.5022278,8710.893579485932,0.0005363572645590287
base,target_word_shuffle,target_shuffle,32,100,71503.29041399539,12398.978331546974,0.17340430433003,16572.592741380075,0.011514858097752928,0.9942482909231467,0.003264339056955904,0.005751709076853295,4218.073308754908,0.00018894867363550283,1.6393422517841676,1.0231405362479693,0.2221721445520135,0.7755376683722274,178953485.4515326,8688.6953134006,0.000584684843542127
base,target_word_shuffle,target_shuffle,33,100,72537.38001100323,13080.127130284622,0.1803225747649073,17413.704332920643,0.0136213252375234,0.9931944792047952,0.004076417430374838,0.0068055207952048,4474.620735225905,0.00020018778252328673,1.7479472312426072,1.1025316199488564,0.23941169933382075,0.7490739183904732,194027943.4059158,9251.182783222877,0.0006123804932066657
base,target_word_shuffle,target_shuffle,34,100,75503.29411159705,13773.620712066804,0.18242410313527266,18365.86541698607,0.015214260866493705,0.9923993442451969,0.004451509635744633,0.007600655754803065,4862.312260100368,0.0002143284444410254,1.8892732045586276,1.1967202150456417,0.2598644928881975,0.7176746557701204,211009411.88606724,9698.585041169059,0.0006597250044814151
base,target_word_shuffle,target_shuffle,35,100,84314.25429688404,14428.702580487583,0.1711300503196269,19335.669298887882,0.01571241061693878,0.9921610268797374,0.004821032887811726,0.007838973120262605,5587.224690869046,0.0001847209712025899,2.179399411282412,1.3445716367392708,0.29197002117974447,0.6614712955348737,228104549.45376366,10406.157475664551,0.0006089313647076322
base,target_word_shuffle,target_shuffle,36,100,85780.53727976323,15642.48098620938,0.1823546632168233,20968.892240892583,0.01778166907365922,0.9911215439914223,0.00552488374769187,0.008878456008577729,5575.004861402967,0.00019856870614309852,2.212888226458697,1.358293976986171,0.2949497895037583,0.6550236471008039,268272806.78813982,10896.472558518746,0.0006594008082498881
base,target_word_shuffle,target_shuffle,37,100,94259.75619885488,18338.713824204016,0.19455507380600254,24637.705090494106,0.017675619642771857,0.9911668720587465,0.005686859646248191,0.00883312794125346,6430.6716450074455,0.0001848677193945214,1.975759811216551,1.2194092719257945,0.2647913589895172,0.6975186359495585,378647273.8118802,11933.278498680455,0.0006258007937651744
base,target_word_shuffle,target_shuffle,38,100,100584.1498760404,19468.294657087896,0.19355231098617984,26309.628567306507,0.018214837826398576,0.9908967098121549,0.006484407820266405,0.009103290187845059,6866.6095969175985,0.00017155251813605332,2.003119745951052,1.2241226267921255,0.2658148509943669,0.6915809229120737,433958817.66067535,12646.868704579367,0.0005729378857276535
base,target_word_shuffle,target_shuffle,39,100,107352.59613303187,20744.61565198708,0.1932381367496716,28095.551849646206,0.019261194703892818,0.9903734406811735,0.007260157485930026,0.0096265593188265,7351.279147819386,0.000158365463625465,2.0882720777162107,1.2634214406131021,0.2743484799882636,0.6749725459674639,492781993.7202193,12861.073450022897,0.0005456184764166538
base,target_word_shuffle,target_shuffle,40,100,117287.57162554715,22535.611379228947,0.19213980703067368,30506.102387428946,0.020346449533477657,0.9898302814089948,0.0077475825710194976,0.010169718591005239,7877.014500254414,0.0001547061209827838,2.2100850791623587,1.3072597607445389,0.2838678502527592,0.6511075821878464,577909481.4217628,13097.094188886622,0.0005238734315717863
base,target_word_shuffle,target_shuffle,41,100,132731.3560865921,22478.022074903973,0.16934975078714348,30827.703880257668,0.01831282092603084,0.9908708049569624,0.006079857390820675,0.009129195043037552,8395.853327214805,0.00013932618257950224,2.760194983913717,1.4880334735889067,0.3231223632334952,0.5595368111316644,580146998.2773713,13066.175628064295,0.00048448886711494055
base,target_word_shuffle,target_shuffle,42,100,144795.1879506789,25525.32622950375,0.17628573567098346,35093.05084979361,0.018889110941120536,0.9905753664764235,0.007036878107195988,0.009424633523576476,9409.344973373689,0.00013168323163770257,2.485531633022611,1.404259541586996,0.30493108503561117,0.602726717806918,762067598.8778907,13879.065599712269,0.0004598557317124774
base,target_word_shuffle,target_shuffle,43,100,150249.8348349008,26519.067622767594,0.17649981214227337,36559.92174653221,0.020625581125677566,0.9897068396232299,0.00761827699420809,0.010293160376770083,9511.045812572354,0.00014355411762212444,2.6984061697369817,1.4691053263695644,0.3190121682884888,0.5681041600810088,825763135.3918474,13700.460791138566,0.00048705770921231295
base,target_word_shuffle,target_shuffle,44,100,162350.9403000539,29269.686563776388,0.18028652319278665,40196.474951086864,0.021110659784984182,0.9894546316091302,0.008749003375120456,0.010545368390869836,9433.13584717003,0.00014003437711374023,2.48212007062056,1.400190569744844,0.304047519026578,0.6029188724690826,1010960991.542553,13891.408219674953,0.00048181810861080976
base,target_word_shuffle,target_shuffle,45,100,175873.54785457588,30738.983777709243,0.1747788917246743,41862.16379732462,0.02163177230559177,0.9891944681965125,0.009040515906328487,0.010805531803487534,8256.36861458779,0.00015129660694124247,2.6213964914430288,1.4747139358072054,0.3202300623534478,0.5851602578246299,1085622430.2321467,12536.98567129653,0.0005129695341947738
base,target_word_shuffle,target_shuffle,46,100,186023.07533667362,30596.82387761131,0.16447864772816861,41244.17820423721,0.02072180688751054,0.9896643091745263,0.007914554157672216,0.010335690825473698,7119.249174763621,0.00016776126686324222,2.983180382575096,1.6143088825462057,0.3505427198886109,0.5411007207881369,1018886761.2772485,11138.35286298848,0.0006382685104497909
base,target_word_shuffle,target_shuffle,47,100,207246.87584620577,31955.982392096506,0.15419283046664825,43061.17355744803,0.018092965884337366,0.9909894949273469,0.006240481570443071,0.009010505072653108,6276.040133912935,0.00015803677838555075,3.402147727294646,1.7214748449919433,0.3738135129576283,0.49451333849487056,1084340637.2838213,10276.71772468342,0.0006319937252556862
base,target_word_shuffle,target_shuffle,48,100,111.2899502205505,79.66104511213223,0.7157972930553215,110.28483432681351,0.34865328304195775,0.8082725927844215,0.13236111915165685,0.19172740721557846,11.954170498658916,0.0049077741016144705,4.59992498681059,1.8938355446622617,0.4112411633395298,0.34057680750795777,7309.716069501506,22.386937500195963,0.016810653637061024
base,target_sentence_shuffle,target_shuffle,0,100,33.10863497389326,47.64500221765639,1.4390506360417417,59.545789678247665,0.7007105578539526,0.5534406448713828,0.35116718606662145,0.4465593551286172,0.0,6.072919944699606e-14,3.666559421080565,1.4604499442481123,0.3171326759414334,0.44082950208445315,2507.8359013969734,0.0,6.072919944699606e-14
base,target_sentence_shuffle,target_shuffle,1,100,772.3897212139372,508.0575479738086,0.6577735746862505,621.6830033759319,0.32128591606023027,0.8205016182266034,0.1814475727303162,0.1794983817733966,5.643976834365087,1.651010831160704e-05,1.7885849821768478,0.9244985845946757,0.20075231690841713,0.732775350251853,274124.4769003487,77.01663741989363,0.004724471135484243
base,target_sentence_shuffle,target_shuffle,2,100,758.7248519942779,479.31006734659854,0.6317310762745554,590.9313157085675,0.30976261433550184,0.8291594900931885,0.16396865404671498,0.17084050990681154,9.00161596589073,5.044414602062286e-05,1.9997429191844027,1.0299115908565932,0.223642460378609,0.6852046124646801,246065.58224133213,81.06764004882774,0.005613199881927988
base,target_sentence_shuffle,target_shuffle,3,100,770.9722871607829,493.2487176202714,0.6397748996098558,618.7235426147514,0.3190037407838191,0.8247848174301269,0.15093284006028448,0.17521518256987312,14.613915744438234,0.0001667740417186092,2.144517328862311,1.1184355975721494,0.24286520419487523,0.6586025730030092,261446.87673607087,84.74178918098885,0.006025135840492912
base,target_sentence_shuffle,target_shuffle,4,100,599.7096950143548,496.3969158021932,0.8277286826091922,625.4647014069708,0.436702555198717,0.7523440445166938,0.17861819829038855,0.2476559554833062,14.666586875687074,0.0002909398783070838,2.37665797720871,1.2067862136442993,0.26205029671131896,0.6171478582704988,264860.1937517008,87.93035000070124,0.010554202585431494
base,target_sentence_shuffle,target_shuffle,5,100,955.1514478567877,460.98454474356106,0.48262979214232327,601.5849729137308,0.19875642068145113,0.8961104113310671,0.06622917859680087,0.10388958866893294,16.95135504799277,0.00015239464293403948,3.5806827678365765,1.4888454157261963,0.32329867422841996,0.44038223006230626,234665.380681102,208.2626160165863,0.008471015121855663
base,target_sentence_shuffle,target_shuffle,6,100,1088.1139435900898,508.36359576281603,0.4671970235814977,662.8427855492993,0.17298745223694675,0.9097384564254007,0.04616658933652498,0.09026154357459926,25.696399767775166,0.0002777947947628645,3.610305174686266,1.5106702012585962,0.32803786619114156,0.43600449552998305,283969.8639519245,141.21147934647936,0.007433312130719849
base,target_sentence_shuffle,target_shuffle,7,100,1179.3941839799108,687.8114503226175,0.5831904715703878,896.6595130092045,0.21112807087179852,0.8864385945738728,0.05938473227254624,0.11356140542612725,38.13792670838557,0.00044949737391153377,2.9909248832433164,1.3923864236041124,0.3023528702241348,0.5141506332327236,536408.0556691565,174.48571200063367,0.007711670118008551
base,target_sentence_shuffle,target_shuffle,8,100,2087.1779195878585,868.0787425987238,0.41591027504264577,1102.8758765093135,0.07854519901053279,0.9589395873195543,0.014710991214011305,0.04106041268044569,40.11637014325051,0.00015820524087895027,2.0236675901580803,1.1120991477305637,0.24148926159434653,0.6842753815403421,837513.1995009087,171.54133451028352,0.0027408617988786688
base,target_sentence_shuffle,target_shuffle,9,100,3227.371690297522,1047.800465756682,0.3246606112666521,1308.9310119544402,0.03571046216243729,0.9816102457564782,0.004760985206453233,0.01838975424352185,49.896531878162904,8.031272979225346e-05,1.674547882442596,0.9339100605079275,0.20279599293626244,0.7642250514950815,1179754.7735723422,326.76115822148904,0.0012373004346190042
base,target_sentence_shuffle,target_shuffle,10,100,3486.000781805665,1464.8844298108252,0.4202191914174069,1811.0822648075941,0.038938136501734916,0.9790812249052574,0.004166669807746824,0.020918775094742603,48.6007826002727,9.689755240904763e-05,1.334913572886778,0.6278011384893125,0.1363252850892438,0.8629534855247116,2376126.1402892875,386.22152696882625,0.0012891969898106703
base,target_sentence_shuffle,target_shuffle,11,100,6785.678988358092,1825.4657850331296,0.2690174097780053,2305.1585003080218,0.01199984118010833,0.9939092312092381,0.0017182857894654363,0.006090768790761869,69.69168482837485,3.820772229679026e-05,1.2503686148003794,0.5347250250567519,0.11611406385886269,0.8928933680394074,3924579.562029328,523.5159304460714,0.0005219136064531504
base,target_sentence_shuffle,target_shuffle,12,100,7292.732207162527,1834.6646294830293,0.25157438630217643,2360.9747369516926,0.012573564162418411,0.9936554106439875,0.002170339602498892,0.006344589356012453,128.56657469890823,5.114293037400408e-05,1.313658475126602,0.6304506466626284,0.13690061847895812,0.8704671724900258,4027593.064122187,348.44284878589497,0.0006073271928052071
base,target_sentence_shuffle,target_shuffle,13,100,8271.06054722011,1873.8249933845323,0.2265519618296497,2493.693288953838,0.011280276552590182,0.9943343314233843,0.001986131234398034,0.005665668576615657,179.2226707417634,5.389224504592782e-05,1.3485948710214601,0.6861683810963768,0.148999570783322,0.8588186743556268,4374944.800237864,616.677099286246,0.0005771804912938494
base,target_sentence_shuffle,target_shuffle,14,100,14573.550699144067,2250.489815188158,0.15442288990838268,3043.7805620464696,0.004598582927471906,0.99771055425629,0.0008167982050394248,0.002289445743710039,355.6392742366113,2.6930536515590298e-05,1.280354579615448,0.6044910057728616,0.13126355408365026,0.8822813593271596,6847654.017259244,464.2414297357965,0.0002552490468036295
base,target_sentence_shuffle,target_shuffle,15,100,19189.97889566546,2642.9802873302965,0.13772710755441633,3599.6323985143895,0.003063606922967424,0.9984777721700705,0.0005953998321446275,0.0015222278299295011,464.5007301822777,1.9299380204063077e-05,1.23273030271312,0.5366972026102403,0.11654231677326944,0.8996314349672503,9599295.756596098,499.5111549589147,0.00019766129920395503
base,target_sentence_shuffle,target_shuffle,16,100,23509.45529555993,2240.732278374541,0.09531196066451325,3157.244377766978,0.00245466592614703,0.9987829725516155,0.0004946477491608677,0.0012170274483844779,198.54469084675696,1.593435023883316e-05,1.4898490094911976,0.8767576786325636,0.19038551089821346,0.8154533742785592,6551891.049019226,808.849076247306,0.0001660018659490614
base,target_sentence_shuffle,target_shuffle,17,100,26424.763200417645,3243.2993672656676,0.12273712133830615,4428.185376163487,0.002243412398109363,0.9988861788417829,0.00033275878237263163,0.001113821158217121,204.45867513402806,1.5197022190993614e-05,1.2331335382210094,0.5536629539115038,0.12022638285901026,0.8996379694798656,13523395.537116472,1275.5785160268858,0.0001911530785738691
base,target_sentence_shuffle,target_shuffle,18,100,31998.52106564164,3022.0429696940464,0.09444320765621135,4487.121688381535,0.001977137242580375,0.9990192960616642,0.0003941186782660987,0.0009807039383358251,781.752299951485,1.7487294854512392e-05,1.2812509343831209,0.6436497488675266,0.13976676710579028,0.882254942585923,15243049.89453624,631.0886390549749,0.00018255871321959383
base,target_sentence_shuffle,target_shuffle,19,100,36264.686116431854,3670.763249722363,0.10122142620887341,5527.978099766474,0.0018935583491685006,0.9990603902855482,0.00036413803848836323,0.0009396097144518389,578.6260702591544,1.7175766555910243e-05,1.205819663548536,0.5174733900797812,0.11236791892170894,0.9099742180423492,24621854.110176273,685.4169965458983,0.00017831701748916018
base,target_sentence_shuffle,target_shuffle,20,100,39752.04820758433,4385.188643574521,0.11031352700809682,6614.964993931355,0.0017574666434714789,0.9991277470025756,0.000324847287675946,0.0008722529974244386,904.1535054966723,1.742445751407029e-05,1.1565923994287661,0.42792738760259647,0.09292325154554082,0.9294432860242499,35058943.95253261,964.6248572036011,0.0001916704437781025
base,target_sentence_shuffle,target_shuffle,21,100,42806.2241324394,4542.862383857673,0.10612621122111546,6870.825028890706,0.0017612861560773708,0.9991259461347974,0.0003313234156313766,0.000874053865202562,783.5382868837021,1.600305278548486e-05,1.1699407257054761,0.4546522557253827,0.09872648292319991,0.9240524879101104,38167328.15860991,900.3538383891176,0.00017504444771399008
base,target_sentence_shuffle,target_shuffle,22,100,48362.24328567918,6014.923001624376,0.1243722911299586,8623.037368490419,0.00179812467017608,0.9991061720086075,0.00039031018588977557,0.0008938279913924818,792.9279328828272,1.521426434503148e-05,1.128942974568184,0.3708406037487903,0.08052701393688498,0.9408821013926513,60239493.09013404,1153.6284684219372,0.00016705073302203388
base,target_sentence_shuffle,target_shuffle,23,100,54124.87143270595,7456.740179274618,0.13776919892633213,10311.784875539803,0.0021412878838148095,0.998934571527094,0.0004284554870744757,0.001065428472906027,668.1060060788732,2.1054558504651766e-05,1.1373216588622623,0.385931246059556,0.08380390527885562,0.9373434700507345,84100478.47325982,1345.5738045010892,0.0002493134061639646
base,target_sentence_shuffle,target_shuffle,24,100,62600.589955486976,10609.08958230424,0.16947267733176286,13998.090855321228,0.0024241774751463173,0.9987885811249625,0.0005282721949556657,0.0012114188750375066,1820.683528185189,3.927362483679975e-05,1.1005905608832396,0.3141762548093668,0.06822250690436898,0.9530641000086864,146387735.80145586,2874.91520856311,0.00033521672514447154
base,target_sentence_shuffle,target_shuffle,25,100,66440.30233056641,10442.805374476757,0.1571757654340543,13813.461289652345,0.0026918575941591166,0.9986552772535088,0.0005872420739963485,0.0013447227464912226,1317.7513004136065,3.664732262897985e-05,1.127149362982726,0.37245544545151665,0.08087767235720564,0.9416605329738164,144870279.70863423,1692.6493640406932,0.00032005661777712024
base,target_sentence_shuffle,target_shuffle,26,100,66903.66158160153,9885.837886560432,0.14776228464719832,13257.384388222641,0.003287309712821786,0.9983600935927912,0.0006811496617848182,0.001639906407208791,956.0160070566377,4.151626971726774e-05,1.1865728080624052,0.48907210773559096,0.1062006588211799,0.9174541609704746,131944190.01955023,2102.1257912946544,0.0004141025851231994
base,target_sentence_shuffle,target_shuffle,27,100,68914.25671922672,11748.84314027936,0.17048494316853735,15757.362915053043,0.004574594131828375,0.9977114784603495,0.0010147708902010417,0.0022885215396505343,892.0949120264453,4.7368007555004255e-05,1.1947486651274521,0.4968461293186191,0.10788876615903285,0.9142130985482729,187018755.00862542,2421.084128616291,0.0004568218201010943
base,target_sentence_shuffle,target_shuffle,28,100,70266.05241096711,11142.702652699862,0.15857874849051162,14967.412494863875,0.00608279601216775,0.9969654546343407,0.0012208581563027344,0.0030345453656592802,978.7141086147207,6.697424563795185e-05,1.3645898470945241,0.748101920635197,0.16244826801654522,0.8536951633728781,164468791.07222924,2762.6431238042837,0.0005783393131595371
base,target_sentence_shuffle,target_shuffle,29,100,74028.13068630772,11734.23991554026,0.158510552768971,15850.34490525466,0.007333900416695953,0.996343143791958,0.00140389162152137,0.003656856208042014,1090.4614994475353,7.86304020841122e-05,1.4920650686136323,0.894583080470831,0.19425624772624728,0.8146938400635103,176387002.40759423,3009.046391447941,0.0006735167610619763
base,target_sentence_shuffle,target_shuffle,30,100,73158.15841879937,12320.255174563366,0.16840575871299465,16634.432865477982,0.008959169185337854,0.9955267766905096,0.001978348104577112,0.004473223309490404,1153.427573182922,9.564892268654202e-05,1.525047615947247,0.9350598873767237,0.2030456746683936,0.8055750711471701,191802585.88063878,3385.906065367023,0.0007900010814324565
base,target_sentence_shuffle,target_shuffle,31,100,74551.51294554566,12944.418255386814,0.17363052396859804,17487.408966574232,0.009288130040320643,0.9953614462273612,0.002048886293959426,0.004638553772638776,1035.0224642075043,9.572012474956537e-05,1.5158877958424886,0.9254598775849177,0.2009610590289943,0.808278000621534,208943753.20184278,5119.894148911972,0.0007613304050910763
base,target_sentence_shuffle,target_shuffle,32,100,75473.81731896098,13465.942981591174,0.1784187346014653,18165.740872644903,0.011786435626172508,0.9941116065781951,0.003140434787839375,0.005888393421804916,1087.2789378233467,0.00010376892982355557,1.6513179622991025,1.047271195022397,0.22741205052722563,0.7723059070967645,218766360.7239001,5351.467891299596,0.0008243576725508461
base,target_sentence_shuffle,target_shuffle,33,100,76598.26816503696,14347.210328492272,0.18730463066841258,19301.26451744043,0.013966409850157587,0.9930186926531823,0.003994928942768646,0.006981307346817678,1152.459183191618,0.0001108474153129757,1.7324121981660359,1.1061129713679023,0.24018937991334477,0.7525145425522214,241903353.84674138,5821.285690355995,0.0008769990468361355
base,target_sentence_shuffle,target_shuffle,34,100,80144.93996049016,15313.287752326118,0.19106992605990172,20567.487395907887,0.015508112808199654,0.9922475219498488,0.004315414318862926,0.007752478050151224,1244.2532877306178,0.00012037009607979154,1.8412372675096649,1.1817244810278233,0.2566082106201838,0.7277060689557495,268572965.34081614,5872.169568736537,0.0009728953521397354
base,target_sentence_shuffle,target_shuffle,35,100,90122.73462391442,16449.70294809569,0.18252556379631535,22128.7477675674,0.016108798432146507,0.9919545020057463,0.004903043314841921,0.008045497994253692,1383.150813233125,0.00010431690837753305,2.014174808220656,1.2787192591096612,0.27767035906737014,0.691966701371328,304593031.0295461,5663.042290244687,0.0008877698180437266
base,target_sentence_shuffle,target_shuffle,36,100,91736.49320278304,17867.90541006457,0.1947742363616152,24053.19704755768,0.01831360903671477,0.9908451951957332,0.0055502806499477765,0.00915480480426678,1555.674670625818,0.00011825369235995975,2.041087676932328,1.2964904296261497,0.2815293197135065,0.6866530399825651,359175324.12573063,6083.1789456833085,0.0009853939081984064
base,target_sentence_shuffle,target_shuffle,37,100,101708.18454641366,21063.80114207675,0.20710035515838418,28347.616630346245,0.018002195317314743,0.9909902918295382,0.005690011013734071,0.009009708170461761,1967.6535481584292,0.00010733624627279337,1.8137829119014384,1.1422158071463266,0.24802901109315925,0.7325595217952297,511511760.7068828,5911.149527006223,0.0008995789783362573
base,target_sentence_shuffle,target_shuffle,38,100,108655.80482793695,22432.803451411244,0.20645747815254736,30303.11191122568,0.01865477623991164,0.9906610877907748,0.0065078490492006405,0.009338912209225225,2122.5880922679535,9.9411695606344e-05,1.8300074581805104,1.1445513550918238,0.2485361688856342,0.7287304511040785,586428771.530366,6052.424310489593,0.0008256888711873911
base,target_sentence_shuffle,target_shuffle,39,100,116313.8348884082,23961.728851925778,0.2060092754650788,32349.584680997603,0.019646501662224043,0.9901630004825912,0.007271525226725458,0.009836999517408795,2452.880800926622,9.330818424291287e-05,1.882192546427708,1.1744107748692534,0.2550200595067194,0.7173733210361416,665763471.9992033,5759.656913112571,0.0007903312685257902
base,target_sentence_shuffle,target_shuffle,40,100,127058.24630367919,26035.86427318182,0.20491282565756544,35110.53820245781,0.02082335797621388,0.9895738013275264,0.007746915193868699,0.01042619867247363,2751.68211616534,8.791878087610616e-05,1.9878287141266366,1.2251492330290414,0.2660377757062569,0.6945358686573408,775371873.2419564,5671.036940839995,0.0007537803592394532
base,target_sentence_shuffle,target_shuffle,41,100,143482.75233594328,26161.262152867446,0.18233036185154008,35642.719664124386,0.018836619874875022,0.9905968987359285,0.006129309661915781,0.009403101264071512,3211.555299887936,7.860790686908814e-05,2.3978042918829137,1.4000949527109758,0.30402675605148555,0.6180611782254785,776207090.1034844,5609.777766235267,0.0006959879343232389
base,target_sentence_shuffle,target_shuffle,42,100,157374.94410916284,30195.43839823717,0.19186941459557982,41083.346264654145,0.019483161729225842,0.9902628546188756,0.007145846265843122,0.009737145381124357,3993.9393612272397,7.82111180569478e-05,2.166725284555374,1.3125504400482346,0.2850167066663166,0.6595723364532158,1042107911.3389019,5818.5305811394555,0.0006757895143760795
base,target_sentence_shuffle,target_shuffle,43,100,162985.25036562476,31232.245512511974,0.19162620815349052,42597.57812632763,0.02110724915174965,0.9894494358735301,0.007643889284822119,0.01055056412646993,4159.793063127856,8.457687417795512e-05,2.3316962189291015,1.378915186065071,0.29942762816032803,0.6296463909098853,1114982969.3057942,6238.974837333881,0.0007322872906153632
base,target_sentence_shuffle,target_shuffle,44,100,175041.66322919726,34796.09892650017,0.19878752455030443,47188.400922014196,0.02196061330539474,0.989007910098194,0.008898122659107817,0.010992089901806001,4308.690021033261,8.371422196651324e-05,2.141081122418477,1.2956841395418384,0.2813542360462916,0.6641960229172852,1392273060.2082467,6669.865955512059,0.0007247378608284949
base,target_sentence_shuffle,target_shuffle,45,100,186925.04693567884,36130.5256693306,0.19328884096395688,48824.62542913764,0.02293645675279252,0.9885191983618689,0.009332625202668999,0.011480801638131144,4240.687150579247,9.269029135827722e-05,2.262809182926389,1.3756846497334423,0.29872612610912086,0.644468661696888,1478455608.4415054,7320.832934940205,0.0007666401770745068
base,target_sentence_shuffle,target_shuffle,46,100,195669.84358283627,36017.954439763766,0.1840751430074899,48258.16581837419,0.022412102369779786,0.9887999723507233,0.008277244883464005,0.011200027649276745,4397.569653044118,0.00010094001761096205,2.517847412746773,1.5098538124258207,0.3278605896085607,0.6068380386556036,1396294774.9658706,8362.840410641953,0.000908247308146537
base,target_sentence_shuffle,target_shuffle,47,100,215845.47859322478,37573.08216176793,0.17407398295600585,50211.86282375446,0.01998165615267252,0.9900308836710026,0.006713491609034834,0.00996911632899744,4650.909750141402,9.846764178589318e-05,2.719745332050573,1.5955258494197742,0.3464640360685033,0.580401830348051,1479606761.521482,9157.819057695591,0.0008801640482486439
base,target_sentence_shuffle,target_shuffle,48,100,114.91927722079335,87.24357328826885,0.7591726592627955,120.75843913217085,0.37420128589970175,0.7923037520831834,0.13790393520830965,0.20769624791681662,7.947613114371661,0.0023730594229510737,4.638269409525087,1.9202358068754242,0.4169739074395175,0.33384677101364174,8686.881922522216,23.241838377767365,0.01922573088134516
base,control,control,0,100,33.10863497389326,47.64500221765639,1.4390506360417417,59.545789678247665,0.7007105578539526,0.5534406448713828,0.35116718606662145,0.4465593551286172,0.0,6.072919944699606e-14,3.666559421080565,1.4604499442481123,0.3171326759414334,0.44082950208445315,2507.8359013969734,0.0,6.072919944699606e-14
base,control,control,1,100,780.3269188726541,508.44222043980363,0.6515759076648981,622.6403083377475,0.3191154879110267,0.8220412860400879,0.17853913224230025,0.17795871395991214,8.725271833874503,4.641964326002057e-05,1.817664668929496,0.941957040952857,0.20454337253787058,0.7260482746274141,274723.29748363415,70.66814400202207,0.00404077057981389
base,control,control,2,100,775.2741112946873,479.92223547660745,0.6190355494718499,592.2903913898754,0.30187297845416755,0.8341824577529049,0.15690544207393392,0.1658175422470951,17.66443475818612,0.00014603039535565632,2.0523805976511813,1.054307752342496,0.22894001953508308,0.6744775900401954,246869.30903584353,76.68015939414401,0.00487581379012314
base,control,control,3,100,781.9535381868823,494.4472939046845,0.6323231109755704,622.2376348036121,0.3146732535276678,0.8277297164312611,0.1456593379136861,0.17227028356873886,25.340966310076446,0.00048726179963298755,2.23360689281679,1.1551137376333112,0.2508297611123938,0.6423266272505855,263105.7540206929,86.96797026396239,0.006187719963289151
base,control,control,4,100,605.7864516590282,498.5347359020644,0.8229545816628264,631.2793277180539,0.43296449561952577,0.7550724317951911,0.17267083775883738,0.24492756820480888,25.030658794930854,0.0008389646716937538,2.459647990572545,1.2364542275942672,0.2684926240850688,0.6036033757883412,267566.45362626517,89.49251495226345,0.010892341045035336
base,control,control,5,100,940.6609258478812,467.7898098441884,0.49729907662799683,610.6439003387801,0.20419871536375464,0.8929856295233444,0.0634390593751243,0.10701437047665563,38.11107721622854,0.0006379502335197573,3.648525790190771,1.4966622241211336,0.3249960726044281,0.4313769057149701,241304.55883085908,223.81355888649145,0.009505796859512139
base,control,control,6,100,1090.0570861579736,507.01104461731376,0.4651233876239727,661.4322807867976,0.17416069309813156,0.9092019566828375,0.04807676853764934,0.09079804331716246,41.591751792762786,0.0007242381053907954,3.6726576286385217,1.5183717757099855,0.3297102418342443,0.4276059302193332,282916.22214257997,136.7963477077997,0.006984510373479247
base,control,control,7,100,1195.3727568141378,699.5134227839335,0.5851843442109637,911.484404542438,0.21388240977105935,0.8848546995225915,0.06928351891278123,0.11514530047740845,61.66616181724479,0.0010250490632865983,2.8373783413426694,1.34108062009278,0.2912119565468428,0.5349275491943133,560445.8519544654,162.11453890420321,0.00705800766762843
base,control,control,8,100,2072.677716372111,873.6082953978887,0.4214877636292627,1103.6534613291892,0.07975599113873824,0.9581922078798598,0.014219777129674838,0.041807792120140186,60.28574300699748,0.0004230821984837485,1.9674951450898106,1.0832272840604835,0.23521981605725711,0.6959654116674853,843573.8429294734,172.4904086396946,0.002549254391092326
base,control,control,9,100,3294.9960570232593,1009.023553230415,0.3062290624232125,1262.4215652325481,0.03398389705850152,0.9825898617109636,0.004525262424176177,0.01741013828903637,76.92502868524495,0.00020379824856386897,1.7294912230965411,0.9686927669606421,0.21034896167529973,0.7505965774441917,1094150.131497775,266.7318869574659,0.0011148208935133352
base,control,control,10,100,3526.7906647554755,1359.2845577234848,0.38541685258139025,1693.688718861384,0.0364591248430406,0.9807810121533668,0.003582605471639898,0.01921898784663323,91.6635801919396,0.000281362690638276,1.3880372457617514,0.6837778406911744,0.14848047152994892,0.8454079759526089,2076243.5045786162,347.071716651355,0.0011730025394076637
base,control,control,11,100,6909.368535315274,1757.8907717652576,0.25442133572414005,2212.6584099528923,0.011414229029967879,0.9942352035545566,0.0020275794804941434,0.005764796445443365,188.50669130756057,0.00010469475833874142,1.2663650940277609,0.5504520939630664,0.119529153480125,0.8869848445695458,3685921.888520747,406.182977123776,0.0004362702128158924
base,control,control,12,100,7052.653036063039,1897.8057575451946,0.26909104245465554,2422.501286886684,0.013029558145112304,0.9934052814766701,0.0023660973019092152,0.006594718523329934,181.3056094448558,0.00014607607172856252,1.2696796560589247,0.5577213658545479,0.12110765581508741,0.8858124189072549,4368607.266755958,525.7459484201712,0.00048688246955930214
base,control,control,13,100,8064.546622189132,1772.5712933391933,0.2197980092844979,2342.2733894130815,0.011538014749191416,0.9942138106264415,0.0023112071374331105,0.005786189373558459,142.8878209634192,0.00013785598407778377,1.3779700317131003,0.7011189400441854,0.15224604340952327,0.8489540284023448,3979402.8758891285,794.4089374554899,0.00047512545623429325
base,control,control,14,100,14026.393339607956,2153.955210480529,0.1535644380083193,2951.0452850920005,0.004787105099982783,0.9976162469578728,0.0009800981262511096,0.0023837530421272346,258.5246376175092,5.945765130010994e-05,1.2816528637519802,0.5868695466355406,0.1274371028504392,0.8816295000846365,6558166.252928055,917.6851469040121,0.0002010090064408221
base,control,control,15,100,18425.436821327196,2405.765974466842,0.13056764937492285,3375.4952578032407,0.0031540801480706418,0.9984326102513741,0.0007080016802164538,0.0015673897486259136,357.80689222894785,4.149165905042995e-05,1.2524174084033894,0.5478973134478033,0.11897438993999865,0.8921937795384677,8465110.493080217,1132.4430359779021,0.00015189806462390099
base,control,control,16,100,23152.54729775592,2154.3806154604013,0.09305155876602902,3084.1567344433684,0.0024517991150882885,0.9987838815871756,0.0005871971094693037,0.0012161184128244296,283.6289786071963,3.403880223240563e-05,1.440347735970018,0.7886987297217429,0.17126375310112857,0.829553809676298,6720665.714033417,1104.5144047966835,0.00012513723937379595
base,control,control,17,100,26287.012707127997,3194.480868962326,0.12152316067835693,4521.778722910747,0.0022089657691254346,0.9989027169539894,0.00037858731760244966,0.0010972830460106442,213.67718141773022,3.3017910620047886e-05,1.207388647951723,0.49221261530166177,0.1068826113743399,0.9092655641337276,14493372.150326548,1373.6080227145783,0.00013755091937683872
base,control,control,18,100,30809.890323797274,3013.3137482883467,0.09780345585848746,4526.8007127265355,0.0020257811107563927,0.9989944206146274,0.0004250313433249732,0.0010055793853726014,524.4253301827737,4.70100281100283e-05,1.239026107466453,0.549848155970337,0.11939801001129793,0.8973438800653472,16323795.609448735,1160.1039638080558,0.0001490351276108859
base,control,control,19,100,35325.91772099751,3443.0649831588316,0.09746569106433418,5222.305770980275,0.0018957456446299856,0.999058763852694,0.0003831358443882441,0.0009412361473060127,517.295750131039,4.263624710976188e-05,1.2017674570086216,0.4894398929339663,0.10628052236226995,0.9114438913623214,23489067.03893952,1081.739406670587,0.0001381098527439839
base,control,control,20,100,38210.112600034445,4264.620961093602,0.11160974597833971,6429.283595094607,0.001830978822205785,0.9990900771009305,0.00038209217524294553,0.0009099228990695485,745.7411669995533,3.6958852649759955e-05,1.1462610333209071,0.38860278719346714,0.0843840230651732,0.9336181357507818,34866120.75666088,1150.7904822242308,0.00013168665757035125
base,control,control,21,100,41751.545112695065,4377.807866797408,0.10485379295498892,6710.519087578359,0.0017835657834469,0.9991137592168673,0.00039591360598954995,0.0008862407831327079,453.1956180385612,3.132451224474586e-05,1.1485348107098128,0.3920247877563865,0.08512710104594606,0.9326713729148939,40194337.344704896,900.6828448477081,0.0001149684110299809
base,control,control,22,100,47812.43571800608,6592.312573103176,0.13787861827379194,9156.564105456548,0.00182282633627503,0.9990921009042179,0.0004883225376822299,0.0009078990957821498,416.346189894573,2.949291425247136e-05,1.099859896176519,0.2904818258882402,0.06307732703822193,0.9533196755782629,72001573.05702393,736.5075928850314,0.00011039456364436706
base,control,control,23,100,53441.69607354194,7947.570786034676,0.14871479331602613,10762.558742886746,0.0021727343816304256,0.9989172756562442,0.0005078658269426479,0.001082724343755781,473.40448446401314,3.68934178825997e-05,1.1140696358344415,0.31920983789150104,0.06931553558275522,0.9471321213784298,95824253.00022312,964.4708527406567,0.00016154745303664786
base,control,control,24,100,59878.597117561076,10555.375936284276,0.1762796131572798,13771.185074065908,0.0025045084555083345,0.998745982826566,0.0006517426104514762,0.0012540171734339856,1195.539697284303,6.286567276403421e-05,1.088044069686727,0.2657213833205987,0.05770066524991739,0.9585395337534448,150833151.2557155,1135.9678645722454,0.00016419109952803268
base,control,control,25,100,65103.35816734148,11169.009567394598,0.17155811745817795,14520.31508419035,0.002736312355888851,0.9986285725969785,0.0007115162178489984,0.0013714274030215412,707.4954063882401,5.641316628213211e-05,1.0978197057776353,0.28634254240203105,0.062178493049674995,0.9542151163790548,170818248.33679122,1928.7298717058516,0.00016414503160655514
base,control,control,26,100,66892.69441536441,10929.288117638296,0.16338537732945582,14267.763841628788,0.003247551571440816,0.9983742092685354,0.0008076632979048252,0.001625790731464627,1058.7246887721494,6.671839051886064e-05,1.1331144634731927,0.35971138389224083,0.07811033455109122,0.9390615822387035,165308972.5989803,1585.665439592144,0.0002019591313403568
base,control,control,27,100,69373.65188172752,12794.169971005882,0.18442405184057734,16718.433663117055,0.004568378210007126,0.9977063545778476,0.001171924967128864,0.0022936454221523794,1346.1044105737824,7.46640839217605e-05,1.1510783921757841,0.39192243500222373,0.08510487542777581,0.9315887599074445,221279871.57487884,1614.059432612918,0.00021097219238119802
base,control,control,28,100,70979.66031424327,11881.417377700895,0.1673918602188166,15609.852922661352,0.006013675517101394,0.9969925132472455,0.0013893926456800922,0.003007486752754529,1603.7009237474547,9.87152328121299e-05,1.2865316185871576,0.606860177141914,0.13177801310978157,0.8798864087946341,190552248.060431,1705.5738360994296,0.0002468002886675258
base,control,control,29,100,74685.94679542581,12267.461860085996,0.16425395119764785,16273.364996154965,0.007469186854369694,0.9962684087687763,0.0016233704011504452,0.0037315912312236854,1681.1801830771662,0.00011842280618712397,1.4147673775952632,0.7711636261055699,0.16745605373107572,0.8375204570164672,194951275.97901928,1868.119734430752,0.00027979440752323725
base,control,control,30,100,73857.16474957859,12845.535037087562,0.17392402051502873,17023.39437986435,0.009176713319108167,0.9954088623228385,0.0022726225550974643,0.004591137677161461,1769.285968759182,0.00014393295235770598,1.4487617851772159,0.8120350974738317,0.17633118097232717,0.8273075513529795,208574443.79904568,2103.547347411022,0.0003136703642010463
base,control,control,31,100,76539.98184438203,13742.424798417445,0.1795457023540714,18190.358423483613,0.00937605036491174,0.9953080661259516,0.002339403992841358,0.004691933874048426,2445.532273410595,0.00014472553162203639,1.4297901326979108,0.7945098336002008,0.172525618275219,0.8332399147908965,232201712.77217034,2854.879126605334,0.0002862449951653856
base,control,control,32,100,77516.25856210756,14105.371163289594,0.18196661481008003,18631.13655846823,0.011799031942778792,0.9940971456762792,0.003457942274306744,0.005902854323720841,2460.6051510154603,0.00016039236477582985,1.5578368371170441,0.920747591251072,0.19993779905302567,0.7964079284868012,236012429.8840524,3002.6760564828696,0.0003075235973960533
base,control,control,33,100,78975.09168808754,14890.885256387344,0.18855166784989574,19605.840104105573,0.01395351337471274,0.9930178278983738,0.004397528546404059,0.006982172101626216,2649.0965591509726,0.00017250812298064133,1.645454397843582,0.9912604056864364,0.21524946215939902,0.7733723446710852,256556118.61922103,3136.64260864043,0.00031199944150539505
base,control,control,34,100,82236.32214273802,15730.63660263185,0.19128575053889327,20723.95926156833,0.01565762971377525,0.9921653066570919,0.004791757816527209,0.007834693342908094,2666.6066609159698,0.00019052323762580592,1.7578614133474266,1.076503303162813,0.23375972215711655,0.7461518887666622,279432314.3034202,3308.668591156682,0.00032975304644433656
base,control,control,35,100,91569.09699247715,16514.812354825215,0.18035355701041791,21832.290156481853,0.015995899140828593,0.992007569161505,0.0050299277473188,0.00799243083849499,2532.6507551150867,0.00016537160459406675,1.9572294171746223,1.1959214974164292,0.2596910535587146,0.7027909045982523,302840663.4879325,3547.2507176148383,0.00031431091474964923
base,control,control,36,100,92757.58011586237,17877.310265082888,0.19273152924809547,23700.496509505763,0.01824622961437627,0.9908728316778947,0.005914897939810025,0.00912716832210525,2451.6706084541574,0.00018719906942699094,1.970890793592509,1.2004656232596584,0.2606777979481088,0.6995753232153434,357685449.69969463,4210.278719649963,0.0003425037914916995
base,control,control,37,100,101877.73363526352,20813.337590748968,0.20429721832312855,27624.70931654665,0.018283651429783682,0.9908437536871456,0.006180670222725062,0.009156246312854388,2384.045525550129,0.00017284038832765525,1.8081429219332448,1.089585464928474,0.23660047749021265,0.7331692542360032,494785854.5201779,4615.598179776449,0.00032549139625193124
base,control,control,38,100,108445.84487974655,22123.068614022188,0.2040010720424929,29506.729834450267,0.019059414297098443,0.9904533333550454,0.007128800539889563,0.009546666644954627,2330.5581950030883,0.00016428170924975838,1.8286914470107727,1.0954161938477327,0.23786660418776656,0.7282470350789343,566379389.0703161,5033.381268096139,0.00029376609775566553
base,control,control,39,100,115416.0131452066,23636.965257821154,0.20479797052150067,31531.34321107944,0.020319890443960167,0.989821182669607,0.007994280645928978,0.010178817330393053,2267.3329527836736,0.00015812962089367666,1.8886907949668776,1.128700492806413,0.24509419787365305,0.7150828256554679,642948780.8002563,5077.130603419966,0.00028218956804682005
base,control,control,40,100,125595.99376646952,25632.776053823138,0.20408912167600002,34127.903528473675,0.02153871601380194,0.9892101147623947,0.008448014021012546,0.010789885237605268,2300.036111824062,0.00015192069691971621,1.9868192568812133,1.173711308395042,0.2548681722917063,0.6936657069772795,746335006.107869,5092.862892470859,0.00026352250735683924
base,control,control,41,100,141176.96112111863,25386.19483379976,0.1798182552748137,34176.43176500951,0.01948903319134195,0.9902688072937111,0.006722537802302668,0.00973119270628886,2344.7142625989586,0.0001349101312083656,2.4420996804561805,1.3577565105103644,0.2948330801414329,0.6087613596877988,726813351.1277149,5021.499667821313,0.00024694540993630554
base,control,control,42,100,153656.35612353857,28616.80200503653,0.18623897329719855,38556.85023654999,0.019999418328907188,0.990003196575789,0.007723753080234044,0.009996803424211054,2508.0604899310183,0.0001318842571932377,2.230523677050651,1.278378552895607,0.2775963756530132,0.645891809711935,940935994.1951275,5389.597669930995,0.00022840202753771077
base,control,control,43,100,159069.68162564712,29464.263249813393,0.1852286554464494,39884.902104960165,0.021713335345086907,0.9891455443643571,0.008259605209222035,0.010854455635642912,2682.3453284453517,0.0001398355113433336,2.422786847449631,1.3483491050119654,0.2927902879929424,0.6117672728218593,1002190001.9469867,5337.545469492857,0.0002438326727114415
base,control,control,44,100,170908.01052181778,32643.485741128734,0.19100032609040013,44024.75448451974,0.02241305082610252,0.9887819531396747,0.009390459909096625,0.011218046860325348,2877.0852527051134,0.00013780582358358107,2.229145803952222,1.2746115552735195,0.2767783825127056,0.6460540485044741,1242766966.2423036,5705.198005481074,0.00023331995883746348
base,control,control,45,100,182817.0387471154,34182.39880345897,0.18697600091172203,45965.51011438764,0.023122276307879174,0.988427074333499,0.009660044173687692,0.011572925666501033,3257.9741406474577,0.00015091573588776885,2.3070496447847733,1.3258761221215227,0.28791034176232966,0.6347133382166916,1343177463.5753644,5831.400284514049,0.00024343986651287342
base,control,control,46,100,191109.07432214558,33892.47845313603,0.1773462540873633,45237.87123080319,0.022476128401308092,0.9887703245241677,0.008596253475764072,0.011229675475832313,3639.121703099858,0.00016273955978729493,2.5746944075907683,1.4492624232451057,0.3147033366225422,0.5954666509766796,1253053611.3250759,6443.258077873276,0.00037022963225064043
base,control,control,47,100,210401.61166043626,34529.70287797385,0.1641133002997181,46010.81955904389,0.019772007075434212,0.9901414334072101,0.006738384266144427,0.009858566592789941,4242.162843282099,0.00016132108354582897,2.93201745502276,1.5710739385249333,0.34115437108169355,0.5490708896397049,1256934587.4146419,6870.181856059693,0.00035654831253295605
base,control,control,48,100,118.80352529316036,86.27694449586542,0.7262153566821115,118.27719729152682,0.35822100787222894,0.802465616434387,0.13770651621737356,0.19753438356561304,10.887009368719882,0.0038990488266996692,4.380340210566339,1.7757958712747437,0.3856091739405992,0.3413190630074789,8535.676656557474,14.802404844068255,0.0077613674838844515
base,question_only,question_only,0,10,33.10863497389326,47.6450022176564,1.4390506360417419,65.50036864607243,0.7707816136393445,0.5534406448713828,0.3511671860666215,0.4465593551286172,0.0,6.072919944699606e-14,3.6665594210805623,1.4604499442481123,0.6342653518828668,0.44082950208445343,2758.6194915366705,0.0,6.072919944699606e-14
base,question_only,question_only,1,10,786.2840502248341,498.0393939617974,0.6334089999910144,669.154345529506,0.3373306810368823,0.8300636553233856,0.16857714300944426,0.16993634467661445,73.32185371931601,0.004317279612672031,1.8668498367540445,0.9646297128473238,0.41893336136951104,0.7147042157044434,290470.41543075925,0.0,2.4424906541753444e-15
base,question_only,question_only,2,10,765.7563631914829,463.6145160468506,0.6054334489818922,630.6165644672346,0.3242145441930499,0.8389902783288565,0.15055362105951386,0.16100972167114347,77.64310860958477,0.005151274513225834,2.155345939813,1.0930565291161267,0.4747084190034549,0.6540012785209139,254723.89032646295,0.0,2.55351295663786e-15
base,question_only,question_only,3,10,772.6586006197099,484.59608383272354,0.62718008114328,668.1029278665873,0.3443469057346444,0.8288513971321156,0.14726014529881767,0.17114860286788436,82.68822206689657,0.005707204713585989,2.2746015867883673,1.1624002952367913,0.5048240339840492,0.6346223076809022,278750.5610000295,0.0,2.55351295663786e-15
base,question_only,question_only,4,10,606.8016492035167,496.72824414178956,0.8186006824368234,691.3687782419112,0.4787949179225955,0.7536286005909357,0.1866271638732961,0.24637139940906427,85.43107467579715,0.009958424868703464,2.4741191402983076,1.2377748106885125,0.5375587701208631,0.6016368591830733,294176.966429746,0.0,3.4416913763379853e-15
base,question_only,question_only,5,10,1114.3395339904305,459.20052025324895,0.4120831274906487,657.3577780680837,0.17163196530992464,0.9194897272670415,0.05384586139970783,0.08051027273295852,203.77400092620957,0.00800835609548789,3.5545012337120747,1.4839809110522164,0.6444847209197379,0.449827055333736,255920.24594960123,0.0,1.6653345369377348e-15
base,question_only,question_only,6,10,1129.057671445366,511.6399203934692,0.4531565865351162,733.3724411933624,0.1882829155325287,0.9110066819895641,0.05513013292210843,0.08899331801043586,136.45458953243914,0.006842644090072403,3.7889325657374577,1.4972104480250037,0.6502302358251545,0.39108823091530825,321668.06618102104,0.0,1.7763568394002505e-15
base,question_only,question_only,7,10,1265.5596281246014,673.4982285654936,0.5321742362811714,975.2046893607961,0.22079882897909558,0.8937404085771379,0.07328457351736409,0.10625959142286212,176.95554757802063,0.007163106473384806,3.2345649626549413,1.4008500100966075,0.6083814293590711,0.46525874150741964,579952.1032532759,0.0,1.4432899320127035e-15
base,question_only,question_only,8,10,2156.1503520908127,855.4006093014711,0.39672586305124374,1198.8950030713763,0.08520973124942548,0.9599186526398732,0.01854945988776978,0.04008134736012681,170.54701307807198,0.002456525656778452,2.1135407906793335,1.116530295447533,0.4849029461906709,0.6649073473943965,918212.2146389453,0.0,9.992007221626409e-16
base,question_only,question_only,9,10,3508.0072303797533,979.3184916248358,0.2791666115006328,1349.4374834329876,0.034215639122509627,0.9841831067107034,0.004681993686176757,0.015816893289296585,296.864022552027,0.0010710202152276471,1.8625727677118131,1.0214393605311902,0.44360547787748206,0.7195482118814943,1133264.5080802678,0.0,4.440892098500626e-16
base,question_only,question_only,10,10,3824.8054926150626,1270.5823508429032,0.33219528504028356,1737.7813298990511,0.03468362118925446,0.9837040499868189,0.0032878634553880595,0.01629595001318107,377.89993914171254,0.0011089871395937312,1.5106667617805785,0.7812549877778336,0.33929473015130557,0.8080327416493476,1962404.8907071443,0.0,5.551115123125783e-16
base,question_only,question_only,11,10,7257.550943155634,1688.1481797090933,0.23260576369789482,2333.965209737518,0.012021331830591316,0.9945014496456505,0.0018897376535707401,0.005498550354349541,549.2609872079754,0.0004378937899266466,1.3144878215707059,0.5982714284246414,0.259825980045198,0.8699503442861506,3775329.391353329,0.0,1.1102230246251565e-16
base,question_only,question_only,12,10,7526.697607996518,1749.9850931640729,0.23250370671260295,2474.6880719167557,0.013373733897160503,0.9938871732123079,0.0022107666857317837,0.006112826787692094,409.47498872997784,0.00048351136953916907,1.3632976731568556,0.6584718605504887,0.28597069552564475,0.8536052902668163,4075522.3473457387,0.0,4.440892098500626e-16
base,question_only,question_only,13,10,8815.233907769378,1710.1321187670947,0.19399736146080657,2487.859191123145,0.011319121967675254,0.9948568730448579,0.0020852886671950017,0.005143126955142074,747.6317241118377,0.00046311457477687945,1.4694772997598806,0.7747045308576896,0.33644990285694204,0.8206536993153764,3978284.536619391,0.0,3.3306690738754696e-16
base,question_only,question_only,14,10,14897.107577132252,2038.2304808599688,0.1368205519297415,3163.971867766354,0.0051337102095073694,0.9976783414285071,0.0010453072382394296,0.0023216585714929128,722.1512016820932,0.00019280765378637543,1.3492602134669394,0.6533394514094882,0.28374171855683844,0.8583943690443862,6736374.001609026,0.0,1.1102230246251565e-16
base,question_only,question_only,15,10,19508.592577715608,2203.265308329027,0.11293819887580132,3374.3633303696993,0.0033522741120776307,0.998487186533454,0.0006669838674029539,0.0015128134665459703,836.4170761459175,0.00015028092519064895,1.3830603676419486,0.6951364703958253,0.30189393326261005,0.8474452117815362,7277980.985527588,0.0,0.0
base,question_only,question_only,16,10,24191.66887185409,2240.059494460142,0.09259631926701634,3452.1595702881523,0.0026685624097845225,0.9987963146227956,0.0005743854304768349,0.0012036853772043887,912.98544988738,0.0001275883483600193,1.4207764018547764,0.7415166551963147,0.3220365915911157,0.8356996639486154,8024076.421101964,0.0,0.0
base,question_only,question_only,17,10,27585.976947049883,2849.16100789175,0.103282947468585,4476.420250301332,0.0024020955901971706,0.998915869928398,0.0004481099075500743,0.0010841300716020186,1387.1760473261056,0.00015244459260421728,1.2647967869667722,0.5575415291016359,0.24213720952074175,0.8878394687886838,14138092.01264562,0.0,1.1102230246251565e-16
base,question_only,question_only,18,10,31836.278343364782,3207.0818455006665,0.10073670706453905,5070.533315746227,0.0022573808001456856,0.9989798546475281,0.0005029881450299159,0.0010201453524718573,794.9460450603343,0.00013862862821889532,1.1984775957223752,0.4598265140450853,0.19970011768258863,0.9126999317365481,21875375.250438217,0.0,0.0
base,question_only,question_only,19,10,36229.600212472746,3786.633714058998,0.10451767868957537,5898.64822107067,0.0021953814192234434,0.9990071108358054,0.0004960339499608662,0.0009928891641945992,773.3280094423845,0.0001330069030478498,1.163316386559172,0.3998847974047607,0.17366776090988734,0.9266246542700575,32925670.217421472,0.0,-2.220446049250313e-16
base,question_only,question_only,20,10,39174.521742029676,4281.0252694566025,0.1092808560024758,6909.977261274004,0.0020320557937887414,0.9990813514563447,0.0004121241234854382,0.0009186485436553093,715.4192663486373,0.00013919906333526022,1.144478980781168,0.3645590477624734,0.1583259827711462,0.9343221197525291,40795749.17103136,0.0,0.0
base,question_only,question_only,21,10,42387.392106331274,4715.813070037814,0.11125508873506346,7471.688779307786,0.0020319001610454956,0.9990805831148274,0.00044394253143986777,0.0009194168851726081,746.158897713379,0.0001261494588691292,1.1316849940749458,0.34033352699324354,0.14780497277983706,0.9396623784634922,50994521.79024859,0.0,0.0
base,question_only,question_only,22,10,47612.88719855868,6760.0070020210915,0.14197851463680464,10132.278390458821,0.0020808658845950624,0.9990554443154764,0.0005160793967777535,0.0009445556845235625,736.8592836429737,0.00011974838457440296,1.0899759855118603,0.2542475153012337,0.11041829293293837,0.9576613359732253,87948355.23273523,0.0,0.0
base,question_only,question_only,23,10,53519.7500828808,8407.877547633161,0.15709859509083476,12011.618439760245,0.0025016028828737965,0.9988637583797356,0.0005521494254594845,0.0011362416202643777,1020.7314365841713,0.00018152890805156474,1.103245400000141,0.2807359011089352,0.12192205272374754,0.9518052789466733,115895679.47359826,0.0,0.0
base,question_only,question_only,24,10,60205.10303047505,11269.3640948034,0.1871828720083577,15725.00371864964,0.002805640893432488,0.9987183370968017,0.0006929449016879245,0.0012816629031983107,1393.2081998876317,0.00020560865950813856,1.0762424859823083,0.22371177084236368,0.09715678761364333,0.9638044497831593,184074063.9876598,0.0,-2.220446049250313e-16
base,question_only,question_only,25,10,66618.67079261961,12549.070679775741,0.18837167614527064,17638.101489269357,0.002984157448364575,0.9986341601721067,0.0007692777306625169,0.0013658398278932893,1901.7296036064533,0.0002002761742243564,1.074433202013654,0.21891410083989313,0.0950731860055776,0.9646174913191494,230009053.41266206,0.0,2.220446049250313e-16
base,question_only,question_only,26,10,67720.09598733514,11906.621492660404,0.17582109592530928,16915.261850151113,0.003628748090825663,0.9983430802557303,0.0009059926831772376,0.0016569197442697359,2187.0787843869816,0.0002637250906248889,1.1077753749393253,0.2907772244584848,0.12628294404546322,0.9498476038164279,210280711.71935427,0.0,2.220446049250313e-16
base,question_only,question_only,27,10,70117.11148720136,13835.780826518112,0.19732388475591425,19540.77786778358,0.005082665393036079,0.9976718967108191,0.0012880526201441247,0.0023281032891808717,2432.4773511060157,0.0002815437680638855,1.1240173291001287,0.3231294038864496,0.14033331704857224,0.9428745177585991,274720408.0035289,0.0,0.0
base,question_only,question_only,28,10,71612.12243930287,12742.157150491415,0.17793296325341337,18185.09532850616,0.006735974985927788,0.9969288507581945,0.0015707557569499334,0.0030711492418055153,2647.246510437078,0.0003420660824933197,1.2326550942022052,0.5040388956763856,0.21890131105686306,0.8994629482428259,236144101.90747562,0.0,0.0
base,question_only,question_only,29,10,75272.44356326306,13188.404570188743,0.1752089336531833,18934.38625767071,0.00836396891684212,0.9961908667678138,0.001889656805501221,0.003809133232186235,2767.5667315966452,0.0003923839048843858,1.3253874615754224,0.6318941915402198,0.27442816053263386,0.8664442679904923,245366197.03503534,0.0,-2.220446049250313e-16
base,question_only,question_only,30,10,74835.68615013314,13971.30558106933,0.1866930912217536,20037.285083959232,0.010229037902173539,0.9953331163300201,0.0025590813075644352,0.0046668836699799154,3142.101991815688,0.00044756221645259053,1.3416527535205374,0.6534271122386066,0.2837797891712036,0.8610578740178494,268578506.5771363,0.0,-2.220446049250313e-16
base,question_only,question_only,31,10,78708.26838644734,15341.636160933209,0.194917719261816,21889.540799303788,0.010208133230745216,0.9953390183992223,0.0025596672965011954,0.004660981600777658,4796.687163083864,0.0004223874773787717,1.3067034396270036,0.611390357360615,0.26552345849057224,0.8730068914196923,317686039.80434966,0.0,-2.220446049250313e-16
base,question_only,question_only,32,10,79799.13988800583,15803.85476915958,0.19804542744871076,22456.690783104885,0.01282163619424907,0.9941482790983622,0.0037038012015683623,0.005851720901637769,4919.088721043998,0.0004545899004809728,1.3850717882854122,0.7040388214249613,0.30576017519052956,0.846985548161904,326240746.3727793,0.0,0.0
base,question_only,question_only,33,10,81389.14220413001,17028.755701820275,0.2092263813164524,24081.39269038166,0.015224530271545998,0.9930439673975211,0.00477668481052837,0.006956032602478901,5236.1695447295815,0.0004760175505342801,1.4079733975268072,0.7262321666554621,0.3153986225591099,0.8397182885749027,372738807.57123923,0.0,0.0
base,question_only,question_only,34,10,84756.34149453464,17902.826683597857,0.21122698747859814,25364.01747958659,0.0170694861910271,0.9922029104806699,0.005200076779700029,0.007797089519330114,5373.432724854588,0.0005237947319761682,1.4778968017342007,0.7967315629284035,0.34601612133795906,0.8185748431993496,403674310.1336115,0.0,0.0
base,question_only,question_only,35,10,94244.55049210126,18694.576678895748,0.19836241545300343,26516.27979240182,0.01770028499330004,0.9919316851808834,0.00563758856098896,0.008068314819116629,5425.749127846273,0.0004905917367462598,1.5997889773437506,0.9020037222031633,0.3917352392090274,0.7846895529291864,431416481.5789825,0.0,0.0
base,question_only,question_only,36,10,96165.8208215699,19540.034711151624,0.20319105628398915,27767.916086668403,0.019773821393301774,0.9909834261939034,0.006340968311612324,0.00901657380609655,5948.097380577986,0.0005373650649026507,1.675313345640126,0.9574522960806111,0.41581624887340785,0.7651663069103734,471720785.96165067,0.0,0.0
base,question_only,question_only,37,10,105658.78993845727,22211.92183209821,0.21022313283197658,31544.671996518104,0.019635775529794074,0.991041000846385,0.006404152575689761,0.008958999153614977,6173.1062218077695,0.000498697260077452,1.6264385827000813,0.9133276831441585,0.3966531729589896,0.7769439925467286,614512124.0729754,0.0,0.0
base,question_only,question_only,38,10,112706.57016236382,23605.611679625275,0.20944308433500636,33635.095968958165,0.020415314026892294,0.9906875087983822,0.007233129242945608,0.009312491201617812,6447.317998236161,0.00045448937122993804,1.6618766954297133,0.9343416951154322,0.4057794424007627,0.7675842913080402,698585870.1576561,0.0,0.0
base,question_only,question_only,39,10,119656.65148848927,25204.979058557066,0.21064419524544137,35908.74451555997,0.02176391650867589,0.9900734126059294,0.007995268446769642,0.009926587394070596,6264.088477584664,0.00043693316360071677,1.7115737602309613,0.9671538877525991,0.42002959660223077,0.7551934218570551,791167122.9035869,0.0,-2.220446049250313e-16
base,question_only,question_only,40,10,129761.05711466903,27370.827090127066,0.21093252242804741,38905.55939594215,0.023397107778950377,0.9893260698389158,0.008596615954273034,0.0106739301610842,6113.682387047685,0.00041562734486011443,1.7811443358449728,1.006653804611124,0.43718419252952534,0.7381089690551539,919747229.3826985,0.0,1.1102230246251565e-16
base,question_only,question_only,41,10,145062.93589069406,26901.805484205175,0.18544920050753608,38621.83019063337,0.021332983664665517,0.9903055879402926,0.006858628792705156,0.009694412059707447,5829.511377580697,0.00038932637482669286,2.168853986258627,1.196244931554707,0.5195225727789424,0.656261519100188,875429461.29622,0.0,0.0
base,question_only,question_only,42,10,157894.86866262575,30067.975125233457,0.1904303501431687,43175.10475417284,0.021661777311006367,0.9901463484554964,0.007652751597294148,0.009853651544503572,5837.966028393718,0.0003708457671200982,2.028400311978853,1.132215489170693,0.49171493927222293,0.6835069936220771,1116127073.0132172,0.0,0.0
base,question_only,question_only,43,10,163049.77816930795,30869.980399938748,0.18932856423689162,44613.16718199297,0.023813629037410432,0.9891664463575223,0.008330105418839284,0.010833553642477733,5837.056161581897,0.0003981292864958519,2.1968712000272057,1.2028622422325748,0.5223964342913798,0.6504638072103028,1182401225.4164953,0.0,0.0
base,question_only,question_only,44,10,175217.9082078937,34073.7054589794,0.19446474283068946,49071.259856995144,0.024326066445087148,0.9889224140335523,0.009134127022933017,0.0110775859664477,6196.9871257461655,0.00039186005819480396,2.0605343034159453,1.1454743105801293,0.49747317224688176,0.6772352539768854,1450545252.2142842,0.0,0.0
base,question_only,question_only,45,10,186983.79032830632,35649.11989948993,0.1906535311798802,51207.232749918556,0.02507648945537434,0.9885821886335165,0.009353581217331399,0.011417811366483455,6323.927666226426,0.00040746473977693043,2.102424856232496,1.17796214214477,0.5115824582244075,0.6709059894785616,1561371155.841895,0.0,0.0
base,question_only,question_only,46,10,194843.18871330205,35891.700328547464,0.1842081345802627,51042.300011187304,0.024516127157194346,0.9888543326041465,0.008397064394858447,0.011145667395853542,6780.74252078591,0.000523482968126765,2.230765910730968,1.2477996213025906,0.5419124900526824,0.6494915100579987,1505549508.1322124,0.0,0.0
base,question_only,question_only,47,10,214280.96651747514,36741.34234458868,0.17146339659426696,52332.61439392956,0.02169548699572128,0.9901561920057377,0.0066844830920573545,0.009843807994262321,7053.001421705386,0.0005034018069179913,2.4760253320078727,1.3446789165261106,0.5839866333789332,0.6100244541569622,1548813996.6153972,0.0,0.0
base,question_only,question_only,48,10,118.81377031704626,86.16064784918125,0.7251739223430654,127.54342163889237,0.39436606203966434,0.8022769617613635,0.13680340684464162,0.19772303823863646,17.69189068419335,0.010988406254691663,4.182866884541702,1.6391094545225582,0.7118561913345961,0.352050344092727,9329.708968012626,0.0,1.6764367671839864e-14
instruct,target,target,0,100,33.090804289724495,47.434391420151194,1.4334614234468546,59.22937131559537,0.701241628946479,0.5529574448224773,0.35398058424939194,0.44704255517752267,0.0,6.061817714453355e-14,3.629517443501095,1.4552516258218664,0.3160038754375861,0.44551104998516206,2481.180886818079,0.0,6.061817714453355e-14
instruct,target,target,1,100,737.7752590642463,525.9245799328423,0.7128520148532705,633.2840878491702,0.3535868252223957,0.7973476203467834,0.21097855295072493,0.20265237965321659,4.477662644017857,1.824359009261478e-05,1.5553564520374001,0.7730286031120535,0.16786102834247185,0.7934302220760009,289959.6068935337,77.61329542584303,0.004995141617216703
instruct,target,target,2,100,752.9018910330196,494.87362687347996,0.6572883303487093,601.0092771058263,0.31494619219550746,0.823503086793698,0.175174129659764,0.176496913206302,5.778468849912273,2.8925698721704585e-05,1.7000612288703285,0.8744511617023512,0.18988465711060962,0.754711136021668,257899.85071989804,80.25477896222704,0.005446508471146583
instruct,target,target,3,100,668.9205010173398,462.3456671253324,0.691181786807498,577.9305784623353,0.3608950330180824,0.7981840972119183,0.1806630928840279,0.2018159027880817,10.970355793348483,0.00011023140520616259,2.0466793955074247,1.0866947552444146,0.23597276785792703,0.6791370221580668,229243.18129981362,96.37388372720993,0.009062242960715117
instruct,target,target,4,100,512.8555821370802,443.85378968839456,0.8654557055591467,560.9795825027801,0.45958349747243976,0.7374105371533378,0.18652442684080814,0.2625894628466622,8.152492804316445,0.00011892063905438732,2.4661938699290893,1.2426428405114818,0.26983646430535957,0.6036635636046765,212081.1069590731,88.76465418769529,0.014581581325197268
instruct,target,target,5,100,884.6083565766402,422.40014113413764,0.4774996053268026,551.6028718171847,0.19660300412346568,0.8973035447142498,0.06973476592646628,0.10269645528575022,12.245738617707085,9.45071899758343e-05,3.573822363550962,1.4861072865627867,0.3227040970352164,0.438207195293129,197828.72916476108,185.66857256174487,0.009726840344262744
instruct,target,target,6,100,1008.2248716994798,446.5451997754575,0.44290238448765246,584.3123639166575,0.17220827566506255,0.9106400437479671,0.05431595171021502,0.08935995625203286,24.76195481647424,0.0002359879818820687,3.7191305886393304,1.5438041090749355,0.33523280285540513,0.43079898985507986,221144.50214862436,142.43564062837618,0.008551897352322646
instruct,target,target,7,100,1032.440033189732,608.670351774008,0.5895454769353677,794.0988811557398,0.22229950812384439,0.8802407645570534,0.07319844148127133,0.11975923544294664,37.88408628305886,0.000485692190352105,3.1604239180414333,1.4331829707903598,0.3112117278859813,0.49312340914389974,418326.6735860621,173.82742342092993,0.0101433011085309
instruct,target,target,8,100,1827.5006240863402,725.7708948201252,0.3971385209145821,930.3183506016128,0.08219476368318546,0.9573817257214311,0.018491686241133686,0.0426182742785689,33.65394160005262,0.00016431201080047142,2.3741177574572903,1.258264679951892,0.27322870363843393,0.6199070768384907,580783.909240893,188.13480353429853,0.0035548344058335957
instruct,target,target,9,100,2683.137772194403,877.4023830354877,0.3270060867272962,1112.2920195053925,0.04238278130166221,0.9782307798377601,0.006588790562625102,0.02176922016223992,75.04238344532861,0.00011573471551473702,1.8975951990336488,1.0807214621902246,0.23467568375181416,0.7126370033165659,830717.0386528132,329.6954388929606,0.0018351244424258395
instruct,target,target,10,100,2942.9933437797013,1226.2159179457385,0.4166560283044687,1512.9676502623963,0.044221671728875415,0.9763553878210816,0.003459196885170803,0.023644612178918445,61.96481121260455,0.0001262316887959969,1.4518897804639788,0.7614178393011174,0.1653397830155861,0.825746071861293,1607087.6760575986,434.9968469030329,0.0017482582890043785
instruct,target,target,11,100,5897.119646865425,1600.137887111602,0.2713422794401237,2016.8932038160071,0.013265525389579622,0.993255289288674,0.001562891126687933,0.006744710711325985,65.996541432031,5.034904040290833e-05,1.2957270283896307,0.6049826989239317,0.13137032389479994,0.8767151416453095,2888245.5607327023,620.0903382564813,0.0007080389992411007
instruct,target,target,12,100,6182.432957930698,1480.8322986264254,0.2395225809487904,1909.7150516095787,0.014492202441146922,0.9927072564266455,0.0025782265467997802,0.007292743573354521,75.98123751497069,7.548703659865375e-05,1.4584775432075754,0.8056736669944812,0.1749498138952306,0.8242690342406218,2527736.2853014516,705.0138011925113,0.0008381002455757347
instruct,target,target,13,100,6950.363043029705,1670.5953338760548,0.24036087374621973,2268.8989816606954,0.013866199129323317,0.9930154300558407,0.00220987867779233,0.006984569944159302,127.05577202067397,8.706746797604303e-05,1.3794799380887204,0.7348257484041644,0.1595653838461779,0.84890677929373,3557868.6255900073,1023.2617552936218,0.0008656090763926594
instruct,target,target,14,100,12713.652835801804,1859.4586458173767,0.14625683663322298,2556.499929437468,0.0052340841841532655,0.9973968154131275,0.0009764609811967642,0.0026031845868724757,235.63534470141266,3.98791810070076e-05,1.3810073932338476,0.7457599061942386,0.16193970604242225,0.8484844608648187,4689816.044837472,792.3214924012385,0.0003488736084132915
instruct,target,target,15,100,16802.515221256268,2402.3525985072406,0.14297577278597606,3225.471306289532,0.003579682456024253,0.9982217970145716,0.0007237996028008998,0.001778202985428412,141.15212899823936,3.0806304995190104e-05,1.279021303132565,0.6178069423414334,0.1341550729702025,0.882863346234009,7415001.074526599,1370.08481298301,0.0002500302112831143
instruct,target,target,16,100,21056.64039192269,2041.7927726966561,0.09696669243968692,2861.041182765695,0.0028337665719455726,0.9985950328115446,0.0005639522290154887,0.0014049671884553971,262.26963893527204,2.886174815674991e-05,1.6107068861126073,1.023893304194922,0.22233560603477112,0.7830075689221264,5142971.546203482,1157.332343210817,0.0002068843199938275
instruct,target,target,17,100,23517.579421288676,2344.0135699232833,0.09967069858394637,3326.6523828186373,0.0026484323292600945,0.998686624759103,0.0004141327329875971,0.00131337524089703,334.3853937427127,3.4232720894533664e-05,1.4703688140509683,0.9012894087852795,0.19571250841664553,0.8218893496075882,7284463.912219598,1151.7541380220048,0.0002489678583065258
instruct,target,target,18,100,28616.869995498553,2441.905798966072,0.08533098830690375,3467.857261550025,0.0023324200607631237,0.9988438443468906,0.0004407128070511469,0.0011561556531094475,487.77725596940013,3.5054456069216755e-05,1.6036489531205935,1.0757781458400029,0.23360225624521244,0.785827260392727,7840771.367165133,1534.723097764735,0.0002333713456855735
instruct,target,target,19,100,34469.86595317148,3611.146135112702,0.10476240725793858,5176.808094376587,0.0020842495105253107,0.9989660689170959,0.00041610473873824195,0.0010339310829040604,844.4600257076328,3.3875214368594975e-05,1.267722243225298,0.6485343083415878,0.1408274357188468,0.887200437233905,18863322.56845611,2580.575189130932,0.00021701001001916964
instruct,target,target,20,100,38057.13373647624,4045.477025444201,0.1063000974654792,5974.901400015836,0.0019933377968588918,0.9990111769037342,0.0003842810551691865,0.0009888230962658007,792.2560434125556,3.5101813031790385e-05,1.2229222222704508,0.5765535706889727,0.12519701713591863,0.9036077154587723,26144445.055217482,2957.5648794236376,0.00024125776839611923
instruct,target,target,21,100,42022.21629072183,4344.086931208088,0.10337595954374323,6264.592238179971,0.002014006028794291,0.9990011068283812,0.0003855414849084203,0.000998893171618831,896.1844777853911,3.3560403488008816e-05,1.2663225929867696,0.6580463039520743,0.14289293932160793,0.8877519236426591,27757173.84058939,2595.9358017161717,0.00023316841439180447
instruct,target,target,22,100,48866.59215522152,6330.627720129089,0.1295491959009596,8404.602129962466,0.002060504139637937,0.9989763660585979,0.0004454147048719595,0.0010236339414021467,735.3649043349859,3.479328626532219e-05,1.1709111559684835,0.4840912690733175,0.10511908344804204,0.9237777794579781,52782310.65184544,2694.198978228175,0.0002323725376041086
instruct,target,target,23,100,53402.140983516554,7586.342223224003,0.14206063808500957,10164.512818036274,0.002561130626086542,0.9987265222018731,0.0005345545312183969,0.0012734777981269207,1553.159991812165,4.9927852344144874e-05,1.177353836577393,0.4946798340050732,0.10741836110860993,0.9211915334004288,76064051.44127451,4188.8092330486,0.00036472661607311885
instruct,target,target,24,100,59514.37017621475,9546.337360534766,0.1604039046749421,12453.093529662274,0.002928154400517799,0.9985409771619461,0.0006313566016869914,0.0014590228380538806,748.8250236395214,5.981058731119315e-05,1.1566616437597859,0.457680520587809,0.09938406228294654,0.9295208492302429,111366246.72986223,1771.199183341073,0.0004240259449825867
instruct,target,target,25,100,62855.048044160176,9628.796185264277,0.15319049917039848,12649.398314462605,0.003362625078026244,0.9983245125202117,0.0006944545150041726,0.0016754874797882957,917.1345685406257,7.019508783256967e-05,1.1985414095193951,0.5398845288427799,0.11723443587067815,0.9129215771861355,115737544.23016724,1900.213250528956,0.0004454414090975245
instruct,target,target,26,100,64915.3253002035,10084.392133364976,0.15534686280518975,13370.524561192662,0.0039555424433966885,0.9980281301163969,0.0008183054114432176,0.0019718698836030946,1023.8192706180648,8.449700140178429e-05,1.227826773847037,0.5876178284668473,0.12759959018556166,0.9017665209308701,130612320.51002097,2239.3820751368453,0.0005937465113884377
instruct,target,target,27,100,66698.38323268852,11767.139257225796,0.17642315580835224,15822.964021506285,0.005394751411802919,0.9973031131746566,0.0011909660815255301,0.002696886825343414,1523.4439886765922,0.00010739200685272454,1.2305303992936791,0.5845407808502796,0.12693141778534722,0.9007191373750163,184209950.13431755,3448.0609956435374,0.0006805678062875575
instruct,target,target,28,100,66321.56394557729,11157.181595332655,0.16822856596819866,15153.826006380894,0.007453777600882753,0.9962812293887177,0.0014325249995381405,0.0037187706112823404,2008.0664924476544,0.00014842617662969015,1.4317501831710382,0.8698584561793593,0.18888736377778864,0.8331031053919558,160591731.92002916,4402.000712019897,0.0009022025374619824
instruct,target,target,29,100,68406.19274234143,11601.049685176313,0.16959063529339796,15864.418696661975,0.00925167628059129,0.995385641311985,0.0016953753442615794,0.004614358688014963,2227.569751221721,0.00018762499708224745,1.5967240139103596,1.0431108044977788,0.22650863320352352,0.786674332615337,168507039.90907192,5025.8586745433795,0.001041984701778187
instruct,target,target,30,100,67817.92261012938,11914.24730290016,0.17567992124135975,16288.535770832661,0.011048207688201528,0.9944844303643885,0.0022776698623337465,0.005515569635611506,2406.7004487874397,0.0002282116488090402,1.6748773845000984,1.1192907981976672,0.24305090865116652,0.7670813280881035,175574865.21139985,5135.201347069205,0.0011998198155720452
instruct,target,target,31,100,67310.71268108877,12075.317966039494,0.17939667379917826,16559.245615284428,0.012087136348558819,0.9939639324973305,0.002483467627288145,0.006036067502669495,2999.480897508664,0.0002661163710695469,1.7274858895739884,1.1693799843390202,0.2539276372232737,0.7548475278255324,177575740.81174847,6044.166963438789,0.0012984702058280728
instruct,target,target,32,100,68083.6393071891,12311.612816684645,0.18083070972653828,16931.91660222124,0.015352574275028391,0.9923327641137694,0.003826729661835826,0.007667235886230639,3051.251442034206,0.00029776096638856053,2.005618850994745,1.3646035493240343,0.29631989572851,0.6962741439256371,178639741.68791568,6415.880913526673,0.0014585330852752154
instruct,target,target,33,100,69622.59361846285,13162.552420221251,0.18905576101276902,18015.124834140468,0.017894541647700508,0.9910585447776173,0.0048239970997753,0.008941455222382655,3171.695182446216,0.0003171159047749006,2.1225183462650117,1.4298451533465446,0.3104869300372566,0.674899337866136,197955855.21844688,7295.846298896366,0.0015697489168943202
instruct,target,target,34,100,73141.82488857459,14163.278373005129,0.1936413043369056,19416.79366542856,0.020004688973962854,0.9900008984604617,0.0053850077554316155,0.009999101539538313,3516.975593476876,0.00033770295145152396,2.270544836587883,1.5064522473999646,0.32712194914827847,0.6498740397530887,225987803.56893775,8280.701681068798,0.0017277552064407509
instruct,target,target,35,100,81001.84500785977,14928.011934444798,0.1842922458494162,20620.241197598334,0.02105005888719246,0.9894862801167821,0.006042413675476581,0.01051371988321792,3809.7776676874987,0.00031495992473751233,2.6287038752425134,1.6477353484931092,0.35780118474374445,0.5967295944879568,250386846.3297711,8522.946276898203,0.0016149105031124655
instruct,target,target,36,100,81591.89274420979,15656.251269649476,0.19188488884222543,21607.862803936805,0.024133599172616687,0.9879392752594821,0.007022122427293899,0.012060724740517892,4113.668977668677,0.00037843235834011946,2.8629342671638063,1.7375715300050045,0.377308863696682,0.5672577020068206,270905283.54031235,8375.593762519624,0.0017906737808922601
instruct,target,target,37,100,86533.06247426523,17455.50746114921,0.20172067140626676,24017.52166944621,0.025503966500265145,0.9872425774367334,0.007788579618314597,0.012757422563266618,4857.235594186265,0.0003926142886139239,2.6816972350861197,1.666586749315634,0.3618947144204289,0.5890282344313756,336989047.9344911,9657.19081337148,0.0018743009365603802
instruct,target,target,38,100,91733.26357934448,18617.029020621863,0.2029474183540751,25648.888958861167,0.02696291994518232,0.986508752234887,0.00911914753902707,0.013491247765113012,5511.817531400372,0.0003867645415337462,2.76427119632979,1.6795488297359806,0.3647093944207003,0.577285163637384,385162078.6853403,10176.522069477374,0.001822880466330945
instruct,target,target,39,100,97697.79270645251,19869.537202643834,0.2033775446938172,27363.510991886276,0.02835689340197996,0.9858100773830478,0.010246068260919896,0.014189922616952177,5998.845274250931,0.00039402795918275224,2.908083428238334,1.7125587557715518,0.3718774087833418,0.5583184727659659,438152208.47641546,11473.118503233603,0.0018087799208704736
instruct,target,target,40,100,106764.01132191546,21948.359016170707,0.20557825379932465,30169.59371495164,0.02961176786997837,0.9851748617968277,0.01084440259471666,0.014825138203172328,6767.589621649878,0.0004002510768024159,2.9204836522793074,1.7087921328109965,0.37105949699975216,0.5558129934377068,533078540.1932112,13311.878135494326,0.00181313793227722
instruct,target,target,41,100,121576.54893474035,22491.50864664392,0.18499874230446264,31104.339413113135,0.02660752347982281,0.9867126995607249,0.008551860850294971,0.013287300439275063,6859.811904615509,0.0003516137509292916,3.7054214282273747,1.87522543406834,0.4072000291702551,0.4656063749361071,556242108.1137828,13994.95650186935,0.001629601085395782
instruct,target,target,42,100,129814.46093505475,25759.367178284214,0.19843218538781623,35560.72068111831,0.02852185863727284,0.9857327979501656,0.010531556260513017,0.014267202049834449,8163.622918756495,0.00035311333022036706,3.120524812991503,1.7382783671921012,0.377462351441662,0.5285538172373687,742399201.9868538,17179.34417873025,0.0016837735673099763
instruct,target,target,43,100,135059.51029088008,27361.572889934472,0.20258901302844476,37820.66052563798,0.030970332705487522,0.9844944483054004,0.011983665905484463,0.01550555169459955,8426.905532525829,0.00038091365743886385,3.141903722779508,1.7358092485022452,0.3769261891305777,0.5246149566813082,846323199.5169882,18595.950915873356,0.001794594956437079
instruct,target,target,44,100,144535.55630214166,31267.91434630838,0.2163337184723249,43007.58986721762,0.03307899621991547,0.9834022983632199,0.014739507982286222,0.016597701636780093,9212.634820667601,0.00036856722790179486,2.637446064535459,1.5771889218286093,0.3424822228345521,0.5890366004083362,1124483623.864041,21553.433015029965,0.0018580329982953447
instruct,target,target,45,100,156546.74703179428,33295.83133728331,0.2126893849191322,45704.16784221899,0.033209390490792086,0.9833344324771923,0.014987294625462045,0.01666556752280768,9111.389029836744,0.00039773276668186863,2.6321565217515968,1.593350406255555,0.345991644587546,0.5913200608535063,1272198684.4725003,21611.61459505337,0.0018770166047233916
instruct,target,target,46,100,170546.17423628736,34552.937636574134,0.2026016578284654,47167.17244944162,0.030794747067504197,0.9845682096749414,0.0131602710662253,0.015431790325058592,7631.450361573122,0.0003883113378495562,2.7143798427774426,1.6520857989405475,0.3587458730553024,0.5824320983542475,1335716575.4628532,17230.07125458763,0.0022431789298984484
instruct,target,target,47,100,193717.61906884922,35646.65827228052,0.1840135060694264,48755.54949180447,0.025916043858457676,0.9870445622303236,0.010114103859155541,0.012955437769676448,7828.179143604441,0.0003359401773540549,2.9293381688400117,1.7422259511984646,0.3783195584170686,0.5568164223258869,1398073372.2938209,21650.473080767333,0.002023960941893943
instruct,target,target,48,100,104.73708656537973,97.79275450280164,0.9336974868186335,136.0880076931521,0.4578337157720634,0.7365483055125552,0.1642395774759487,0.26345169448744477,13.737183714734666,0.008494302206257576,4.170645454451793,1.890035243991864,0.4104159385341663,0.3907034652769687,11446.76182145282,37.39289839091032,0.04862440033538529
instruct,target_word_shuffle,target_shuffle,0,100,33.090804289724495,47.434391420151194,1.4334614234468546,59.22937131559537,0.701241628946479,0.5529574448224773,0.35398058424939194,0.44704255517752267,0.0,6.061817714453355e-14,3.629517443501095,1.4552516258218664,0.3160038754375861,0.44551104998516206,2481.180886818079,0.0,6.061817714453355e-14
instruct,target_word_shuffle,target_shuffle,1,100,738.5955049149914,526.3250897959279,0.7126026171205909,633.2418448523272,0.35322530942605707,0.7975466957997936,0.2111411562944489,0.20245330420020635,3.8934438313496167,1.3755633266443468e-05,1.552172693153451,0.7702953278104946,0.16726750515197714,0.7943178943975229,290341.8523386546,76.32716764896881,0.004842760509509381
instruct,target_word_shuffle,target_shuffle,2,100,751.4858892044872,492.934818090808,0.655946871620732,598.7570946506119,0.31408727953335525,0.8240920641210034,0.1744785246626775,0.17590793587899656,6.507428723008626,3.712031989344666e-05,1.7061144773896748,0.8777976220237095,0.19061133173634667,0.7531461111511343,255924.3631325314,79.68705703000454,0.005344821687176982
instruct,target_word_shuffle,target_shuffle,3,100,678.1838980324451,464.7307763502574,0.6852577563379769,580.7272230244924,0.35649094132776726,0.8007761793469262,0.17932398794080648,0.19922382065307376,10.410989389825177,9.469346530588396e-05,2.0305106569543403,1.0791215329401682,0.2343282635294466,0.6823310821752296,231513.01813246668,89.61440727793033,0.008082996084156968
instruct,target_word_shuffle,target_shuffle,4,100,509.93158450198416,444.5612348811357,0.871805646860074,562.4645690278386,0.46295701652626203,0.7351424854186297,0.18792567213289782,0.2648575145813703,9.070762079923995,0.00015642971575346998,2.458294775145836,1.2427939900475562,0.26986928601008925,0.604915586998024,212782.88051196493,87.34860924056926,0.01408376562509106
instruct,target_word_shuffle,target_shuffle,5,100,887.688713880273,417.1138087637323,0.469887475464727,544.4774745443071,0.19335446508309462,0.8991252421214306,0.06962222362056414,0.10087475787856937,21.99039882005987,0.0003055378003785636,3.545563561050416,1.485876764274717,0.32265403975638424,0.4446486091811572,192952.18730481266,182.8597791642837,0.009559228323122504
instruct,target_word_shuffle,target_shuffle,6,100,982.7962405980753,458.0764846586025,0.46609507213808843,599.9921076141779,0.17314337220557854,0.9096553966717852,0.04964682004263686,0.09034460332821481,49.37896603636029,0.0011499403679470221,3.6476231504562424,1.5321073465204795,0.33269288313863876,0.4342803836019429,231544.58395313454,165.29552763756732,0.010728829521092331
instruct,target_word_shuffle,target_shuffle,7,100,963.2297965422346,593.5097480173991,0.6161663085464726,774.7122014221928,0.24253899323495942,0.8683923495501379,0.08068233099220694,0.1316076504498621,88.58838492478566,0.002808687727727577,3.1965431291570563,1.445213632160348,0.3138241528092975,0.48791110146048605,395056.8291743587,240.89792969906804,0.016254176917658847
instruct,target_word_shuffle,target_shuffle,8,100,1810.537992127398,693.9087513428966,0.3832610828163553,895.8594924429458,0.08199658998998387,0.9577055693112928,0.020265316697806436,0.042294430688707196,74.38631939354603,0.000821554363079513,2.498732466231563,1.3018352982374517,0.2826899431856997,0.5984010253019988,536747.4898570051,221.60293711698634,0.0050164377507750935
instruct,target_word_shuffle,target_shuffle,9,100,2830.5940181430915,725.1153573991802,0.2561707375736156,945.9136283542052,0.03781240520625489,0.9809307064504895,0.008768497864116653,0.01906929354951048,119.81596538930307,0.00046094522557771356,2.5934326445010383,1.3745644304807585,0.29848287358913966,0.5876909009831542,576524.6968657218,241.5480820019289,0.002398144791206702
instruct,target_word_shuffle,target_shuffle,10,100,3041.215730988258,1000.2596970001312,0.32890126366507105,1268.2903433113268,0.038869371572092845,0.9799525820110463,0.004181196284784063,0.02004741798895371,113.2135808017027,0.000521384798089497,1.7461352405162114,1.0086890741080576,0.21903404942061483,0.7472178581890623,1072395.3757492206,369.2951406525169,0.0024221231327510306
instruct,target_word_shuffle,target_shuffle,11,100,5851.237173111246,1311.4057061609135,0.22412451715123466,1681.0834571740866,0.01305573989652808,0.9934285480512911,0.0021189911743810133,0.006571451948708895,133.16180920854515,0.00017500289182426076,1.4465032186584565,0.7801827948332306,0.16941454133596442,0.8275823942419438,1984106.709616248,676.304736834112,0.0009514990285778291
instruct,target_word_shuffle,target_shuffle,12,100,6212.44093846179,1150.9325079929517,0.18526252714410904,1543.9380748800788,0.013782472009512485,0.9931180914766361,0.003069295266478163,0.0068819085233639,125.32491226527424,0.00019362246752663292,1.843438284673379,1.1052415951157444,0.2400001629643579,0.7252564869609173,1585886.9140359464,686.256062213799,0.0009775123739713676
instruct,target_word_shuffle,target_shuffle,13,100,7121.209373291782,1277.9427522721155,0.17945585999269473,1762.5778937198636,0.01288221254333964,0.9935802242478986,0.0031245560985313377,0.006419775752101398,164.9229331024102,0.00020176415276129678,1.8767398047094865,1.143684118495181,0.24834785085142091,0.7182042271024058,1984413.181801723,873.2679612504609,0.0010191950418727558
instruct,target_word_shuffle,target_shuffle,14,100,12231.210449759157,1445.6996033879736,0.1181975904450602,2026.3797006381906,0.005416889571971812,0.9973110878018951,0.0012100610656441474,0.0026889121981048536,321.05194769097693,8.88939894185814e-05,1.8178868384123725,1.1260125272478527,0.24451051356883868,0.7316503139497572,2637364.333997679,1250.897620373305,0.0004115238111846997
instruct,target_word_shuffle,target_shuffle,15,100,16703.096552058167,1778.5190183955385,0.10647840134626943,2490.456193115384,0.0034563259672870292,0.9982854465559086,0.0008975446735431598,0.0017145534440914378,234.19981124364924,5.78902479273502e-05,1.5830194221174114,0.9544190033027239,0.20724945327898722,0.7892187361906202,3993731.035272518,1470.6928260821278,0.00027593363423150663
instruct,target_word_shuffle,target_shuffle,16,100,21274.14770306865,2081.7394387537825,0.09785301238899952,2903.1719541746156,0.002725969737154908,0.9986473454787906,0.00075965035502029,0.0013526545212093621,210.289380892053,4.876067897907621e-05,1.4487402441212793,0.8559399462504169,0.185864997748561,0.8279812151244188,5484210.784950787,978.7616312085868,0.0002441368670023092
instruct,target_word_shuffle,target_shuffle,17,100,24093.221638907173,1900.6308101057596,0.07888653657825932,2659.3843143774275,0.002497881287959891,0.9987622872925157,0.0004936530582237139,0.0012377127074842953,389.18670994319046,5.1241168571580786e-05,2.0383148548869694,1.3322044479407613,0.28928452025382023,0.688902438244194,4290815.224743567,745.6443718444873,0.0003036771193084542
instruct,target_word_shuffle,target_shuffle,18,100,29361.92822971706,2322.294381760744,0.07909202568686757,3317.819361744259,0.00226597024501851,0.9988768334027128,0.0005164801605303198,0.001123166597287173,414.53553984174965,4.026963491643443e-05,1.6847169838281315,1.124379794635727,0.24415597018690385,0.7654489721515247,7066811.662608362,914.7746853195622,0.00023286567702918148
instruct,target_word_shuffle,target_shuffle,19,100,36376.10709064935,3477.909625625448,0.09560972582795868,4791.288206113279,0.0019307352741381285,0.9990421994326623,0.0004455516793030398,0.000957800567337741,1151.8957434705144,3.5172183928677825e-05,1.3067044892313306,0.6950484112903238,0.15092784483950472,0.8735320277359506,16568264.858821489,944.1273898192549,0.0002129178708875079
instruct,target_word_shuffle,target_shuffle,20,100,39870.16214154424,3969.2643914795963,0.09955475920534743,5566.616569315792,0.0018504519996865008,0.9990823191442472,0.00040429589842187524,0.0009176808557528338,1135.3133120683422,3.323408952204954e-05,1.2751234675802479,0.6464564105601345,0.14037622594862473,0.8844776176072847,22023846.61491729,1319.4960420437783,0.00021818521347904962
instruct,target_word_shuffle,target_shuffle,21,100,43403.66087293043,4229.282877628663,0.09744069492226498,5854.700803113168,0.001889085944176348,0.9990631824367512,0.00042486436098241595,0.0009368175632488152,652.3527880956195,3.1470337190753206e-05,1.299202384716066,0.6881812936181648,0.14943666918370524,0.8761117553554629,24568652.76665081,1371.6661722305018,0.00020681646416076394
instruct,target_word_shuffle,target_shuffle,22,100,49858.96003287091,6577.770442515823,0.13192754999661532,8579.78131994138,0.001969607684368814,0.9990212464526955,0.0004938984833519896,0.0009787535473044784,548.7344485609719,3.144992790538037e-05,1.1515707627144622,0.4292170320540984,0.09320329427999303,0.9315519405741103,55543592.81911811,1792.9815902716402,0.00020242015938742863
instruct,target_word_shuffle,target_shuffle,23,100,55932.381221137104,8280.926086662856,0.1480524502241906,10696.830197799929,0.002308306798023001,0.9988513869969912,0.0005640506310451926,0.001148613003008836,1182.4775929724938,3.978404147531034e-05,1.1394718923953857,0.40065641600925006,0.08700143530597548,0.9365149907986016,87815315.96368824,1955.8904144022188,0.00029833904022313895
instruct,target_word_shuffle,target_shuffle,24,100,59150.691755167936,9635.367997185991,0.16289527157295094,12333.512906299198,0.002887314686712946,0.9985610432895826,0.0007398437776264567,0.0014389567104173828,592.729419703577,5.020089401452932e-05,1.143847326511319,0.41516638628889885,0.09015223531849131,0.9347278588692505,110412276.0434997,1588.1111584116286,0.0003604819747612398
instruct,target_word_shuffle,target_shuffle,25,100,61972.49264208534,9287.874266676186,0.14987091644541692,12216.303989661159,0.003273468548902488,0.9983687409397837,0.0007746899374093114,0.001631259060216328,744.039549797785,5.645352124461489e-05,1.1874724756077253,0.5004515893773778,0.1086716818631536,0.9171671239090502,109886136.25583132,2134.5192655786987,0.0004109768166503658
instruct,target_word_shuffle,target_shuffle,26,100,63441.47633857555,9401.922597497825,0.1481983576063313,12391.08760460661,0.003851566322628097,0.998080457430539,0.0009097039766451767,0.0019195425694610302,1151.3780742573645,6.56687795363986e-05,1.2300442265607443,0.57386592473991,0.12461340223342486,0.9008784310063498,115713720.24917589,2455.6470095348004,0.000520246024919957
instruct,target_word_shuffle,target_shuffle,27,100,64422.781172734314,10660.874447327995,0.16548298991847937,14249.91709100366,0.005236926684416362,0.997384654925844,0.001262944016118749,0.0026153450741559503,1365.2165246600873,7.746509403339097e-05,1.2492307274924355,0.5972524303976704,0.1296917174125071,0.8937357619176833,151754085.6512138,2190.7966679443125,0.0005757329429999514
instruct,target_word_shuffle,target_shuffle,28,100,63367.39507939627,9659.051076206244,0.1524293536779273,13124.809650651623,0.007191561535006557,0.9964169998112993,0.00152989184274141,0.0035830001887007246,1605.4631646292733,0.00011050187609540352,1.520846349416892,0.9388788546822409,0.2038749528820711,0.806879824051427,120963050.42243068,2526.8438785705507,0.0007712685485371518
instruct,target_word_shuffle,target_shuffle,29,100,65447.57433306902,10022.773567382084,0.15314201740121372,13723.543410396222,0.008922904911624202,0.9955555882548498,0.0018409000441201712,0.004444411745150201,1567.9075152348623,0.00012891841464390819,1.7382933155456213,1.1263744772180273,0.24458911000622463,0.7510207425821788,126025438.68016596,2985.6060460230724,0.0009263895014650636
instruct,target_word_shuffle,target_shuffle,30,100,64511.06478933688,10292.553646885022,0.15954710529884622,14095.51620874013,0.010794495885578837,0.9946193644260931,0.002417604036640621,0.005380635573906889,1773.5456470173328,0.0001493698167944757,1.8568506256776511,1.219357682719701,0.2647801565357511,0.7245726508542983,131057731.64390676,3045.9427281049893,0.0010687203068238116
instruct,target_word_shuffle,target_shuffle,31,100,62636.068991920576,10485.031329758183,0.16739606266016865,14393.347174203438,0.01234327865079771,0.9938459268190443,0.0027153716383372765,0.0061540731809557325,2396.82289607245,0.00016954966958471207,1.9634134429117194,1.285547745192718,0.2791531459801825,0.7023428541431912,132334747.33870757,3097.729103185245,0.0012110993678047244
instruct,target_word_shuffle,target_shuffle,32,100,63354.21148692468,10865.538584133574,0.1715045981809126,14961.754459796144,0.015692102259985435,0.9921739054309586,0.004076735499012304,0.007826094569041375,2498.2868498523094,0.00019513558253159147,2.319600053965647,1.4676098836734477,0.31868743703302577,0.6384234136055233,137739400.01093057,3329.8904210097207,0.001345429877904314
instruct,target_word_shuffle,target_shuffle,33,100,64403.090140292035,11362.991488261605,0.17643550120823565,15623.807157512114,0.01830008442155662,0.9908727095941583,0.004924058631255345,0.009127290405841704,2886.7469458096557,0.00020970197200775864,2.656126983822347,1.5923321441232121,0.3457705317749422,0.5879585515025408,145871978.44314998,3608.2894179769132,0.0014589694993504265
instruct,target_word_shuffle,target_shuffle,34,100,67156.72389125261,12165.660732138918,0.1811532788859514,16744.343470029806,0.02079793447935451,0.9896243329739015,0.005715200232886761,0.01037566702609849,3334.754901932304,0.00022423522369308113,2.9863195316371796,1.688399279837928,0.3666312452415182,0.5445860611164346,164720473.11864224,3970.0136053000947,0.0016117471240605363
instruct,target_word_shuffle,target_shuffle,35,100,74211.05863900307,12748.333200884399,0.17178481798647008,17705.489225292946,0.021464679978184343,0.9893011969846611,0.005877157799606794,0.010698803015338876,3864.0882198080835,0.000205982926717585,3.79234811845268,1.8568457073543712,0.40320892222487187,0.45453120469703295,180293886.98514414,4162.61227420452,0.0015599487652471211
instruct,target_word_shuffle,target_shuffle,36,100,74504.41375458264,13516.375850280216,0.18141711570005942,18750.03932903929,0.02483170771488921,0.9876138461539375,0.006911893006460459,0.012386153846062453,3957.5016321781786,0.00022642608495637706,4.038745341311132,1.9087529978141993,0.4144804471334982,0.4309152767284657,200696369.5165944,4472.648382182416,0.0017970339913331301
instruct,target_word_shuffle,target_shuffle,37,100,77852.65163471454,14877.745887260187,0.19110133791032227,20656.677034144872,0.02632030649553221,0.9868633219546085,0.0076098535178360655,0.013136678045391537,4774.632604799093,0.00024230247346290756,3.710273369106945,1.840960219760882,0.3997594324227744,0.4597219759179207,246081716.4013194,4810.680671639178,0.0018822874494029973
instruct,target_word_shuffle,target_shuffle,38,100,81888.18498034804,15831.359148703352,0.19332897844179406,22022.694297256934,0.027923605145460766,0.9860577005086306,0.00900152210713934,0.013942299491369381,5249.751291789497,0.00023331464166775895,3.7992823054332345,1.8462692862701853,0.4009122815672983,0.4496957233970591,280973541.2111633,5126.993156185619,0.0018376742792837186
instruct,target_word_shuffle,target_shuffle,39,100,87097.09824214096,16798.80237729512,0.19287442080552814,23380.42672334004,0.029370257153387706,0.9853323135921442,0.010061423215790913,0.014667686407855762,5565.691481381691,0.00022737806997141785,4.087932119989186,1.8882548645696473,0.4100293340547849,0.42041102410025993,316653422.2939332,5305.656712027469,0.0018222379838727099
instruct,target_word_shuffle,target_shuffle,40,100,94798.18231556755,18484.372494054314,0.19498657086612567,25691.203657145765,0.0307766338291165,0.9846240382397476,0.010763845189513318,0.015375961760252355,6211.478142642995,0.00021806632629128853,4.156964428510564,1.8915390670816314,0.4107424895689887,0.41124617587125656,382161197.149751,5709.97632059593,0.0018110969147477896
instruct,target_word_shuffle,target_shuffle,41,100,109080.73028809922,19586.31084134629,0.17955793648993537,27313.44963254361,0.027456677322812546,0.9863013372947378,0.008506631896908652,0.01369866270526221,6758.079560416951,0.00018806550005323608,4.5985980011150085,1.941011132463654,0.42148521207087336,0.359292465964886,433647707.4558545,6176.651743100709,0.001600201423543668
instruct,target_word_shuffle,target_shuffle,42,100,115249.17137821925,21985.526493421024,0.1907651589204921,30699.18992855768,0.029900518935735674,0.9850625268246692,0.010749193372761158,0.014937473175330784,7509.2811155128475,0.0002016921294388796,4.062993950462767,1.8555916456933088,0.40293660619518895,0.4156252344415745,554676490.0606664,6673.488321211468,0.0016470395748945377
instruct,target_word_shuffle,target_shuffle,43,100,120087.9306937168,23655.68206132549,0.19698634096426473,33074.464828626245,0.0329969537829099,0.9834977620633861,0.012597728126883735,0.016502237936613873,7811.793427736589,0.00022275675766292302,3.9837680938960607,1.8350548624359937,0.39847710037284145,0.4190309263461968,651097777.7360091,7330.755468866345,0.0017517504429992448
instruct,target_word_shuffle,target_shuffle,44,100,128149.82273958623,26724.651606431562,0.20854224403211882,37296.02449518814,0.035221399451432704,0.9823536667486659,0.015433740182660981,0.017646333251334134,8478.69453343005,0.00022733747534198212,3.365260487230649,1.712060922732081,0.37176930571236616,0.4899355787863085,843692238.7193918,8279.691045086818,0.001750999045288637
instruct,target_word_shuffle,target_shuffle,45,100,141132.5673916224,28715.5814692874,0.2034653092479061,39832.88731984632,0.034723663820657176,0.9826051379443927,0.015226679363188389,0.017394862055607252,8047.977260694194,0.00024529415712926106,3.3987003264042746,1.7419542510866377,0.37826055948741916,0.4899922359446287,958570949.4661102,9267.775012792836,0.0017558697434970627
instruct,target_word_shuffle,target_shuffle,46,100,158273.93208054765,30775.38312722323,0.19444378946471894,42209.86057694947,0.031418897677515566,0.984273710085597,0.013407484359708642,0.015726289914402947,7211.948961646969,0.00025230153419886214,3.2035227044610015,1.7354648419093561,0.3768514021891663,0.5182974326769643,1070236007.6561171,10250.423534273074,0.0020900152028406893
instruct,target_word_shuffle,target_shuffle,47,100,181502.56516785652,31561.84825617562,0.17389202310714844,43271.88916641762,0.02592945638321679,0.9870540119544075,0.010025663476553627,0.012945988045592549,7344.321412508557,0.00023767825116394192,3.5278966458965164,1.8428758926945725,0.400175415514891,0.48652982392385996,1099113351.8502543,12748.020837131999,0.001989105230942312
instruct,target_word_shuffle,target_shuffle,48,100,104.10368901696759,98.51088331026911,0.9462765848212366,137.61401927993546,0.45376406124685326,0.7382115677929839,0.15565165056202646,0.2617884322070161,13.259701107798527,0.007890744408386663,4.396462670642954,1.8997931092562348,0.4125348320539022,0.3661383783166186,11801.244413203269,37.842759721870785,0.04956638755118614
instruct,target_sentence_shuffle,target_shuffle,0,100,33.090804289724495,47.434391420151194,1.4334614234468546,59.22937131559537,0.701241628946479,0.5529574448224773,0.35398058424939194,0.44704255517752267,0.0,6.061817714453355e-14,3.629517443501095,1.4552516258218664,0.3160038754375861,0.44551104998516206,2481.180886818079,0.0,6.061817714453355e-14
instruct,target_sentence_shuffle,target_shuffle,1,100,736.2102082190173,524.8279064136019,0.7128777902757205,632.1153077316692,0.35374234575667296,0.7972705035625609,0.2113770816979618,0.2027294964374391,4.713066548194841,1.6805466066416308e-05,1.5562168026722345,0.7733145690598169,0.1679231250590348,0.7931637673563207,288836.2811999974,77.33679540976459,0.004906917536399269
instruct,target_sentence_shuffle,target_shuffle,2,100,749.912830391141,493.916458373049,0.6586318280691776,599.7148433582394,0.3161764362265718,0.8227408828661641,0.176143241250574,0.1772591171338359,6.251123762119812,3.0372854080140677e-05,1.6999988365384981,0.8731356329874951,0.189598993679786,0.7546759970852052,256944.0225385467,79.95328671996775,0.005352170287891145
instruct,target_sentence_shuffle,target_shuffle,3,100,672.6154721688722,463.6858388616984,0.6893773010699954,579.3267828180178,0.35967364411756814,0.7988127272492406,0.18126870202305362,0.20118727275075943,9.103494116299734,9.059486265694527e-05,2.0292991988646674,1.0769793073221248,0.23386308514699258,0.6825480944028016,230579.6308715013,91.36712534025654,0.008223126200368802
instruct,target_sentence_shuffle,target_shuffle,4,100,509.64660865365636,444.0537604549329,0.8712973910058928,561.1715807297945,0.46291241621862445,0.7351630730804197,0.1883384881712952,0.2648369269195803,9.762643527615188,0.00018041790715017658,2.457901490285845,1.2392938712833754,0.26910924487744436,0.604933559686108,212277.56703649063,87.4456787234196,0.014110845129387761
instruct,target_sentence_shuffle,target_shuffle,5,100,892.8842342078352,421.96241588769936,0.472583566515835,551.2469675902023,0.19383541616391428,0.8988397138938575,0.06939939646823405,0.10116028610614247,15.331925037400836,0.00011825969562972993,3.565908947643961,1.4845173174880921,0.32235883963744805,0.4397688780938547,197382.1771048917,176.35959881069402,0.008930419256116373
instruct,target_sentence_shuffle,target_shuffle,6,100,1012.484427867219,446.29060504218296,0.44078762374872865,584.5831669543813,0.17013510972234686,0.9117561261365874,0.05267858962994098,0.08824387386341259,27.984914330772426,0.00026047947484963974,3.7241529586433244,1.5457006710531649,0.33564463605627143,0.4304521132710424,220679.20810933836,138.73854226731024,0.008203739104798546
instruct,target_sentence_shuffle,target_shuffle,7,100,1022.6355609563335,607.2680048873714,0.5938264109645031,794.5963029369029,0.22729489707115103,0.8775000403091144,0.07863917247789076,0.12249995969088556,33.64874484484604,0.0004917646748638926,3.187323303049997,1.43715904143271,0.3120751206557964,0.4877562195439474,418885.80645806086,176.46563103932306,0.009891670848656609
instruct,target_sentence_shuffle,target_shuffle,8,100,1827.5178048260027,725.2508215504585,0.39685020831822154,932.6673849247204,0.08267056799169838,0.957186302219305,0.020204343006091932,0.04281369778069499,34.73698707143295,0.00017540528855686244,2.3907376016294313,1.2648156123386565,0.27465122053188046,0.6167556155438457,583720.719101213,184.69107012555614,0.003373208253382054
instruct,target_sentence_shuffle,target_shuffle,9,100,2710.73975023805,861.3310805528678,0.3177476113216799,1096.4768257599892,0.04132400335367781,0.978830252623746,0.006651913138300878,0.02116974737625399,51.91146045155266,9.847088479442156e-05,1.9509613219457214,1.112628718453662,0.24160425641575609,0.7014418304898962,800390.4566381498,303.5566149073063,0.0017076236578700277
instruct,target_sentence_shuffle,target_shuffle,10,100,2952.9363857265866,1197.1484015866213,0.40540947897597723,1483.383888189255,0.043355888417874716,0.9769555595720735,0.003232299301274958,0.023044440427926527,53.815096605672444,0.00011211219850382204,1.482770986001403,0.7930729741237832,0.17221360820427972,0.8165728624114886,1533038.1191211941,423.9254691884695,0.0016519399863967887
instruct,target_sentence_shuffle,target_shuffle,11,100,5896.778623270703,1559.1661396742775,0.2644098141180466,1975.7283585545688,0.013250335533757153,0.99327586159359,0.0016558521629849372,0.006724138406409952,61.264548511914874,4.145155110579779e-05,1.314391743083144,0.6305635595967981,0.13692513721108082,0.8702481883090303,2758695.897760303,617.7612425719178,0.0006651692521132402
instruct,target_sentence_shuffle,target_shuffle,12,100,6186.230945338639,1455.3315357921474,0.23525334709476828,1890.5080558047873,0.014416221886452007,0.992749230884069,0.002516556443480836,0.007250769115931033,66.5809908052172,5.7854480107533135e-05,1.479881896198233,0.8302025373298588,0.18027619041221804,0.8179870233304296,2447924.016198834,697.9784090937419,0.0007793374818220178
instruct,target_sentence_shuffle,target_shuffle,13,100,6979.639478641957,1671.717769115191,0.2395134840747477,2261.365917645075,0.013654615454001562,0.9931229598644792,0.002119115241046757,0.006877040135520818,98.81996075295761,6.510401514703279e-05,1.3794994547194697,0.7352734978128005,0.15966261139490096,0.8488895245537296,3548947.552522735,992.501798900341,0.000810091681699765
instruct,target_sentence_shuffle,target_shuffle,14,100,12606.776637015406,1865.9137828928278,0.14800879214550547,2559.231733843227,0.005310689174258144,0.9973580887842368,0.0009682710172248424,0.002641911215763182,137.5233166158347,2.8196043760475575e-05,1.3747172246442292,0.7395951418318785,0.16060104447001883,0.850509962186453,4727562.055383257,886.4107731652449,0.00033433959796891344
instruct,target_sentence_shuffle,target_shuffle,15,100,17015.90559828927,2247.4202086694972,0.13207761383534275,3088.7235150204215,0.0034914769057394408,0.9982662816419111,0.0007493136158409109,0.001733718358088887,196.086317671003,2.0365946405420665e-05,1.3083067625900242,0.6591054533115317,0.1431229306827698,0.8726020210513453,6800448.041380019,1164.7618582080456,0.00023800545850427568
instruct,target_sentence_shuffle,target_shuffle,16,100,21330.327694661286,1946.078917013482,0.09123530331418964,2731.920854601977,0.002770467083387888,0.9986264999065169,0.000610109606567877,0.0013735000934831376,138.95355753606057,1.6414540455644833e-05,1.6847808242039806,1.08605437305501,0.23583371063234326,0.7643217140139866,4669671.021211212,907.9325759803635,0.00020015352003199816
instruct,target_sentence_shuffle,target_shuffle,17,100,24001.771421641155,2126.5640527319197,0.08860029601042309,3075.027278487237,0.0025612161008673976,0.9987302524364721,0.00044324276983317377,0.0012697475635279343,249.67296073794608,1.4834665220009313e-05,1.582605133461147,1.0093698982766426,0.21918188851039622,0.7906190252820603,6267920.02311685,758.8871175213072,0.00024573989730758417
instruct,target_sentence_shuffle,target_shuffle,18,100,29538.707122143045,2645.2391099156307,0.08955162116532464,3654.5011256850125,0.0022510730029397653,0.9988838596350411,0.0004758790092652709,0.0011161403649588841,524.621412313256,1.5884503122176596e-05,1.5020622234211862,0.9592837146302666,0.20830581192178924,0.8130417439187176,8865534.404628715,788.6988101310922,0.0002229247424957448
instruct,target_sentence_shuffle,target_shuffle,19,100,35453.154705599045,3767.2446955736577,0.10625978779199315,5224.636467092758,0.001984549383734473,0.9990153147157403,0.0004248751488036803,0.0009846852842596565,265.6215114502362,1.3918111569588554e-05,1.2484377273404226,0.6075455470898116,0.1319268393029987,0.8941106798022341,19833494.559211884,1661.4918566097876,0.00020873422315681456
instruct,target_sentence_shuffle,target_shuffle,20,100,39043.044233367924,4237.11044640477,0.10852407975870762,6209.090332639035,0.0019107562121320229,0.9990518231944125,0.0004015236364772954,0.0009481768055874529,336.7365982538978,1.4777842283542064e-05,1.1946826162653401,0.513692882424729,0.11154699211501785,0.9143350512383699,29283343.99775913,2031.556270041219,0.00023012665507804453
instruct,target_sentence_shuffle,target_shuffle,21,100,42951.73663150829,4787.161957728659,0.11145444475967754,6831.175902443429,0.0019488005532994853,0.9990329179501585,0.00042561680274978497,0.0009670820498415278,247.3087903263287,1.370539755030098e-05,1.2025753278010827,0.5308557496177301,0.11527386137279722,0.9113029886661587,34798455.572590455,1750.862890899386,0.00021919946241466537
instruct,target_sentence_shuffle,target_shuffle,22,100,49600.37493652291,7076.311310055729,0.14266648828989262,9278.5499091233,0.002017813665844946,0.9989964869722953,0.0004986156506681664,0.0010035130277047388,289.7072606958829,1.3995633397545504e-05,1.1266098022804687,0.377066513500445,0.08187895306187062,0.9419054629854864,68528304.0079895,2029.7020847032265,0.0002181432906737113
instruct,target_sentence_shuffle,target_shuffle,23,100,54772.73115994332,8627.382132877094,0.15751235971206262,11400.814691075935,0.002445410835445218,0.9987823918584282,0.0005758159131031404,0.001217608141571791,342.8906744805634,1.8352520211317724e-05,1.1276875495551875,0.3778053723577942,0.08203939422419668,0.9414367126611627,100806810.40822133,2919.8096876603286,0.0003281325586104167
instruct,target_sentence_shuffle,target_shuffle,24,100,59803.16279358363,10223.922276803893,0.1709595579767703,13246.644909201348,0.0028933169227924613,0.9985569250183859,0.0006623943594897847,0.001443074981614112,792.1000957827575,2.6638393248124004e-05,1.1313696688495622,0.393023481953055,0.08534396473530702,0.939918593813641,129289053.09231226,1794.70458037736,0.0003900750603256231
instruct,target_sentence_shuffle,target_shuffle,25,100,62716.4259505685,9828.761124624443,0.15671749427129703,12797.246759553722,0.003324254315603824,0.9983430150534004,0.0007129015523078019,0.0016569849465996045,624.949483187237,2.9389167600757382e-05,1.1837671552181839,0.5006394332292763,0.10871247163732307,0.918624952130844,122082478.12350714,1850.9960779412368,0.00041104863571117534
instruct,target_sentence_shuffle,target_shuffle,26,100,64782.364222910546,10058.769564246013,0.1552701832497908,13189.426383682186,0.003915471189641017,0.998047772125931,0.0008459340196962305,0.0019522278740690124,712.2679746512208,3.6327353836074217e-05,1.221855622982525,0.567935546192256,0.12332563689400305,0.9039548796656828,130945653.08859389,2130.1240261726794,0.0005406914151883102
instruct,target_sentence_shuffle,target_shuffle,27,100,66051.89707060753,11370.888740678849,0.1721508275307173,15145.224760186595,0.005350301061612321,0.9973268261572654,0.001200337020760998,0.0026731738427345775,820.2856239479423,4.538275740517683e-05,1.2435266569694603,0.5973816047477685,0.12971976726623263,0.895844804011579,172478673.7090944,2907.028733741973,0.0006077990818678103
instruct,target_sentence_shuffle,target_shuffle,28,100,65413.13441956868,10718.594941480616,0.16385998066886842,14526.905790061843,0.0073435057194099,0.9963387632679845,0.001422495740682095,0.0036612367320154604,1058.4690569647266,6.546841858678931e-05,1.4607086810597691,0.8891999544184158,0.1930873167562705,0.8242392087495838,148860607.90852946,3599.8650784713136,0.0007945366296273626
instruct,target_sentence_shuffle,target_shuffle,29,100,67372.20479927996,11142.178102829928,0.16538241751216978,15251.754943193113,0.009096262052297114,0.9954663771596753,0.0016695267023654368,0.004533622840324658,1161.4649129214617,8.434451356098549e-05,1.6376216230898923,1.0604409009862943,0.2302718158414301,0.7757207602697519,156556306.08498132,4110.479431935019,0.0009265944346014132
instruct,target_sentence_shuffle,target_shuffle,30,100,66736.05971796699,11425.702828601998,0.17120733343994413,15610.72077262348,0.010854363658554645,0.9945853965916612,0.0022334870142157364,0.0054146034083387695,1288.9542528306483,0.00010572982971202016,1.7285022757521475,1.1423826428954267,0.2480652390157684,0.7536867863295199,162002935.73738903,4186.91412748123,0.0010596344946556258
instruct,target_sentence_shuffle,target_shuffle,31,100,65515.30369408972,11484.39782886137,0.1752933617233221,15723.436404605158,0.012093358426476571,0.9939661420115599,0.002460467544316218,0.006033857988440139,1289.251742455245,0.00012262335971302551,1.8176853456046362,1.211639382285769,0.26310414889168704,0.7336177991392432,160427758.72099224,4478.455370864559,0.0011486165377755375
instruct,target_sentence_shuffle,target_shuffle,32,100,66255.61774408811,11716.188430961056,0.17683313249322882,16103.313732958764,0.015444172604766708,0.9922925617471033,0.0038650210934983837,0.007707438252896659,1331.9526733466676,0.00013931434788527763,2.144479876870639,1.4113780882085396,0.30647685779406486,0.6695089628372384,161524190.1223294,4807.545635752002,0.0012816888049755892
instruct,target_sentence_shuffle,target_shuffle,33,100,67526.58469203881,12302.211465733788,0.1821832323053084,16859.990192466837,0.017932607333480788,0.9910481735008098,0.004788185871509639,0.00895182649919024,1288.6086941841538,0.0001478070538816212,2.3595985231468624,1.511424978834716,0.32820176405932816,0.6338767524437948,172299601.6377969,5411.621234397214,0.0013812367313225105
instruct,target_sentence_shuffle,target_shuffle,34,100,70868.80960690364,13235.524399414298,0.18676092448609394,18146.087307127887,0.02011142143065196,0.9899574898275315,0.005435050986810916,0.010042510172468488,1452.7322101454072,0.00016141986480644466,2.5643065178571205,1.5922776362060076,0.34575869553111127,0.6032690517421274,196092559.3221529,6210.978498716048,0.0015254640125751395
instruct,target_sentence_shuffle,target_shuffle,35,100,78645.59500616677,13997.630598255555,0.17798365689976622,19341.370444546974,0.02096593983829154,0.9895393414306197,0.00592090967570498,0.010460658569380277,1614.4596346760363,0.000148154949049073,3.066303541527118,1.7406368307341256,0.3779744852926976,0.5387677815703616,218066601.53517997,6420.525172187995,0.0014436933952957087
instruct,target_sentence_shuffle,target_shuffle,36,100,79154.14807142023,14804.579299825446,0.18703478794904566,20448.27951734804,0.024186870469560036,0.987923997025889,0.006920321153039191,0.012076002974111044,1813.0331830981468,0.0001782602694291313,3.303238351400703,1.811373639245584,0.3933347880946843,0.5133539674719344,240622570.41752958,6287.495371274449,0.0016204790635738764
instruct,target_sentence_shuffle,target_shuffle,37,100,83853.19324130437,16534.10036368589,0.19717913802168158,22789.583589125006,0.025415483160246412,0.9872998692872741,0.007654146599323616,0.01270013071272591,2220.431661725637,0.00018025286037171018,2.9999507542611594,1.7233243716911966,0.37421513257743755,0.545993991833288,301150722.0466877,7273.998550321693,0.0016768926386467875
instruct,target_sentence_shuffle,target_shuffle,38,100,88757.20245842366,17655.92899880392,0.1989239014949175,24377.286831312435,0.027014643931115235,0.9864955581061143,0.009077597285488589,0.013504441893885666,2541.5616406300637,0.00017359887961043707,3.090722335715459,1.7324334773804881,0.37619314974540397,0.5343291766699193,345704982.60190785,7537.99265113331,0.0016276590033640348
instruct,target_sentence_shuffle,target_shuffle,39,100,94736.9610554353,18825.34770043192,0.19871175400503163,25992.609696146286,0.028332588228183547,0.9858358153829688,0.010065482050353845,0.014164184617031172,2985.2967080972535,0.00017661121955214742,3.2998454898559535,1.7739904860919806,0.38521713952930725,0.5100587517379377,392276973.1667672,8767.588502306051,0.0016172796495377284
instruct,target_sentence_shuffle,target_shuffle,40,100,103511.37857924531,20823.371155338442,0.20116987563252936,28706.52799585683,0.02965961887230817,0.9851655428023156,0.010691081192889902,0.014834457197684392,3421.567390026372,0.00017301930214785877,3.321512567657292,1.7703010852289864,0.38441599631114354,0.5063056057357925,478842450.4390242,10281.877069151218,0.0016171236557072088
instruct,target_sentence_shuffle,target_shuffle,41,100,118564.09399579311,21548.887741843915,0.18174885005749306,29850.037837508124,0.026436830094040888,0.9868057653608812,0.008407213215632607,0.01319423463911884,3678.904988890144,0.00014660554011813876,4.122034975753597,1.9014498773652166,0.4128945946776642,0.41824055120686277,512016531.2839089,11163.611568392073,0.0014437511518459178
instruct,target_sentence_shuffle,target_shuffle,42,100,126243.30325516596,24635.99090931801,0.1951469129378147,34096.36510034177,0.028505541895999464,0.9857509643511645,0.010422476615483242,0.014249035648835506,4423.962759169343,0.00014777640399221692,3.455404356183007,1.7785534694906207,0.38620797878483004,0.487782395247711,680136287.4870394,13753.351099856134,0.0014926392412926148
instruct,target_sentence_shuffle,target_shuffle,43,100,131472.59972959122,26316.936328800894,0.20017050231705127,36454.572646460656,0.031100582219157534,0.984438894870723,0.01194838456864289,0.015561105129276998,4654.139071472964,0.00016359969008428177,3.4338049545789335,1.7649521038760625,0.3832544797684544,0.48805672164719777,784646460.6002471,15134.275096206644,0.001593476024222218
instruct,target_sentence_shuffle,target_shuffle,44,100,140504.73197406498,30029.773949258208,0.21372784764858485,41404.16693792657,0.033211089684073845,0.9833495196637453,0.014601783406622486,0.016650480336254714,5014.364067004289,0.00016086179122931643,2.858964486377885,1.6135817650474078,0.35038482832989926,0.5570027344719635,1036221838.6868312,17635.20150589882,0.0016530546360090659
instruct,target_sentence_shuffle,target_shuffle,45,100,152729.67126729252,32084.534495084627,0.21007401003917187,44104.51607878601,0.033453983201935114,0.9832240416609842,0.01493556722052175,0.016775958339015795,5062.337934904186,0.00017317922620896375,2.8419597278941677,1.6266700304452202,0.35322690904987686,0.5612183595951269,1178668068.303504,17926.61653997149,0.001680910769402133
instruct,target_sentence_shuffle,target_shuffle,46,100,167735.67973873945,33709.559453954374,0.20096833009207982,45956.63663298659,0.030917053501267666,0.9845125092960045,0.013269544059182995,0.015487490703995466,4439.300295228641,0.0001684181612143787,2.818867215777902,1.6507875616420864,0.3584639644078411,0.5670013292162335,1269407429.188822,14743.916112198078,0.0020399656980346625
instruct,target_sentence_shuffle,target_shuffle,47,100,190991.93974532737,34838.050200475016,0.18240586616863935,47571.212412014924,0.026008190625187923,0.9870018212967878,0.010239781474013257,0.012998178703212182,4694.770437577222,0.00015136578130381384,3.0184700749274564,1.7329498904136578,0.37630528741074826,0.544279541328421,1332345829.1422176,19139.23169997891,0.00189374222679084
instruct,target_sentence_shuffle,target_shuffle,48,100,104.74808289315884,98.77336390475574,0.9429610659843948,137.4481541366946,0.4574346013792893,0.7361185500636179,0.16042645082161186,0.2638814499363821,9.9559118283991,0.004445346647986903,4.133136128844596,1.8483666747967193,0.4013677236990388,0.3886544747802736,11801.599314967074,36.40729551182894,0.045702731694945986
instruct,control,control,0,100,33.090804289724495,47.434391420151194,1.4334614234468546,59.22937131559537,0.701241628946479,0.5529574448224773,0.35398058424939194,0.44704255517752267,0.0,6.061817714453355e-14,3.629517443501095,1.4552516258218664,0.3160038754375861,0.44551104998516206,2481.180886818079,0.0,6.061817714453355e-14
instruct,control,control,1,100,738.5775430108382,522.2163914497052,0.7070569588683543,629.8532789117858,0.35283320506101024,0.7981909382777759,0.20927612224612138,0.20180906172222413,7.128380183836264,4.646679017661359e-05,1.5807968038557627,0.7925638452971373,0.17210305228428463,0.7863933042239568,286374.6355001068,70.99166145351771,0.00414076817665987
instruct,control,control,2,100,753.3038901757043,489.248846752095,0.649470755604328,595.156185120292,0.31278377911260763,0.8252882531935875,0.17156572191409422,0.17471174680641255,11.137198923062812,0.00010820027371427621,1.75235422903226,0.9054818890909769,0.19662289394777177,0.7417627633244822,252603.37362243477,73.41144724448964,0.0045406641839254025
instruct,control,control,3,100,672.8681703230816,460.79705291529217,0.6848251607652017,577.1613348124871,0.35813299370753726,0.8003115078793129,0.17870256166680648,0.19968849212068707,18.30293471651154,0.000369158294395433,2.120996752267638,1.1169689125849855,0.2425467175965674,0.6647440251529724,228316.17453470852,88.76633168138123,0.007734520869072781
instruct,control,control,4,100,510.9955468376254,442.56898123918177,0.8660916596594377,560.7292608761319,0.4588993593224384,0.7381221611785032,0.18319211237067168,0.26187783882149684,18.344110096776962,0.0006445247174683422,2.5504359173427793,1.2662980331721498,0.27497312412580277,0.5902218469994929,211297.9694489134,84.37907847442618,0.013142513389833965
instruct,control,control,5,100,867.4997096976412,423.83925210029315,0.48857567024203136,552.1003680495252,0.20076465482165815,0.8949364726344845,0.06730916829715852,0.1050635273655155,32.680382219998435,0.0004731421619403875,3.625909203052373,1.4863915033174693,0.32276581391932796,0.4294385686532349,199301.63818519894,196.27303650964475,0.009518603261801983
instruct,control,control,6,100,979.5910310897599,443.276198644691,0.4525114916084539,577.1938688998564,0.17544116914708668,0.9088099214577241,0.05109401332188803,0.0911900785422759,40.10034744998101,0.0006783669099853507,3.6743424530145723,1.523968250753722,0.3309255009490463,0.43524821127408214,216956.7997287227,148.70360499788583,0.008014884191631655
instruct,control,control,7,100,1025.0021107623088,603.079512514243,0.5883690444946729,790.5792810953998,0.2293395965806034,0.8763621669022399,0.0934480898931558,0.12363783309776011,48.96196698839747,0.0010733316787294722,3.1044274188066,1.4108596636618547,0.30636428333411064,0.4987951131805716,415087.26565277297,172.60986889981984,0.009469403423230549
instruct,control,control,8,100,1812.2707528957726,729.8624713046846,0.40273368101232065,929.3663052467712,0.08111677901127956,0.9577937346289431,0.015938979463163763,0.04220626537105687,54.58047070555639,0.0004390088012178328,2.2502079407477953,1.219373591682551,0.26478361112314036,0.6423575923610552,579042.6375939875,191.34826156214353,0.0032831936325428135
instruct,control,control,9,100,2739.7747254444002,825.5123784240818,0.3013066624629807,1051.6065156461066,0.039689536678241516,0.9797668758676568,0.006782125374849206,0.02023312413234324,59.6223472610717,0.0002338584309310443,2.024256300798331,1.1434643787923118,0.24830013498121534,0.6862194504391299,738890.0480713644,278.0643117999007,0.0016341622800039035
instruct,control,control,10,100,2964.3874619846106,1117.6902210557882,0.377039181075038,1404.013011626928,0.04121834122346468,0.9784199623075619,0.003984435905283948,0.021580037692438103,77.29900830083281,0.000317641272817637,1.5368165582623365,0.83679005361159,0.18170665139751987,0.8009469949006185,1373986.637735878,414.2465013630026,0.0016729505556276614
instruct,control,control,11,100,6007.091204283661,1503.3942304876803,0.2502699192273972,1889.6574151567415,0.012420810422173311,0.9937254994776271,0.0019527210071881309,0.006274500522372883,121.58107367961078,0.00011535600830214765,1.3260354606333973,0.6366671036282813,0.13825050495754418,0.8661627584222927,2603079.1037412863,515.3769901809594,0.0006364899600189711
instruct,control,control,12,100,6091.704149423234,1522.8279486195854,0.24998389798095616,1958.6436489782031,0.014483256578019415,0.9927053748085028,0.0028575748549856403,0.0072946251914971505,143.10052308014718,0.0001596500809548651,1.3924064673813854,0.7178384874311579,0.1558766469945643,0.8443551439709196,2766992.2455495615,783.4016405248427,0.0007302340567713062
instruct,control,control,13,100,7014.969771915135,1435.3768568998157,0.20461625688629984,1962.2915975575218,0.013334263267015372,0.9933305932135125,0.0029321919232426935,0.006669406786487531,132.04407974282154,0.0001713577114105247,1.5474843746517166,0.8889115884559553,0.19302469888313784,0.7985694897663109,2688591.9021701035,958.8638966436097,0.0008057965951885349
instruct,control,control,14,100,12386.31365678379,1716.1301107157415,0.13855051295070697,2361.8802823561746,0.005355931147884961,0.9973367515063148,0.0011135290566749347,0.0026632484936851553,196.32671379387105,7.765267855530666e-05,1.4348789508644948,0.7900258081002726,0.17155192450955284,0.8314203041059155,4077262.7343733953,1093.416049758772,0.0003391916961043018
instruct,control,control,15,100,16764.41354261302,2005.5446760873072,0.11963106678259076,2888.4642138680374,0.003503541842823765,0.9982603518857556,0.0009005941095499824,0.0017396481142444298,197.79904083518298,5.557504441666694e-05,1.3520463036048695,0.6972369174078481,0.15140307290473087,0.8576155423633391,5851396.992796245,1405.014692416996,0.0002430246255376023
instruct,control,control,16,100,21311.36040019951,2108.240946995399,0.09892568599119848,2898.2548454229136,0.0027641746924233373,0.9986284590471004,0.0007480250256556534,0.001371540952899597,213.85502421069555,4.797147173818406e-05,1.4656611275309608,0.8463019826281484,0.18377214053959326,0.8223555701636406,5677074.123852424,929.3051926507519,0.00020952268484153436
instruct,control,control,17,100,23471.451637637932,2047.8444272134075,0.08724830738332186,2919.183227605026,0.0026038072625242646,0.9987091456848143,0.0005099365376099322,0.0012908543151857188,392.0221666516897,4.748778313046209e-05,1.6276576028265313,1.0230714662047555,0.22215714618269725,0.77837677852134,5652015.332950912,1181.8533368682727,0.00022694129440870014
instruct,control,control,18,100,28552.848746760454,2590.135117780135,0.09071371969754878,3653.7487405115794,0.0022750837503066673,0.9988718043047359,0.00053200252814175,0.0011281956952641226,576.8714688555962,5.713176499244632e-05,1.4602359728545582,0.8783510217305291,0.190731500955826,0.8246002099342385,8842347.524931725,1583.5744546065291,0.00021594133751978717
instruct,control,control,19,100,34594.790346996866,3644.447074121696,0.10534670213540018,4970.733289721417,0.0020183925955802764,0.9989983663673173,0.00047463964668687127,0.0010016336326826858,757.3094861289836,5.147059682808486e-05,1.2659556145711182,0.6202044068785206,0.13467567577971035,0.887681295451933,17442122.889095753,2452.021571556148,0.00019856377357918564
instruct,control,control,20,100,37949.5048121629,4087.3447243309015,0.10770482367456079,5751.4108059676555,0.001995907999548324,0.9990095871520458,0.00046047945390188127,0.000990412847954203,922.3423551021292,5.410198153266155e-05,1.2404682798688316,0.5824650345142187,0.12648067519555614,0.8969548309304534,23016657.226585455,3042.3874218892443,0.00020605643074622648
instruct,control,control,21,100,42861.865043932834,4815.300938541954,0.11234464327686942,6466.836172997796,0.002008825190954729,0.9990029128652982,0.0004846257126001581,0.0009970871347018129,422.6932632795772,4.8591945290166194e-05,1.2301398204273932,0.5675121717964479,0.12323370231206378,0.9007955017139079,30348248.39211813,1803.0902613632911,0.00019582820588315286
instruct,control,control,22,100,49403.29525674547,7504.664568045947,0.15190615381109154,9430.501838858101,0.0020889489847981686,0.9989605305480478,0.0005665874159447103,0.001039469451952213,497.5821905688308,4.95362726811166e-05,1.1217024560303015,0.35534766979353744,0.07716276607425607,0.9439460405619151,70182226.22504608,2175.919851308436,0.00019779825555243935
instruct,control,control,23,100,55090.20055804598,8707.512595924441,0.15805919215613928,11043.769662231112,0.0024708623670360967,0.9987697180379307,0.0006157687801190757,0.0012302819620693128,659.0915946813178,6.295605287931494e-05,1.136649157810564,0.3839058629803111,0.08336409893132748,0.9376234268734798,93874047.42486522,2574.448263707121,0.00026545566242086593
instruct,control,control,24,100,58111.102788777185,9824.263714852594,0.16906001165666956,12449.280381761626,0.003055733694442017,0.9984756912206624,0.0008074056253306446,0.0015243087793376242,1298.0529878226207,9.094170824930359e-05,1.140537311028319,0.3937052860637595,0.08549201661681598,0.9360163831921507,117631594.57592094,1783.2317235896078,0.0003137458172201013
instruct,control,control,25,100,61654.09286266734,9904.905767138578,0.1606528505609751,12600.791020906914,0.003437734985501467,0.9982860049184005,0.0008366953326356188,0.0017139950815995286,1102.4958330693112,0.00010127639744406114,1.1818146732306851,0.46855864202439157,0.10174621633963718,0.9192096237518694,122026110.9742049,2235.008296910273,0.00036177263006875737
instruct,control,control,26,100,64161.396866247946,10314.196717887926,0.16075393027039442,13259.554078583904,0.0039139725142150255,0.9980465231498336,0.0009686783474130011,0.001953476850166447,1088.3347686690115,0.00014003734346013097,1.1969655263672192,0.49536445628137626,0.10756702494700317,0.9132880684294004,137238731.9405995,2066.9102428327596,0.00047001660482870466
instruct,control,control,27,100,65076.47026398952,11202.57262831426,0.1721447488296438,14829.492271474088,0.005284238159404484,0.9973573158375335,0.0013520228290069777,0.002642684162466491,1326.2859451943787,0.00018291676839077287,1.2250499287837113,0.5387308440988928,0.11698391641161508,0.9025262196163274,170538664.02722815,2352.5308559019827,0.0005777130325254065
instruct,control,control,28,100,63759.56439384492,10043.512382284238,0.15752165934266948,13549.931932488993,0.007189584950815641,0.9964152056881701,0.0016158860315501036,0.0035847943118298975,1718.8286717273404,0.0002598750879477807,1.4665385162258557,0.8533569914636586,0.18530411624311363,0.8218857253460622,134114026.85951161,2660.3248604097002,0.0007858982455976049
instruct,control,control,29,100,65460.30447858115,10388.223726828346,0.1586950108096031,14125.791624338837,0.009153422627787882,0.9954373457517511,0.0019711466219893246,0.004562654248248865,2083.9191466202515,0.00034835503479879737,1.677325979370058,1.0466634521303824,0.2272800808350167,0.7647198469091893,137361130.28518844,3131.5150698375455,0.0010288823078474785
instruct,control,control,30,100,64729.820551374534,10847.380000098594,0.16757933063462277,14704.266923119727,0.011149647925920233,0.9944352050124668,0.002653215925066611,0.00556479498753315,2249.029105836621,0.00043776911761972404,1.7431622642440865,1.101036902467097,0.2390871255566545,0.7490109037349466,147297879.2485094,3374.0105307884983,0.0012776362620817716
instruct,control,control,31,100,63767.89838919741,11487.47525251912,0.1801451128655222,15562.099133880187,0.012773255259595544,0.993616839481831,0.00320554465340208,0.0063831605181690065,2283.9983243897004,0.0005206206129604318,1.7265129600212286,1.0922368215513407,0.237176212265647,0.7532130473351142,159899177.88311377,3796.5204733645714,0.0015238740122615058
instruct,control,control,32,100,64687.76862629252,11981.625436958459,0.1852224259918048,16256.59848783348,0.01630639460507337,0.9918514446599503,0.004717888551069982,0.008148555340049657,2387.6654652738857,0.000594082222259873,1.9709473683892675,1.251959935022846,0.27185964567218784,0.6999529500252438,167522585.49961302,4248.130458622075,0.0017494958718372589
instruct,control,control,33,100,66733.54161205464,12879.607945739393,0.19300051570187968,17353.612946554906,0.019128737105622896,0.9904352613498767,0.006163780375314197,0.009564738650123306,2378.8265145857317,0.0006276071168286323,2.076083617016512,1.3087935664577217,0.2842009119315327,0.6800888405264116,187697294.33107767,5228.659578422323,0.0018770849010733004
instruct,control,control,34,100,69993.96887237924,13764.653988581416,0.19665485770179228,18575.270221105307,0.021791678201101616,0.9891004123996138,0.007239849174388829,0.010899587600386229,2584.658324563421,0.0006774638141601175,2.2619474214392397,1.398270438180213,0.3036305677550542,0.6473720973388715,211768727.69425955,5951.151437372265,0.0020540556687005385
instruct,control,control,35,100,77675.60546063524,13807.189476857246,0.17775451372380366,18936.217018535208,0.021747873049339946,0.9891453908597282,0.00683632071783122,0.01085460914027181,2779.8935988110084,0.0006392491667910338,2.9927800358327943,1.6415821767465173,0.3564650404758705,0.5424251181191282,213660162.4138701,6241.214739040549,0.0020197471895566643
instruct,control,control,36,100,77686.700898782,14781.149620790855,0.19026615173231792,20251.108560080425,0.0255821410258226,0.9872175324857014,0.008132211414796897,0.012782467514298568,3154.3170488169762,0.0008047822950331129,3.101787212060762,1.6691858241545736,0.3624590963507314,0.5282892967935099,242707026.20778328,6187.343904482797,0.0025002959118722856
instruct,control,control,37,100,81469.85049743968,16436.70549387584,0.20175200265517107,22474.34149392108,0.027404113955429864,0.9862963116466229,0.009223474213188754,0.013703688353377097,3451.222510831089,0.0008381225804527936,2.9241662999423554,1.6080691368822355,0.3491877763334399,0.5478362992773673,300757373.30312043,6579.682092376424,0.0026034450872285397
instruct,control,control,38,100,85401.16805803796,17453.18553538383,0.20436705881496586,23952.46177221236,0.02955583630739364,0.9852116524289717,0.010880194137752352,0.014788347571028315,3796.597062391368,0.0008378974150107243,3.004824198742722,1.6190721190289443,0.3515770435488377,0.5360232691913958,343646799.4180946,6494.892680277595,0.002577225197107569
instruct,control,control,39,100,90399.31588188012,18768.211335323216,0.20761452840911562,25772.62245786749,0.032032013622466125,0.983964856725656,0.01242042924916559,0.016035143274343966,4325.825173615804,0.0008991396101786231,3.1724466826372635,1.6536740929179217,0.3590907667103093,0.5143168796759465,397638699.1921553,7134.341394211316,0.0027397525864871763
instruct,control,control,40,100,98346.55235913012,20381.773637940274,0.20724441425778264,27958.8217955523,0.03312786233093368,0.9834156199636236,0.012777064428654969,0.01658438003637641,4826.134417593699,0.0009048424849564807,3.3274060687736426,1.6862032592898386,0.3661543854384275,0.4945525326654629,465538587.2242468,7948.401579772397,0.002752417078521696
instruct,control,control,41,100,113501.45125785329,21150.001300074495,0.18634124115317074,29158.26165645538,0.028837710563632275,0.9855966129808839,0.009950854643226988,0.014403387019116143,4909.345423631523,0.000770285346292976,3.874529336384976,1.7827171540826596,0.38711211140618407,0.4272066724845031,502909371.9580821,8814.569806391055,0.0023958048510306362
instruct,control,control,42,100,119190.24891627631,24125.788906933936,0.20241411630812847,33142.952327059094,0.031470343930012204,0.9842457757868235,0.012710172630486077,0.015754224213176515,5753.675172572271,0.0007883492663802727,3.1413644102857297,1.630779661858466,0.3541193041725913,0.5144639879258803,665269316.192002,9540.120010300798,0.002412797460828009
instruct,control,control,43,100,124344.31454379641,25832.694941494814,0.2077513156614495,35536.247510596775,0.03444038811520984,0.9827410133430253,0.014475975792881363,0.017258986656974673,6100.933466368443,0.0008699621558106996,3.1599647908345014,1.6309074576850273,0.35414705468373425,0.5103860358892961,770657974.0465103,10758.942950315173,0.002602363993520207
instruct,control,control,44,100,132788.41237787652,29523.934106935747,0.22233818130846664,40372.84071662061,0.036714213659761234,0.9815556022910775,0.017373499250572688,0.018444397708922478,6456.772493248028,0.000841030172028967,2.6502436159066822,1.4879141903012043,0.32309646119667895,0.5805312753738175,1019380964.0359197,12298.324868477146,0.002542044297187629
instruct,control,control,45,100,145086.03250628436,32159.59297838404,0.2216587801240692,43729.34029604003,0.03703826263156806,0.9813849887806295,0.01748405848067289,0.01861501121937048,7130.969836563367,0.0009072830124917663,2.5984320005304826,1.4834213550366067,0.3221208544149214,0.5901170605935366,1197601029.8611884,13243.48711351308,0.002722035527339628
instruct,control,control,46,100,162502.83251491978,35402.73647068847,0.21785919619239905,47677.27393972438,0.03387204647128079,0.982979821708867,0.01596467955545532,0.017020178291133004,6972.171170685118,0.0008339319312233862,2.3252480640963045,1.4013391154524741,0.3042969225580967,0.6350552079304369,1430239757.1835876,13178.346951548083,0.0028599080408758804
instruct,control,control,47,100,185887.53836925636,37872.23930742709,0.20373737604828446,50695.29745143404,0.02807775551830711,0.9859208094214478,0.01234377515761074,0.014079190578552225,7316.189413807875,0.0007229161945286888,2.256798445960899,1.3849877233499213,0.30074626287730916,0.6472890603674116,1602297063.9415574,16465.3708117774,0.002507857288684856
instruct,control,control,48,100,112.13395026698205,111.46607200458378,0.9940439246025927,155.20057376644598,0.44864225252836964,0.7366364716675569,0.14851342840517257,0.26336352833244314,21.151664108173037,0.017095911502216454,3.769816413501096,1.704160102721039,0.37005366444571297,0.39625573370819167,16390.674582983305,37.50920830387853,0.05137169323118984
instruct,question_only,question_only,0,10,33.090804289724495,47.434391420151194,1.4334614234468546,65.1523084471549,0.7713657918411235,0.5529574448224774,0.35398058424939194,0.44704255517752256,0.0,6.061817714453355e-14,3.629517443501092,1.4552516258218662,0.6320077508751722,0.4455110499851624,2729.2989754998857,0.0,6.061817714453355e-14
instruct,question_only,question_only,1,10,758.5760985385833,512.6158825368235,0.6757606567414801,679.2342191205227,0.36209211487465426,0.8138159280946822,0.1919100501356695,0.18618407190531783,73.61777234375819,0.0044682616464474245,1.6290667740627995,0.8233845268320362,0.3575913564876733,0.7732114097069492,304044.8110226924,0.0,2.6645352591003757e-15
instruct,question_only,question_only,2,10,765.6183354787204,476.8060050262264,0.6227724480084348,637.9331697961558,0.32472832905912263,0.8366164521577479,0.15998043116536884,0.16338354784225206,76.11672453925978,0.00487229977284076,1.8213322971819892,0.9401207823945585,0.4082892681165245,0.7251760047705242,264928.8220125785,0.0,2.7755575615628914e-15
instruct,question_only,question_only,3,10,697.7123766484409,447.8591592226077,0.6418965381895061,615.6008508519419,0.3593794906420328,0.8199950004659262,0.16031415771223767,0.18000499953407378,88.50541045996054,0.007711263505201682,2.2177548061562344,1.1492372475820611,0.49910739502257034,0.6464219186238448,237657.1676526262,0.0,2.9976021664879227e-15
instruct,question_only,question_only,4,10,521.6428897021325,429.8106121308597,0.823955661269127,600.7108797106798,0.4789397068371851,0.7539622400471742,0.17605175950435725,0.24603775995282584,84.08465339478776,0.013046847020074748,2.7605902607975583,1.3189286951752952,0.5728034543384868,0.5586259424653574,220977.6486349977,0.0,4.107825191113079e-15
instruct,question_only,question_only,5,10,1015.0137275203273,425.5395242912864,0.4192450927051761,612.9806277985792,0.17612300240455564,0.9172379730531572,0.0605409349124775,0.08276202694684276,179.68207343908958,0.00869068394771566,3.6386802001121072,1.495955247291894,0.649685109073084,0.430949553001756,221263.54577079727,0.0,1.887379141862766e-15
instruct,question_only,question_only,6,10,1054.154903531522,453.6743486507054,0.43036782083055497,652.7055963218562,0.18226753020237238,0.9142015265027441,0.05727131874144788,0.08579847349725589,141.02434646201394,0.0078809804069081,3.855090850238027,1.5253259393481942,0.6624406385628149,0.40416776619756933,252886.43808800017,0.0,1.887379141862766e-15
instruct,question_only,question_only,7,10,1115.2494937829915,572.9541763908853,0.5137452916005286,832.4995290930271,0.22034448685477287,0.8942987204372714,0.07974202225543618,0.10570127956272857,180.19133565402694,0.009656367055371207,3.7127451413436297,1.4943570297294368,0.648991012004828,0.40125551393035,415303.8998880401,0.0,1.4432899320127035e-15
instruct,question_only,question_only,8,10,1929.1352456537413,693.163907953826,0.3593132775503916,984.708152657345,0.08229944264136199,0.9616597662632552,0.019079425835638417,0.03834023373674478,185.40555051238502,0.0032361938048428573,2.6730043348571537,1.3150942751385586,0.5711381868752328,0.570899207881911,591321.8886414793,0.0,9.992007221626409e-16
instruct,question_only,question_only,9,10,2965.0942867180543,831.5024278246134,0.2804303497360181,1160.610752568389,0.03854363706375418,0.9822006483768442,0.005226869625753117,0.017799351623155824,271.7991596582494,0.0015834225993891504,2.124477921596538,1.163737825782187,0.5054049161192916,0.6671742484819623,806957.8043360277,0.0,6.661338147750939e-16
instruct,question_only,question_only,10,10,3336.551962470601,1102.1524973071469,0.3303267893634244,1525.0701743645461,0.03716532003076408,0.9825869727926001,0.0031180331275550963,0.0174130272073999,393.81708681090817,0.0015215824234784403,1.6463874876652858,0.9026063116970825,0.39199694050108946,0.771652753195408,1443985.4266767274,0.0,5.551115123125783e-16
instruct,question_only,question_only,11,10,6471.98130551052,1302.1393457671995,0.20119640096279368,1842.5765927901791,0.012862150769512122,0.9941489012687008,0.002168956869034169,0.005851098731299187,587.269631876263,0.0006105830047405947,1.5316721799505928,0.8330468281419033,0.3617876406290351,0.802841282794328,2224764.490843432,0.0,2.220446049250313e-16
instruct,question_only,question_only,12,10,6835.280921161121,1255.9925945146208,0.18375142280198528,1850.9606561584758,0.013705601977529767,0.9937796779392862,0.0023577764460630266,0.006220322060713768,693.9352176783623,0.0006730485235887373,1.7970082365213178,1.0401557405558504,0.45173389844339623,0.7365061850758111,2045853.23219002,0.0,3.3306690738754696e-16
instruct,question_only,question_only,13,10,7925.911778886963,1466.312763111744,0.18500240780091784,2165.190902008312,0.012321957194475692,0.9944067656166276,0.002036792286754132,0.005593234383372447,931.409272528013,0.0007043708524036019,1.6178274676812447,0.9223276150949494,0.4005617937427229,0.7802552069476454,2913202.4193794723,0.0,2.220446049250313e-16
instruct,question_only,question_only,14,10,13426.860238725778,1713.4676253735895,0.12761491479829382,2647.1450001399817,0.005741846039273766,0.9974069217889078,0.0011319968473223003,0.0025930782110922257,970.7318925967998,0.0002845606183997651,1.5492778355764278,0.8735935800139708,0.3793968712261744,0.7987174184869874,4342055.072614764,0.0,3.3306690738754696e-16
instruct,question_only,question_only,15,10,18115.87650333231,2055.0229050314597,0.11343767466362724,3125.994693419027,0.003764123522292599,0.998301817346358,0.0007457170752221011,0.0016981826536419664,1310.9845878338956,0.0001998608322574258,1.4613962010558044,0.7966097354673954,0.345963212343899,0.8238917340649466,5967157.881625125,0.0,-2.220446049250313e-16
instruct,question_only,question_only,16,10,22127.448983331004,2198.9362734489205,0.09937595043628472,3363.628593933007,0.0030674008917025973,0.9986166935368035,0.0005814287584926869,0.0013833064631965097,952.1020775139293,0.00017078339137410747,1.4887274224529836,0.830764148917297,0.3607962856378334,0.8161336133636626,6856632.491789685,0.0,0.0
instruct,question_only,question_only,17,10,24536.992709981732,2180.7618286858233,0.08887649168998131,3308.070346732002,0.0030038463426646377,0.9986458414717443,0.0004816019526881695,0.0013541585282557111,896.5425968561572,0.00020888847005229305,1.6716417004729123,0.994083808007075,0.43172511236684424,0.7678545588956118,6607985.200802294,0.0,2.220446049250313e-16
instruct,question_only,question_only,18,10,30014.89524123343,3344.1861375751882,0.11141755154224428,5111.838307146803,0.0026147469617743106,0.9988191195902466,0.0005280868138021625,0.0011808804097533931,1123.7868480137622,0.0001800658262656185,1.2503811889854637,0.5484440064000503,0.23818620561245354,0.8932964886224057,17672365.967064455,0.0,1.1102230246251565e-16
instruct,question_only,question_only,19,10,36941.04132611899,4781.672825909162,0.1294406615042631,7126.234745031213,0.002242423791771982,0.9989856569043214,0.0004698423869038134,0.0010143430956786048,1802.0927535423045,0.0001670782844003238,1.146661933850583,0.37590211390929795,0.1632522138065757,0.9335009294142343,35836725.43752112,0.0,0.0
instruct,question_only,question_only,20,10,40884.926803950795,5388.130117102719,0.13178769141350286,8027.051319872738,0.00216557227933663,0.9990202793890821,0.0004634217013197696,0.000979720610917889,2235.5828585192166,0.00018023214652618247,1.1358476796806702,0.35383283815446537,0.15366764912665068,0.9379718630270726,45959571.72885169,0.0,-2.220446049250313e-16
instruct,question_only,question_only,21,10,44444.596080251875,6434.525404822696,0.1447763276598155,9264.73603384667,0.0022141872025674227,0.9989979103054936,0.00043373275495388086,0.0010020896945064361,1790.7476569106875,0.00017285923448095986,1.123972019807398,0.3307618640943378,0.1436480524002042,0.9429724012017678,59736483.710079804,0.0,-2.220446049250313e-16
instruct,question_only,question_only,22,10,51334.96510036428,9164.7744412418,0.17852889201977398,12366.982978721077,0.0022955678382856736,0.9989573194314664,0.0005154858394794286,0.0010426805685336271,2079.057679086573,0.0001713064927536534,1.0819529091873106,0.24006172174247603,0.10425748106895122,0.9612603665184918,116013414.54948528,0.0,0.0
instruct,question_only,question_only,23,10,57315.379872316975,10637.027443694664,0.18558766368453036,14053.055271805386,0.0026858130078619875,0.9987795639929373,0.000539799290344263,0.0012204360070626752,2767.247541537486,0.0002575150560285566,1.0944597323614234,0.267823402863666,0.11631422598824172,0.9557093161537713,149970703.32649064,0.0,0.0
instruct,question_only,question_only,24,10,59123.05081388258,11235.455490664774,0.19003511043490665,15214.757681140745,0.0034394628050141707,0.9984347174037784,0.0007028825818749454,0.0015652825962215733,1450.4262351721934,0.0003007843232036844,1.1123266920673265,0.3061632655698028,0.1329650167984452,0.9479378868551284,167668266.76792014,0.0,0.0
instruct,question_only,question_only,25,10,63130.25387824192,11134.551433201308,0.17637425400943735,15418.043011661865,0.0038138203442278805,0.9982668300404246,0.000763344178290203,0.001733169959575398,1798.6530591023993,0.0003267831082505168,1.1461999263774236,0.3713231247789248,0.16126358409455968,0.9336442651462746,168629283.88826513,0.0,0.0
instruct,question_only,question_only,26,10,64766.22570890863,10322.428676669422,0.15937980890014355,14702.72112661689,0.004358646480829739,0.9980218185283578,0.000852691141163233,0.001978181471642193,1938.881920537699,0.00042831275909560595,1.204853865069463,0.4715058884740467,0.2047724055491685,0.9102327746580164,155077076.25630105,0.0,-2.220446049250313e-16
instruct,question_only,question_only,27,10,64237.222243013006,10701.022681696668,0.16658601209769158,15732.951979276158,0.006112011806352391,0.9972243055459525,0.0011583389990540832,0.0027756944540474615,2393.310692505209,0.0004841380588794797,1.2724172329973862,0.5706135383194741,0.24781431099143733,0.8851151022150564,176160263.48258567,0.0,-2.220446049250313e-16
instruct,question_only,question_only,28,10,62878.76749702891,10287.639101549894,0.16361069898572672,15342.289104051102,0.008272236427632714,0.9962522036967767,0.001296641700457564,0.0037477963032233053,2891.462615678066,0.0006377858319696061,1.4898549826072234,0.8163546817726451,0.3545383335697449,0.8150537197117422,154264610.13677227,0.0,0.0
instruct,question_only,question_only,29,10,64396.3114135528,10843.053847997537,0.1683800455334079,16289.94182863783,0.010512484643934493,0.9952376030889543,0.0015708151902332427,0.004762396911045741,3372.2751238178507,0.0007582094330707001,1.6670587736146238,0.9681451262393324,0.42046008600726914,0.7674551552650587,166281532.42750347,0.0,0.0
instruct,question_only,question_only,30,10,63819.881040729466,11239.623462918542,0.17611476674087628,16847.255446396946,0.01256181189497035,0.9943035994714069,0.002049581327386621,0.005696400528593104,3412.3393300244256,0.0008796796205341462,1.7555127531145587,1.0331060872257578,0.44867227290280615,0.7462238893439558,175898927.22217938,0.0,-2.220446049250313e-16
instruct,question_only,question_only,31,10,62246.008030810124,11586.109227417837,0.18613417300082954,17392.77034585854,0.014346532019868333,0.9934853872388055,0.0024833139628809018,0.0065146127611944715,3747.302078424534,0.0009790773570519384,1.758834710656711,1.0389222379287908,0.45119819505905107,0.7457326028208394,186554518.44398803,0.0,-2.220446049250313e-16
instruct,question_only,question_only,32,10,62725.851259644354,12046.537119652432,0.1920505960100498,18234.198082596668,0.01852391406847439,0.9915834930082534,0.004067809318950488,0.008416506991746564,4093.670744810159,0.0011000447591018592,1.9761265259916623,1.1755678629419999,0.5105426359785088,0.6995560661377839,195622862.0809681,0.0,0.0
instruct,question_only,question_only,33,10,63347.00714829778,12609.952010384368,0.19906152757720638,19075.27603691048,0.02181417643314859,0.9900863742940175,0.005159337272519429,0.009913625705982532,4809.746179321561,0.001190412852450362,2.1635225654173524,1.2664987296429635,0.5500334096214174,0.6643738500015477,208166360.9515487,0.0,1.1102230246251565e-16
instruct,question_only,question_only,34,10,65937.32160672481,13330.229415881058,0.20216516368965667,20116.707523022018,0.024703314878757102,0.9887773952749048,0.005686444297087547,0.011222604725095175,5478.157680169755,0.0013182132625365606,2.4969149055499784,1.398575523385684,0.6073936323313548,0.6103011098559654,225166853.49757937,0.0,2.220446049250313e-16
instruct,question_only,question_only,35,10,73697.06022634332,14115.676536837447,0.19153649404039239,21176.155153334745,0.024842259988877617,0.9887278402018808,0.005767264427475331,0.011272159798119241,5571.269563560408,0.0012720580509141266,3.0443898062923522,1.5550028496437422,0.6753291569441092,0.5375602951708696,243663213.3076414,0.0,-2.220446049250313e-16
instruct,question_only,question_only,36,10,74639.17105756054,14717.903490754083,0.19718739211886302,22105.32274292857,0.028343458804986968,0.987128612345699,0.006829169186952654,0.012871387654300959,5392.8983299365345,0.0014588885220284675,3.272087171691648,1.6120863814956023,0.7001202198349206,0.5127879543029243,263862456.1396263,0.0,0.0
instruct,question_only,question_only,37,10,78295.09376378471,16161.446331446432,0.20641710169228877,24272.605903994416,0.030911738792972876,0.9859534192544851,0.007477643858295924,0.014046580745514903,5963.702640323947,0.0015213811766461305,3.238131719030082,1.6095874835774258,0.6990349622582169,0.517624590330385,317131194.9153617,0.0,0.0
instruct,question_only,question_only,38,10,83027.27933491439,17206.69040364673,0.2072414095882704,25890.82607423285,0.0328950432038454,0.9850447869375623,0.009151648195931122,0.014955213062437744,5976.918270245532,0.0014845415148782015,3.3323371160579245,1.6258879799221604,0.7061141778730193,0.5070222278239537,361758005.5519421,0.0,0.0
instruct,question_only,question_only,39,10,87665.39128230547,18109.72954751703,0.2065778670764038,27280.320824820807,0.03484646023581453,0.9841567316472336,0.010391644139769535,0.015843268352766393,6778.187186564639,0.0014975685449539755,3.6433432137242034,1.6775834010287556,0.7285652139992784,0.4734405744415936,400689082.47632235,0.0,0.0
instruct,question_only,question_only,40,10,94912.42030986756,20032.667143268307,0.211064759257705,30099.467770232717,0.03644419974041898,0.9834245381725785,0.010776396640364887,0.016575461827421534,7857.701499464968,0.001499333478691578,3.687158956696225,1.6790100393278196,0.7291847951402338,0.46689042305364475,486441466.94516903,0.0,2.220446049250313e-16
instruct,question_only,question_only,41,10,109224.24082894636,20937.983568412532,0.19169722224211233,31403.83720405525,0.032263955700543454,0.9853557958058102,0.008227068861426459,0.01464420419418977,8535.193601857565,0.001337167401639472,4.547233066972097,1.794599654854933,0.7793847273289776,0.37985255059671436,523990648.86690927,0.0,0.0
instruct,question_only,question_only,42,10,114154.75486094129,23400.277698425278,0.20498732380381834,35222.13099862202,0.035382824083187776,0.9839123784693393,0.010791458882709425,0.01608762153066068,10283.176303740911,0.00136946047636044,3.8166253269518746,1.6870273214211684,0.7326666565132369,0.4489935604705657,669797494.1362756,0.0,0.0
instruct,question_only,question_only,43,10,118072.06022939361,25279.417648744507,0.21410160540631684,38084.77540761924,0.03917189768434711,0.9821693023118853,0.012839220480642304,0.01783069768811474,11479.082936204255,0.0014558684133214594,3.752658386130042,1.6667957399618185,0.7238801923252651,0.4522621610393711,788028019.6717052,0.0,0.0
instruct,question_only,question_only,44,10,124594.89178000469,28293.533343412033,0.22708421620823344,42720.7318556078,0.04310321784238009,0.9803375937788708,0.015974217566205724,0.019662406221129247,13555.513953681559,0.0014826155145954978,3.2962167477891167,1.5767259952567891,0.6847633992134363,0.5008837569095539,1007320626.8678371,0.0,0.0
instruct,question_only,question_only,45,10,136884.1537392937,30353.923913374223,0.22174899785102653,45732.47663731795,0.042782291010423794,0.9804853102617097,0.01604154468154882,0.019514689738290292,14019.04933916884,0.00150713896143162,3.3085389883076655,1.5857013221028065,0.6886613341359397,0.5016561201276885,1154136624.5999901,0.0,0.0
instruct,question_only,question_only,46,10,157258.89950495106,32878.4716524762,0.20907224809519329,49075.039438346,0.03727064116305908,0.9830110691084677,0.013975019951021649,0.016988930891532306,12095.14491712188,0.0018115519858080686,2.9071564927876583,1.5064002270845187,0.6542213061606119,0.5529856482035829,1346074229.318408,0.0,1.1102230246251565e-16
instruct,question_only,question_only,47,10,175521.26449074576,33187.97603097015,0.1890823663290095,49494.06190656618,0.03186331197202044,0.9855198361822447,0.010254206777776836,0.014480163817755298,16019.977878863292,0.0016640750942508165,3.4425419467681357,1.6370445724428448,0.7109594244415957,0.4936776876401957,1329935490.6981664,0.0,1.1102230246251565e-16
instruct,question_only,question_only,48,10,118.54827034361018,117.1526101702298,0.9882270726571036,176.9882876970348,0.5101861345604852,0.7299440433961781,0.14238564059350503,0.27005595660382187,33.27981020560729,0.03755237824778446,4.15459307129897,1.6387533611346345,0.7117015419411786,0.3559748212593959,18475.9797630399,0.0,1.687538997430238e-14
