model_tag,condition,condition_family,layer,n_points,centroid_norm,abs_disp_l2_mean,rel_disp_l2_mean,pairwise_l2_mean,pairwise_cosine_distance_mean,cos_to_centroid_mean,cos_to_centroid_std,angular_disp_to_centroid,centroid_to_global_l2,centroid_to_global_cosdist,effective_rank_pr,spectral_entropy,spectral_entropy_norm,top1_pc_variance_share,cov_trace,centroid_to_question_only_l2,centroid_to_question_only_cosdist
base,target,target,0,10,33.10863497389326,47.6450022176564,1.4390506360417419,65.50036864607243,0.7707816136393445,0.5534406448713828,0.3511671860666215,0.4465593551286172,0.0,6.072919944699606e-14,3.6665594210805623,1.4604499442481123,0.6342653518828668,0.44082950208445343,2758.6194915366705,0.0,6.072919944699606e-14
base,target,target,1,10,778.773576280881,513.5496923187504,0.6594338944719502,692.0903991379885,0.3550582204876474,0.8196701806175108,0.18139243404721955,0.18032981938248915,19.854556308970594,0.0003099901812134709,1.7983519286422929,0.9297490407499739,0.40378487795255524,0.7306232672651184,308317.6982010871,89.75716501709118,0.006532300264778912
base,target,target,2,10,777.6723753220481,487.721638262075,0.6271556682981057,661.3905168917938,0.33600592263880075,0.8317778462993737,0.16064279670573448,0.16822215370062632,22.67058517865593,0.0003837528953778424,1.9963731969466676,1.0268045084256059,0.44593553200262165,0.6861484000106941,280164.3452544066,98.37231168633654,0.008005876703905845
base,target,target,3,10,784.4949481644143,505.6392729654543,0.6445411460565351,696.344267456173,0.3533466733445984,0.8235716020950814,0.1484558148927053,0.1764283979049186,35.623180916525875,0.0010314848962251766,2.1378937257737864,1.111122233086254,0.48255425454937884,0.6600622114957436,302165.28246480273,129.59331085345949,0.013737866760045292
base,target,target,4,10,604.8531331913023,513.5603288575185,0.8490661628020191,708.8467042937639,0.49071408251449156,0.7462019843374879,0.1749438702126113,0.25379801566251214,36.29195553365325,0.0017951517450862653,2.3185893632251835,1.1807434860374626,0.5127903805292793,0.6273325241994336,311196.55107886856,135.0878372260322,0.024855096204764227
base,target,target,5,10,959.7190267684032,469.2013524848709,0.4888944987000834,670.2247406072534,0.22533264623733446,0.892778613629417,0.06860241770283212,0.10722138637058298,57.13557208666422,0.0012467710694840095,3.5111629806566067,1.466889619319298,0.6370620672315328,0.45132793883105166,266971.1412503939,242.51456672016272,0.01631947295212588
base,target,target,6,10,1090.1980670135965,516.0125939728073,0.47332004117961013,733.8331336689282,0.19561447430037834,0.9071214919283918,0.046819182977613866,0.09287850807160825,48.3657378710729,0.0009426580359537251,3.5854809397112604,1.4726956250323027,0.6395835834745894,0.43732550655698116,321659.26076327794,186.77010984186106,0.013556381596236178
base,target,target,7,10,1191.503160172568,700.5656688321776,0.5879679485958834,989.0952394119978,0.22796596866374227,0.8879977101756211,0.04498525346505228,0.11200228982437888,53.58593604299895,0.0009735567156089475,2.8926239660488644,1.3340607873835961,0.579375238484203,0.529584457841842,601466.4360918063,211.87538513054022,0.013066629165337962
base,target,target,8,10,2120.691562687688,884.3791079042464,0.4170239196799632,1222.453911274766,0.08542751816166648,0.9592914160216617,0.012210482605823508,0.04070858397833832,60.29724112217713,0.00035746217599808006,1.9841885102043777,1.0570683565412367,0.4590789542403982,0.6917808436383381,955164.6346477593,206.49784491496283,0.004525288568868691
base,target,target,9,10,3301.521928747175,1008.6844502275706,0.30552105119905554,1379.4965943474365,0.03834692194761024,0.9821536179575963,0.005109366263993483,0.01784638204240374,68.5235361193983,0.00017669203682901813,1.7678510457860859,0.9576739282522776,0.41591250250257483,0.7409398624657971,1204898.5376179272,296.53765174006884,0.001955591730811057
base,target,target,10,10,3598.8251119938845,1424.8874497815218,0.3959312846386359,1922.7669532501468,0.03999696341602971,0.9806586993925054,0.002985132126986294,0.019341300607494616,69.29121529151134,0.00018176076817189024,1.3616042378914257,0.6332679886550903,0.2750247930388768,0.8538853108143777,2466991.592340243,319.9895047659252,0.0018643978901120573
base,target,target,11,10,6963.086312175005,1796.0867748229098,0.2579440630633056,2489.4143007401126,0.012612871322222705,0.9941860485841996,0.001550899259490995,0.0058139514158004335,96.27961683464113,6.779991135430485e-05,1.2598107015332312,0.5258419720792789,0.2283702668271546,0.8893327299186876,4189867.7447534353,396.74523644785154,0.0006994897458503235
base,target,target,12,10,7499.087954298168,1797.0243446937834,0.2396323867176145,2522.8527116481314,0.013038896063532895,0.9940239130472953,0.0018824331171022172,0.0059760869527046845,192.6044883521606,9.6315681014425e-05,1.3266590785109098,0.613024674353095,0.26623323334208704,0.8658213941913425,4260697.370941705,308.5862152352447,0.0008367959218337218
base,target,target,13,10,8574.569189237709,1873.818769873095,0.21853211846782938,2688.7097792046407,0.011550977390213204,0.9947299327533408,0.001878393680823213,0.005270067246659238,222.32606074798053,9.333868155358971e-05,1.351694256472771,0.6478634673145436,0.281363528881414,0.8575171371735979,4750307.119931432,415.433791207912,0.0007585033231792826
base,target,target,14,10,14943.223931904473,2178.301753293615,0.14577187380849188,3158.911731578422,0.00476862525964099,0.9978423923743438,0.0007676978420443883,0.0021576076256561993,481.7305917633467,4.775541774704184e-05,1.3003425398596629,0.5923131372999261,0.257238327088161,0.8750446734865954,6926641.161308887,393.1340421666531,0.0003423635489153698
base,target,target,15,10,19663.871168343958,2623.7526739087284,0.13343011919914313,3792.418082798292,0.003172697208401523,0.9985670042636621,0.0005712564181981842,0.0014329957363379275,552.3224116512843,3.5148666058693045e-05,1.2386359071061799,0.510035803129697,0.22150573487232067,0.8972759551867708,10056846.87824312,476.9103751646636,0.00026502138362705097
base,target,target,16,10,24013.983748286413,1989.0205275714925,0.08282759530531558,3019.8540259214087,0.002552908818678115,0.9988496308152646,0.0004780235896296219,0.0011503691847354336,379.6724247072812,2.83398395801715e-05,1.6765921864341904,0.958605025041387,0.4163168727002029,0.7645577809938316,5473737.046713025,529.9116172988528,0.00021451012999795793
base,target,target,17,10,27483.04030191609,3096.217320361163,0.11265919950440481,4587.95879903318,0.0022253773798480824,0.9989957929972683,0.00029408241460231145,0.0010042070027317385,409.5058790006458,2.691479440697364e-05,1.248147492295744,0.533608538642657,0.23174324382896402,0.8939250518033545,13503919.859379819,606.6951422456866,0.00023576118538604085
base,target,target,18,10,32541.092754400554,2853.8088030212903,0.08769861616387692,4519.512785513517,0.0020243739033259907,0.9990874022641719,0.0003086340541107064,0.0009125977358280801,701.2294758613709,3.829478051098345e-05,1.332241063387279,0.64688910369529,0.2809403681382049,0.8643760300647784,13740154.595872734,999.7728331781527,0.0002426585588917174
base,target,target,19,10,37266.83237576191,3302.744307016727,0.08862422954854647,5335.347762341914,0.0018944971957922762,0.9991458581167596,0.00026928103724862634,0.0008541418832404002,823.6223901633497,3.5841234774181e-05,1.2668519731857786,0.5612739519235522,0.24375818015642978,0.8870906890003379,20330731.78946562,1296.392387812658,0.00022396663006107875
base,target,target,20,10,40211.48669960989,4073.6002739843207,0.1013043935533933,6550.141862910415,0.001796031116547149,0.9991897872868837,0.0002710942079592357,0.0008102127131163206,1165.4366200811082,3.288190885919473e-05,1.1811852025625298,0.4287227308383946,0.18619191626960785,0.9194396212384315,31199987.138933778,1331.8995509837687,0.00022175943526603348
base,target,target,21,10,43334.95472799066,4084.6711640099966,0.0942581154093522,6560.802591652674,0.0017804728005025553,0.9991970771771509,0.0002625029083692384,0.0008029228228491059,1044.321302121238,3.0136764391897053e-05,1.2140910754666858,0.4817717744084568,0.20923082316233105,0.9066343520863065,31228992.338360947,1281.8705995297776,0.00020287856707623675
base,target,target,22,10,48905.44343096075,5400.343903601495,0.1104241884898784,8590.688958834353,0.0018363895934729597,0.9991707785546879,0.0003455322350982853,0.0008292214453120561,1206.2074036384636,2.9048413469401346e-05,1.15390699931818,0.3800177366983697,0.16503960607346482,0.9304098244512602,52622433.88170918,1601.7649586882787,0.00019217051409459174
base,target,target,23,10,56930.42062211485,7234.983013175918,0.12708465762442409,11028.748395495584,0.00204805718034165,0.9990743036725973,0.0003690724615354242,0.0009256963274026919,1789.0908938606694,3.648155278690446e-05,1.142184153272296,0.3563833316256309,0.15477531436730815,0.9352085457647078,84855684.73410748,3657.7186533870718,0.0002865586564201328
base,target,target,24,10,63611.453386293266,9237.113521131003,0.14521148361501482,13145.66654736093,0.002422111306222326,0.9989019308595373,0.0004621872680805538,0.0010980691404627319,2577.943742835415,6.124994777156889e-05,1.1261910597864184,0.3310806200023917,0.14378648633214608,0.9419910605224492,118564033.73335773,3787.0547725316655,0.0003575393262899018
base,target,target,25,10,67798.57271388569,9684.038739974592,0.14283543668156343,13622.985727796999,0.0027654629309480966,0.9987454660281265,0.000540487635357959,0.0012545339718734727,2267.7254032815345,6.013511098401647e-05,1.1444310026531896,0.3644560860978319,0.15828126708834483,0.9343338419102316,132103265.5683466,2123.8846286522407,0.00034524667867796843
base,target,target,26,10,68384.83493219076,9431.53717125523,0.13791854847068624,13304.883816003783,0.003390052092601972,0.9984631592877911,0.0006534401866688887,0.0015368407122089423,1971.30565017473,6.95944993532871e-05,1.19944896888432,0.4572066224228815,0.19856231320788098,0.9122217605233022,128141191.59861058,2108.1143609658634,0.0004321144951150435
base,target,target,27,10,70418.06743065259,11505.50699511528,0.16338856510718436,16359.650293194525,0.0048444843289483066,0.9977961193429014,0.001013733937916898,0.0022038806570986447,1902.4180835769266,8.030896936861431e-05,1.1965278080903248,0.45256342474286815,0.1965457980770652,0.913366744485433,192733799.59287104,2187.5933778188446,0.00047544095049545376
base,target,target,28,10,71402.69029089597,10596.765023690123,0.14840848405737503,15138.599894243536,0.006415878995779314,0.997091333429396,0.0011766575448049898,0.002908666570603957,1671.1764259687309,0.00010337262037918293,1.3984231045315993,0.7111740283029224,0.3088589561648662,0.8422254258652657,159573498.20460325,2467.302726840644,0.0005909806826390751
base,target,target,29,10,75458.89154393392,11283.082843373215,0.14952622033685642,16247.358061086796,0.00779262020581406,0.9964687649635225,0.0013497726304203962,0.0035312350364774536,1801.1352139279063,0.00012095582549653816,1.5361119583173843,0.8460346337066769,0.36742817291784863,0.8012183606665412,175213573.31211436,2783.090538561948,0.0006787732239844635
base,target,target,30,10,74297.9927193926,11860.118871684195,0.15962906180355763,17071.81582638456,0.009467811439746713,0.9957040354911009,0.0018851324319035796,0.0042959645088991305,1735.3229730527253,0.00014768759696381917,1.5609181533958207,0.8698286285883666,0.3777617735974007,0.7945861376072696,191876208.56023902,3025.6778550965764,0.000797247033415216
base,target,target,31,10,75282.01426875015,12450.368261936545,0.16538303847038188,17957.981740079555,0.009968274273636387,0.9954750375012231,0.001957437841765608,0.004524962498776874,1297.279239603658,0.00014829648808512008,1.553990818056113,0.8669398262777499,0.3765071826945905,0.7967413252528678,209986197.58721626,4566.766207414043,0.0007692530491748562
base,target,target,32,10,76015.71580815702,12966.733705920253,0.17057964353903815,18690.449800940463,0.012674483628406391,0.9942449588981521,0.003033064779573552,0.00575504110184788,1382.3479636333286,0.00016339027561718122,1.699627941566431,0.9789789432360955,0.42516515294691304,0.7589446805355401,220042822.56027275,4947.008445186341,0.000837340392892294
base,target,target,33,10,77293.72881818644,13856.347312163747,0.17926871330994043,19951.861215870205,0.0148363701860953,0.9932606809528215,0.0037835286830580454,0.006739319047178505,1469.0289157431464,0.00017479417156385235,1.7813762533466746,1.0306730080323787,0.447615600035088,0.7394418758146556,244999940.1430794,5272.642143459904,0.0008765356675128899
base,target,target,34,10,80723.96137577448,14737.862409089232,0.18257109980621083,21173.315569328166,0.016573443418642995,0.9924718054588236,0.004084985217524404,0.0075281945411763695,1583.7274415422999,0.0001919703494682734,1.9190294966826866,1.1090169867214943,0.4816399576701168,0.7087744851791611,270094655.3934165,5430.57467970374,0.0009669181451131825
base,target,target,35,10,90762.6661210391,15861.500539663122,0.17475798384448704,22857.245129450963,0.01728715677741194,0.992153660665352,0.004710141420436534,0.007846339334647956,1685.1375651434123,0.00016573204874692493,2.096078462539704,1.1958880599426265,0.5193675854070678,0.6734060346990692,310032683.77359897,5181.899635456992,0.0008609282321968559
base,target,target,36,10,91965.714181419,17249.13720886706,0.1875605203787144,25014.989759005108,0.019791792368344066,0.9910084841118918,0.005424612937572866,0.008991515888108204,1803.3083689448872,0.0001900190119784595,2.116056440300646,1.203499757511718,0.5226733036592407,0.6691047644961658,370751400.23087376,5891.122104489834,0.0009647503473877439
base,target,target,37,10,101411.66114512585,20189.589789979003,0.1990854854560222,29335.672393998182,0.019617840091581858,0.9910778387834045,0.005597742127179585,0.008922161216595503,1953.7912024682846,0.00017687813490530058,1.8927192390905576,1.0808809265464734,0.4694206219936074,0.7127126886765864,522472717.5427754,6087.390510317927,0.0008874550140914872
base,target,target,38,10,108302.8246738418,21494.09234629089,0.19846289707605683,31347.104139611198,0.020248286396028343,0.9907888650973581,0.006348014777302686,0.009211134902641915,2084.4071515251812,0.00016484269812078178,1.9063492203430084,1.0843955206666114,0.47094699082611297,0.7096515729250042,599514152.7358738,6258.79892267341,0.00081021123997016
base,target,target,39,10,115659.08588874449,22780.078251123814,0.1969588301349413,33191.890432717715,0.02132143238379014,0.9902998736148467,0.0071112172213621035,0.009700126385153274,2277.622562368537,0.00015748736524279217,1.9813982573580442,1.1228024647266595,0.4876269146981587,0.6939883623844094,669683051.2672184,6116.983804061967,0.0007744914074810927
base,target,target,40,10,126216.56481545503,24603.215518852285,0.19492857815315584,35805.54961393078,0.02263036113662978,0.9897056502758865,0.007583492172254917,0.010294349724113472,2496.112889000917,0.00015007137829725625,2.122295637994502,1.181211327116855,0.512993561328467,0.6649632974955956,769370650.3783873,6052.914681964635,0.0007349602521690146
base,target,target,41,10,142946.37799147476,24603.365737449847,0.1721160485711445,36304.106505056065,0.020494008181185262,0.9907042651976757,0.0059768254911358835,0.009295734802324263,2974.3840792998903,0.0001380520437109789,2.5873789376195098,1.3372053245812845,0.5807408936372986,0.581056558527332,771356786.9029485,5753.92915407876,0.0006902868898248649
base,target,target,42,10,155835.26425306767,28354.38319939308,0.18195100663061195,41663.41451210282,0.021359384825745585,0.9903006432078276,0.0070952294775445445,0.009699356792172376,3231.2122467538406,0.00013257646295827819,2.3330865596121986,1.2610977529405791,0.5476877952426839,0.6256919343263637,1025122573.7709738,6034.984849992384,0.0006538976238715799
base,target,target,43,10,161680.54391561588,29180.274280401056,0.18048104969037457,43041.87711472678,0.023006127536865487,0.9895519701113867,0.0075798404496702386,0.010448029888613264,3511.679819596129,0.00014214511722066003,2.520814062891767,1.31888386168026,0.5727839833989885,0.5926953833534552,1089312631.2347097,6219.6116501239485,0.0006981412450318691
base,target,target,44,10,173798.58609924366,32567.032397300965,0.18738375914464755,47699.523867063785,0.023870848192947266,0.98914617617886,0.008744927507184598,0.010853823821139974,3603.4150932823027,0.00013864639405458679,2.3164011494695376,1.2519611403168192,0.5437198147968972,0.6285835217344851,1356446133.6958203,6619.771923304824,0.0006864253159183376
base,target,target,45,10,185563.27417088178,33950.73787635878,0.18296043777010623,49525.49948096027,0.024812134669873476,0.9887180123908227,0.009246071575712538,0.011281987609177313,3642.173439373792,0.00015135824587442226,2.4148092149731615,1.2998465917039088,0.5645162020977568,0.6142243849492192,1449221792.1107965,7266.827522975822,0.0007318851964285278
base,target,target,46,10,194242.29972257867,33412.93439167694,0.17201677718703942,48370.89257362957,0.024034521638828188,0.9890909104224599,0.008102702708922988,0.01090908957754011,3836.6362646130274,0.00016740069453968776,2.731400695250819,1.4172722465393344,0.6155135160266579,0.5701022345252245,1329170111.429297,8219.30072712934,0.0008877349774047971
base,target,target,47,10,214712.465627835,34210.030611766146,0.15932950381680686,49311.54922873571,0.02115077263966686,0.9904166179910799,0.006518075719491933,0.00958338200892006,3852.861765549022,0.00015262622236189571,3.029712025109726,1.5030551017995712,0.6527685367080842,0.5332505161060114,1349298910.047675,8794.213069908958,0.0008384483076558924
base,target,target,48,10,118.92450487839096,84.51980589702667,0.7107013477453925,126.08189789065072,0.38437763348265835,0.8078148419797909,0.13932204335861784,0.19218515802020908,10.218098066044192,0.0035595439335969203,4.3082536478648175,1.6668925977959153,0.7239222571481425,0.3390188250291947,9070.87457648567,23.47275864395722,0.01949622263707862
base,target_word_shuffle,target_shuffle,0,10,33.10863497389326,47.6450022176564,1.4390506360417419,65.50036864607243,0.7707816136393445,0.5534406448713828,0.3511671860666215,0.4465593551286172,0.0,6.072919944699606e-14,3.6665594210805623,1.4604499442481123,0.6342653518828668,0.44082950208445343,2758.6194915366705,0.0,6.072919944699606e-14
base,target_word_shuffle,target_shuffle,1,10,782.4710769893782,515.476143849651,0.658779805424869,692.1245436897744,0.3522743932760119,0.8209124167575326,0.18169460456967934,0.17908758324246743,18.257744489713435,0.00027201829727363513,1.7608013903306978,0.9059557808585157,0.393451596475205,0.7394560379451032,310091.1715851854,87.54248085442241,0.006216347197030125
base,target_word_shuffle,target_shuffle,2,10,756.5986250478807,483.54855910935646,0.6391084296231108,653.8620927448345,0.3465613706271032,0.825812733891157,0.16844683259022303,0.17418726610884305,26.32102895284701,0.00043302718989046696,1.9777338810451384,1.0147853703715977,0.4407156866685325,0.6897555955285365,275487.64876463986,95.26091583740417,0.0077590957729850585
base,target_word_shuffle,target_shuffle,3,10,783.6319135407299,502.794040392402,0.6416201684801193,690.9821013203801,0.3517461906011689,0.8241459957081322,0.15228435331358303,0.17585400429186782,31.32867903110293,0.0007992985103710826,2.0957327134026733,1.0920705835899889,0.47428022830199607,0.667986721693404,298730.91249502316,109.9005663135166,0.009874580588626558
base,target_word_shuffle,target_shuffle,4,10,589.3572439703374,500.43519476055326,0.8491202914369191,691.7016424813012,0.49168284426058934,0.7456480431461715,0.1781810037719991,0.2543519568538285,33.86080713189615,0.0014062295714039053,2.354469050131421,1.192124437021883,0.5177330647406244,0.6207517333680211,296036.6578140833,116.4663515779617,0.018539223873238808
base,target_word_shuffle,target_shuffle,5,10,971.8863996930351,460.32024228985154,0.4736358513044741,657.6159451535326,0.21557861362008393,0.8977020631073034,0.06776875804065906,0.10229793689269662,45.927450584273515,0.0009324010767520763,3.505437456031758,1.4668539499162256,0.6370465762066057,0.4524176512718747,257244.26216890276,217.91258044023508,0.012554344439834053
base,target_word_shuffle,target_shuffle,6,10,1105.0538822257427,533.1975843690636,0.48250822240009156,752.7336086389324,0.1835982110134995,0.9123396094074895,0.03722484748373723,0.08766039059251052,70.14041084024433,0.0020108358953865313,3.2502693088394774,1.4148854130113713,0.6144769273962419,0.48141761112541215,339070.9030868209,187.15872123654466,0.013806622385156175
base,target_word_shuffle,target_shuffle,7,10,1078.9017883825118,670.2168063756329,0.6212027949090905,949.5121857501887,0.25953168268717586,0.8716258107905526,0.059929972332241066,0.12837418920944743,145.23087265248353,0.004275703242855866,2.9986761921198974,1.3560935730800274,0.58894395573312,0.5113229486487991,549882.936809376,291.4255327514871,0.018341569652161493
base,target_word_shuffle,target_shuffle,8,10,1994.5651416897845,785.8648345762178,0.39400309277963075,1100.9275681575457,0.09167464974277559,0.9569197811028578,0.020449774301088675,0.0430802188971422,146.6382789064349,0.0012549089380949896,2.2908613499991053,1.1709819268649735,0.5085509892458951,0.630329760715172,775346.6781458496,273.447819600679,0.005657830272893349
base,target_word_shuffle,target_shuffle,9,10,3244.7122851031972,835.0972373506127,0.25737173714434664,1167.250874442959,0.03703934166757374,0.9829768782570042,0.006547355190170173,0.017023121742995806,139.77831068013546,0.0005676106340573028,2.195524524108722,1.1638405879322686,0.5054495451540205,0.6515276835640936,830445.1061480237,352.027292179243,0.002398379538556261
base,target_word_shuffle,target_shuffle,10,10,3473.4573355579046,1179.6924767179316,0.33963062238921954,1609.5331551446352,0.038838721925902174,0.9816609889218606,0.0032301071570819766,0.0183390110781394,185.39642590566947,0.0006508499059133532,1.5179978038963735,0.7800448037158138,0.3387691538910831,0.8057139474873004,1701858.3778692011,434.2829232488436,0.0024521891246842564
base,target_word_shuffle,target_shuffle,11,10,6448.707700431629,1307.3965405563117,0.2027377579028437,1877.6656774008834,0.013674760960609501,0.9937682473014109,0.00246320108825579,0.00623175269858911,485.2918020527579,0.00024766970210088335,1.470252006160943,0.7508223024434608,0.3260779828410894,0.8195896306515054,2423135.593259738,862.708165303403,0.0009619068043575929
base,target_word_shuffle,target_shuffle,12,10,7055.973243273349,1334.6330874120106,0.18914939745333537,1965.9217625637307,0.013647903043304349,0.9937990096624324,0.0026185779976368316,0.006200990337567602,320.8659259027583,0.00023539044591325275,1.5277291236626076,0.8049370807115481,0.34957973243233775,0.8028295846525216,2754024.8764013676,567.135533460367,0.0009420515968477927
base,target_word_shuffle,target_shuffle,13,10,7790.886975902579,1404.300466199774,0.18024911291144546,2118.7963250161874,0.013341819143079211,0.9939530963148933,0.003207761440500821,0.0060469036851067415,620.0303985645618,0.0002425546396337408,1.6376155261374634,0.8936800558099792,0.38812031682526404,0.7728680852556304,2944015.5944596184,1082.82827083875,0.0008971544470030013
base,target_word_shuffle,target_shuffle,14,10,13637.78828646647,1528.4302221724881,0.11207317418831275,2360.410818083831,0.005297165734407991,0.9976093269457744,0.001054823294013903,0.0023906730542255783,869.0217420620965,0.0001013981736436298,1.6519775218094173,0.9175296586115406,0.3984780677175665,0.7695012954709364,3627554.3305772673,1313.7665057731276,0.00034478951049266016
base,target_word_shuffle,target_shuffle,15,10,18421.520110834168,1890.0055525435487,0.10259769775633162,2917.498626499181,0.003317142339895645,0.9985040009443462,0.0007301337751961009,0.001495999055653785,744.4475544327325,6.193567194001659e-05,1.4786101637751017,0.7765684888455398,0.3372594095255648,0.8173959539168136,5346644.284820224,1167.0450280126126,0.00025080497973917204
base,target_word_shuffle,target_shuffle,16,10,23065.958315557677,2203.8572260671904,0.09554587743188274,3280.8428270967684,0.002595809970592179,0.9988290128481332,0.0006088619100754542,0.0011709871518668091,655.1178762921091,4.8355319673731856e-05,1.4001389994249263,0.7119120773244508,0.3091794867822901,0.841904167629475,6741510.730969453,1223.0580244932644,0.00020487905476973545
base,target_word_shuffle,target_shuffle,17,10,26216.323367191824,2440.7282906061896,0.09309956458885522,3778.1794154292133,0.0022912890684719652,0.9989670721621067,0.00038053820705804165,0.001032927837893327,948.463629383601,5.082953317225858e-05,1.3827061008807908,0.6974988821531679,0.30291991565280735,0.8475380106566952,9173218.707918474,1495.805508295294,0.00024991824134390495
base,target_word_shuffle,target_shuffle,18,10,30941.486210435258,3038.943371654307,0.09821581778542363,4609.672117412739,0.0022377308778483416,0.9989904847567332,0.00044060122447987815,0.0010095152432667565,1012.0926506450013,5.4409884897688165e-05,1.3000885854507176,0.6072920552620275,0.26374358850398316,0.8753738522258754,13936605.924675152,1107.9040250588002,0.00021663533279558944
base,target_word_shuffle,target_shuffle,19,10,36153.87552001029,2886.172496515341,0.07983023825254681,4203.165497149898,0.0019248864939412247,0.9991324416650169,0.0003245240955724594,0.0008675583349830873,505.96041972654893,5.0354206794556156e-05,1.4863818945100957,0.82373550918321,0.35774378618603353,0.8165990647489172,10895949.837894835,741.2758416208317,0.00020756560149715053
base,target_word_shuffle,target_shuffle,20,10,38280.58911485809,3355.614283649743,0.0876583762486379,5152.491686705445,0.0019131214998848586,0.9991374460379161,0.0003341507868336837,0.0008625539620839007,894.7070406018871,4.787503126446602e-05,1.3192485100569804,0.6321456012752826,0.27453734639326843,0.8687602117376667,18219516.746447966,1194.974909027294,0.00020966908621355973
base,target_word_shuffle,target_shuffle,21,10,41787.142843855734,3117.2432843290508,0.07459814364377873,4760.209327729591,0.0018368548257917969,0.9991723578779041,0.0003330070935384828,0.0008276421220958508,680.2696814949327,4.282582640724453e-05,1.501642593926148,0.830697297102118,0.36076725226339595,0.8118812929729095,14143387.356924186,1015.3219775915044,0.00018929577839299494
base,target_word_shuffle,target_shuffle,22,10,46705.318683740945,5195.421447339684,0.11123832560740698,7373.454285312076,0.0019007849915301195,0.9991421458076457,0.0003915972942652808,0.0008578541923542904,1138.285912082099,4.258207698393246e-05,1.2033889467021057,0.4680781023892624,0.20328373696740196,0.9107883725499919,35982392.672505476,1267.0297223476193,0.00017575601929009643
base,target_word_shuffle,target_shuffle,23,10,54373.264100863445,7052.196099125698,0.1296997010524095,9702.026945492064,0.00205370380981776,0.9990716624748657,0.00042503297495667376,0.0009283375251343262,997.4943440309784,5.005922602507873e-05,1.1542708906063954,0.3828906353988106,0.16628729012613333,0.9302840361386429,64947206.33675134,1492.0379714131006,0.00025733139834926977
base,target_word_shuffle,target_shuffle,24,10,59336.435581218386,9256.876986270538,0.15600662384918507,12458.559504962574,0.002517492247616598,0.998858473098951,0.0005910228858400229,0.0011415269010489615,1935.0324534754202,7.38930612170785e-05,1.1163140813193082,0.3131425001227775,0.13599605985271063,0.9462176807953353,105151660.29388106,1646.169032689736,0.00027366942539808203
base,target_word_shuffle,target_shuffle,25,10,63190.47660731485,9855.06895641395,0.1559581361865079,13308.063807233322,0.0027771834476360596,0.9987391522003811,0.0006480353214426673,0.0012608477996188805,2577.603320880709,7.042515758737267e-05,1.120220679193823,0.3205645467669662,0.1392194137547103,0.9445447375673228,121383017.12455092,3742.1558246175846,0.00026738642445234273
base,target_word_shuffle,target_shuffle,26,10,63495.40265244348,9430.360656484894,0.14852036938964097,13021.490482954687,0.00348645383872874,0.9984178201984024,0.0007855776914488875,0.001582179801597583,3184.1107192936665,7.27410624573599e-05,1.1712631125513555,0.4142295649938923,0.1798976143180318,0.9234322104702288,117931914.25816312,4550.822190718673,0.00033279134538899413
base,target_word_shuffle,target_shuffle,27,10,65680.45259203581,11340.148848434808,0.1726563749320125,15822.223985325838,0.004934960879441277,0.9977527626278704,0.0011775669557058644,0.002247237372129618,3158.2344867876354,7.317291344854926e-05,1.1748830529722765,0.4183093371224305,0.18166943684087866,0.9219522928952115,173699740.98078847,4771.27872622305,0.00033452139171519235
base,target_word_shuffle,target_shuffle,28,10,67276.31444853985,9787.881903339254,0.1454877839782094,14013.237935953153,0.006395686163284286,0.9970998765832488,0.0013548897758358077,0.002900123416751166,2963.414087090834,9.967852371917107e-05,1.3879868422765165,0.7054506338566151,0.3063733175390792,0.8458543961004336,130147826.27601606,4778.834411234262,0.00041907381749650696
base,target_word_shuffle,target_shuffle,29,10,71308.10976891256,10387.74871757694,0.14567415615475446,14959.477431942261,0.007709173112567445,0.9965054308966147,0.0015848651813150751,0.0034945691033853032,2978.7011836805873,0.00011073258106064632,1.5109546989642015,0.8328085150265129,0.36168414255805587,0.8089637725921985,142426964.5093226,4552.211273877378,0.000466385820094839
base,target_word_shuffle,target_shuffle,30,10,70250.17845472206,11095.970360249252,0.15794935478207892,15965.90436587996,0.009608565042893605,0.9956380183721439,0.0022544393951557154,0.00436198162785606,3086.992918765328,0.00013046346272371778,1.5265008966781202,0.8480555444966614,0.36830584332235766,0.8047273128619745,162269786.92254156,5154.008325942612,0.0005266015761240528
base,target_word_shuffle,target_shuffle,31,10,72177.48844444953,12312.546914954417,0.17058707888444483,17683.645300943852,0.009802671404862216,0.9955438609136333,0.0023597055889819658,0.004456139086366662,3256.516107271678,0.0001216397110028744,1.4358954774750439,0.7615581069046201,0.33074048347736323,0.8312411700972587,198848478.27836496,6951.372806638592,0.0004990786877203668
base,target_word_shuffle,target_shuffle,32,10,73393.29404118693,12902.559615913844,0.17580025238645333,18473.645383060742,0.012387301838991324,0.994368479691629,0.0034240884926685375,0.005631520308370996,3019.696352209328,0.00013382147346330253,1.5451202397769168,0.8609891435256851,0.3739228340118119,0.79952497695798,212958422.09559736,6882.896662595084,0.0005412076702899782
base,target_word_shuffle,target_shuffle,33,10,74849.56598113573,13692.251006954108,0.18293026589365866,19523.654519145435,0.014542673947565891,0.9933871918762561,0.004200825262212272,0.006612808123743874,2982.4873191602287,0.0001407861008236866,1.6277440154258291,0.9237904960304205,0.40119711486067944,0.777319816431782,234573083.98939633,7040.744722318658,0.0005586091514430125
base,target_word_shuffle,target_shuffle,34,10,77941.99528391758,14373.818154708939,0.18441686156929585,20473.313175026422,0.016232437000239686,0.9926203006844713,0.004548553017028743,0.007379699315528732,3161.9159587426557,0.00015010993330655253,1.7490165684313232,1.0077928756077152,0.43767888477784095,0.7472367005030871,252652282.35538822,7371.261506599359,0.0005979479412124844
base,target_word_shuffle,target_shuffle,35,10,87316.14762768373,14908.125106069376,0.1707373207718423,21373.174511685203,0.01684306548076337,0.992355459064821,0.0049990637696759104,0.007644540935178967,3414.8213806628746,0.00012958841633659013,2.0135600074511433,1.1552375695750992,0.5017133017537895,0.6899503208895226,268657942.62408483,7554.960245640885,0.0005513780333804563
base,target_word_shuffle,target_shuffle,36,10,88820.07579657991,16085.400409416568,0.18110095341796534,23130.668744939267,0.019005092183271708,0.991368072895009,0.005696397791784245,0.008631927104991055,3312.9338170809815,0.00014549488324377968,2.0629068706646656,1.175821049648146,0.5106525935678793,0.6796494134408964,313698116.2713328,8020.752131066137,0.0006071854371084706
base,target_word_shuffle,target_shuffle,37,10,97700.3156134042,18757.082299155758,0.19198589258786736,27123.697491783798,0.01887627697394715,0.9914203104900405,0.005829246709401799,0.008579689509959465,3671.3082269827128,0.0001412684023959221,1.8979674187476,1.0781808266856856,0.4682479835234795,0.7114770390273288,439239210.7990655,8685.91625956933,0.0005864549234531058
base,target_word_shuffle,target_shuffle,38,10,103968.84084518382,19941.941048797256,0.19180689990082767,29062.126332426295,0.01960102665886663,0.9910897802082961,0.006656627377894331,0.008910219791703922,4005.399941066033,0.00012982373698211536,1.9213292399272797,1.0853587786980972,0.4713653284738362,0.7061800624104007,506226280.40887874,9431.838300910933,0.0005381332495216773
base,target_word_shuffle,target_shuffle,39,10,110761.3261092428,21176.96939484139,0.19119461764077073,30875.180399203502,0.02077652877492496,0.9905555241316211,0.007365945979814108,0.009444475868378932,4270.727931539113,0.00012159842219661154,2.0103489673475754,1.1295978975563126,0.49057813367822123,0.6877841047370851,567921882.6487942,9633.91409822926,0.0005163037467721399
base,target_word_shuffle,target_shuffle,40,10,120850.75208127909,22880.92178401568,0.18933205950283988,33340.78513905632,0.022089857022182857,0.9899591899365847,0.007849651271388973,0.010040810063415284,4541.632309002791,0.00011461215545816028,2.1543865561305546,1.184788533527077,0.5145471223330553,0.6582820158990922,656960307.1533198,9734.84156655622,0.0004901759252531335
base,target_word_shuffle,target_shuffle,41,10,136650.1787331005,22678.65404086763,0.16596139318019218,33522.87604400312,0.01993323713386688,0.9909652496807044,0.006184080178299365,0.00903475031929557,4919.86056361168,0.00010578093428414981,2.7101870033389854,1.3601666557874519,0.59071287307729,0.5604633510480477,651687857.0807613,9421.630271966502,0.0004538351014957698
base,target_word_shuffle,target_shuffle,42,10,149223.48822844695,26153.76174133755,0.17526571756115653,38699.83243597733,0.02061322595876641,0.9906469748158733,0.007230728757505644,0.009353025184126729,5067.4481936646625,0.00010032205110754866,2.3936836205588503,1.266255488862956,0.5499277714928863,0.6134842157434413,880664081.5939573,9766.10621352024,0.00042832346216237216
base,target_word_shuffle,target_shuffle,43,10,154724.47386195487,27138.645241987106,0.17539982243662497,40241.09529157625,0.022558970958129816,0.9897616317550962,0.007865080231027924,0.010238368244903762,5242.725070098006,0.00010568524991605432,2.581365959777778,1.3207963086987924,0.5736145485860694,0.5805953736098981,951893267.3083447,9583.004995069989,0.0004463984341717131
base,target_word_shuffle,target_shuffle,44,10,166935.9112284935,30295.76299545257,0.18148140069146207,44647.835795786814,0.02320543004328517,0.9894560743831395,0.009039179242210703,0.010543925616860461,5287.185095000996,0.00010370948877569397,2.3443767816511922,1.245999736292861,0.5411308099248964,0.6219448125900943,1188390190.6115367,9725.87913756199,0.00044446338056625123
base,target_word_shuffle,target_shuffle,45,10,179876.53630182368,31667.485185701913,0.1760512284524174,46258.315176456126,0.02390969747266175,0.9891363529547773,0.00942381032278328,0.01086364704522269,4788.624386262701,0.0001080865274643017,2.4490414681058694,1.2972173780095282,0.5633743490985428,0.607044037207397,1266836436.6110797,9044.33645869374,0.0004651091959244624
base,target_word_shuffle,target_shuffle,46,10,189373.1464666228,31597.440473852832,0.16685280391336746,45614.92814051616,0.02298869706440814,0.989571344307306,0.00824880157389592,0.010428655692694022,4600.919649709132,0.00013240823902771481,2.728649349211504,1.3987398864977907,0.6074650143239713,0.5682184952505476,1190655332.4531345,8634.697297793859,0.0006048641298751489
base,target_word_shuffle,target_shuffle,47,10,211676.46937009593,32953.21044969583,0.15567724909508157,47492.09046737349,0.01990100476924233,0.9909864818690387,0.006584754167162964,0.009013518130961296,3979.119263570882,0.00012508713711001374,3.0032294316058095,1.4755581964354416,0.6408267824390268,0.5332381676899259,1265727203.6938934,7752.252243827121,0.0005876992944189308
base,target_word_shuffle,target_shuffle,48,10,113.50696087049973,80.3469112201466,0.7078588890404158,119.82692190701184,0.3784381807019091,0.8109556119546777,0.13545829000186696,0.1890443880453223,10.427554860322294,0.0037660152946330516,4.143723068299714,1.6348682949289344,0.7100142791262142,0.355302425294747,8286.685361028653,20.62971118303782,0.01473443417432585
base,target_sentence_shuffle,target_shuffle,0,10,33.10863497389326,47.6450022176564,1.4390506360417419,65.50036864607243,0.7707816136393445,0.5534406448713828,0.3511671860666215,0.4465593551286172,0.0,6.072919944699606e-14,3.6665594210805623,1.4604499442481123,0.6342653518828668,0.44082950208445343,2758.6194915366705,0.0,6.072919944699606e-14
base,target_sentence_shuffle,target_shuffle,1,10,785.5077816997139,519.1793272526529,0.6609474016020959,698.2056867628781,0.3564864248524447,0.8188415110078721,0.1814801821410043,0.18115848899212794,19.402356492181667,0.0003001651802495564,1.7998006575662115,0.9298299405064566,0.403820012270383,0.7302744023489915,314661.6704225794,89.86442140850731,0.006537071025669805
base,target_sentence_shuffle,target_shuffle,2,10,780.7574100131385,494.08520930937414,0.6328280756260246,668.2425691724079,0.34093284595290746,0.8289872054914211,0.16306242636405505,0.17101279450857887,23.64559650855957,0.0003741099238782075,1.9926294221171719,1.0239193623151899,0.44468252896738336,0.686919970322578,287117.0534229211,98.91276090457218,0.007993964897263672
base,target_sentence_shuffle,target_shuffle,3,10,782.0081129768114,509.4172192122962,0.6514219107946788,702.1446617746642,0.36023137249926823,0.8197587250827338,0.15311419037879934,0.18024127491726616,34.242917307503646,0.000955188977250887,2.14630041928345,1.115052635447226,0.48426120660640853,0.6585227691111473,307025.413022008,128.41263895312676,0.013573076646901883
base,target_sentence_shuffle,target_shuffle,4,10,606.752901118787,513.0357948818697,0.8455432086700964,708.8401774471787,0.48942251790496044,0.7470317285782935,0.1757972994173501,0.2529682714217065,33.072665017581876,0.0014616661960829003,2.360254370001931,1.1951368392961164,0.5190413344255967,0.6201107400085983,310792.37779982935,132.43204897643707,0.02381757428490172
base,target_sentence_shuffle,target_shuffle,5,10,973.1096609216481,470.9676196352997,0.48398206137347155,673.1259929618377,0.22197181621215717,0.8944691198986648,0.06838093884872364,0.10553088010133516,44.416387593667,0.0008821441373354499,3.554804415340263,1.4725510116531484,0.6395207786820134,0.4451990777555186,269484.5025454808,228.89532560431687,0.014961247732871441
base,target_sentence_shuffle,target_shuffle,6,10,1105.4769067477491,514.783407217524,0.46566635998936184,732.4715525679761,0.19018564250931752,0.9098278279546845,0.04499363185607278,0.09017217204531547,45.78880283078269,0.0008462608372115099,3.5987298456266976,1.4776911462646687,0.6417531107800365,0.43783805744496307,320051.22785811755,184.0160554565851,0.01334211889346082
base,target_sentence_shuffle,target_shuffle,7,10,1204.2801523705314,699.6443221423694,0.5809647537287513,987.5681348441408,0.22335462353852387,0.8905593082521983,0.047037162182409505,0.10944069174780169,58.1811642549503,0.0009824038076535757,2.90273399402165,1.3336578797313599,0.5792002579141202,0.5272625408077665,602904.1796232301,207.18904375914002,0.012851002343827633
base,target_sentence_shuffle,target_shuffle,8,10,2136.7949290429847,887.2178571824786,0.4152096418442177,1226.815292546507,0.08380744823850406,0.9601049637742662,0.012733084137008107,0.03989503622573376,68.04874803790959,0.0003603692695661742,1.9733341087903693,1.051192978158614,0.45652730982973155,0.693968223595304,964003.6826963038,205.43142893172157,0.004539305361620505
base,target_sentence_shuffle,target_shuffle,9,10,3293.141118626922,1010.230842990223,0.30676816042776794,1382.9540792909609,0.03833161359029647,0.9821640822113558,0.00538121072318138,0.01783591778864424,72.98618276242854,0.00018097715136966563,1.7656665697413378,0.9556029034011323,0.4150130678378379,0.7413845145186552,1211936.3050535908,302.96946123773233,0.001974619782824427
base,target_sentence_shuffle,target_shuffle,10,10,3588.926400450445,1447.7719071490742,0.4033997205870158,1952.6890256547877,0.04020252638959575,0.9804902730194357,0.0033531761621289364,0.0195097269805643,71.99025839369864,0.00018630979030953565,1.350055193477999,0.621008869229292,0.26970072511925963,0.8577181523378257,2536396.3762054555,328.0941617449013,0.0018943337829719908
base,target_sentence_shuffle,target_shuffle,11,10,6924.616392897304,1767.754064434493,0.25528548646358346,2445.8373914212907,0.012630336499160176,0.9941832770772432,0.0016035414638159713,0.005816722922756812,80.72267826710946,6.605913304358335e-05,1.272233284704124,0.5430613250853376,0.23584853681963006,0.8848429904806638,4016348.391722935,426.2951135622519,0.0007052138342360514
base,target_sentence_shuffle,target_shuffle,12,10,7466.851498770877,1773.7757909792047,0.2375533772529408,2487.5584732118336,0.013026506956870448,0.9940337488993402,0.001961813501374164,0.005966251100659847,164.51125341979363,9.146908203827575e-05,1.3422150697733288,0.632221918894226,0.27457049071404754,0.8605949037140547,4090397.5479699764,311.742197395298,0.0008327439459084873
base,target_sentence_shuffle,target_shuffle,13,10,8516.791654582536,1874.7786025629139,0.22012732946850616,2680.170405836571,0.011614810603367255,0.9947016656121568,0.001986121971123557,0.005298334387843218,172.13630438147624,8.550759310654854e-05,1.3521249896705856,0.6478228088446822,0.2813458711323106,0.8573638584685411,4722538.690661981,447.8045129276131,0.0007423068669413224
base,target_sentence_shuffle,target_shuffle,14,10,14853.414688436806,2212.1572974416217,0.14893257502355722,3225.1593093444494,0.00478466523158054,0.9978348145571418,0.0007883721080628815,0.002165185442858153,394.1485849698763,4.294750638556e-05,1.286881357665836,0.5751469239541642,0.2497831353569227,0.879771736166637,7167752.911289472,383.69639033941564,0.00032835887404214503
base,target_sentence_shuffle,target_shuffle,15,10,19529.28545061639,2685.720572048196,0.13752272600242157,3885.857167361033,0.0031887284277201185,0.9985595241615066,0.0005865729276895443,0.0014404758384933825,421.54194672239873,3.084447824386327e-05,1.2253233768760938,0.49030571868437695,0.212937068070233,0.9022651758002505,10496228.14587638,437.0515048128494,0.0002501199329976167
base,target_sentence_shuffle,target_shuffle,16,10,24154.321403009122,2148.517060781293,0.0889495931156084,3258.1658670806164,0.0025112356701537516,0.9988682317710253,0.0004764574886582433,0.00113176822897465,503.9322431625481,2.4856011722307336e-05,1.5425276194307835,0.8518144524866604,0.36993831632039625,0.7998041919704251,6429910.495952003,489.4220235400558,0.0002037698906376395
base,target_sentence_shuffle,target_shuffle,17,10,27278.11103290616,3146.6951781241796,0.1153560513896382,4664.060393141492,0.0022375184969918157,0.9989902218107538,0.0002982022088858415,0.001009778189246191,244.3770324094313,2.4694608157349585e-05,1.2386692279669669,0.5192877456783656,0.22552380246809334,0.8974158516795099,13916002.964458711,668.9293784430988,0.0002343443273943313
base,target_sentence_shuffle,target_shuffle,18,10,32821.874580373704,2970.5684345029754,0.09050575180368485,4671.362407565765,0.0020008951475678468,0.9990979474575387,0.00033190540476125735,0.0009020525424613401,958.1212019485063,3.170465493262942e-05,1.31880001417121,0.6288558598004634,0.2731086298238662,0.8688994440140496,14339124.952328155,1208.8248339639192,0.00023439811996517346
base,target_sentence_shuffle,target_shuffle,19,10,36831.42028987633,3445.8693226895557,0.09355787247869735,5562.254030235407,0.0019091744898484123,0.9991390365452169,0.0002852825941387593,0.000860963454783148,434.54102221252936,3.0525371568335125e-05,1.2376188090712263,0.5180647497133938,0.22499266206911617,0.8977697359920929,22103393.739585295,972.9001512520557,0.00021895710233310606
base,target_sentence_shuffle,target_shuffle,20,10,39674.36358285457,4224.398637186785,0.10647678389004772,6873.361886509297,0.0018323287517008487,0.9991730534689097,0.0002861055562134804,0.0008269465310902779,665.5139934381157,3.3180359621742817e-05,1.1584325135616154,0.388509142592623,0.16872737679693978,0.9285750087065917,34958337.14732614,978.1915550186014,0.00022745008214608564
base,target_sentence_shuffle,target_shuffle,21,10,43040.85228932476,4199.470149895503,0.09756940038422705,6796.060820870548,0.0018080920479453249,0.9991844993733288,0.0002741196165407974,0.0008155006266712395,769.8469395206889,2.975433703389374e-05,1.1992708434207173,0.4572482585938649,0.19858039556718665,0.9123265580209945,33489416.161003187,1086.3227784131072,0.0002063942418359943
base,target_sentence_shuffle,target_shuffle,22,10,48444.89237393787,5423.854456422508,0.11195926320894056,8701.304124653752,0.0018668705472480562,0.9991570381219761,0.0003457306183009601,0.0008429618780239068,777.694922722883,2.8401692775958942e-05,1.1506611997146283,0.3735023109718692,0.16220999263319516,0.9317355815374041,53983600.06569063,1261.5177804747964,0.0001949176346943693
base,target_sentence_shuffle,target_shuffle,23,10,56034.86778358635,7285.987562718683,0.13002596152913354,11296.719809991991,0.0020948795448703142,0.9990531048653543,0.0003828882251226102,0.0009468951346457422,961.0573801311114,3.8406075950070395e-05,1.1359749462255795,0.34400129130992374,0.1493978625834929,0.937794588665777,88274503.45246977,2847.950381985127,0.00029760268828737946
base,target_sentence_shuffle,target_shuffle,24,10,62460.15602452328,8985.58220113695,0.1438610271419912,12772.592214001515,0.0025116818952078193,0.9988617506608449,0.0004885158960127446,0.001138249339155073,1536.3412041748409,7.656719063109385e-05,1.136791613167522,0.35002585443085193,0.15201429710278988,0.937516887218213,112623777.78631347,2835.546945558846,0.00039291653237205626
base,target_sentence_shuffle,target_shuffle,25,10,65749.82953242915,8889.977080083005,0.13520912743504965,12464.685251706112,0.0028452536381308622,0.9987106269690657,0.0005680766724947143,0.0012893730309343487,809.8233569090304,7.485812253160695e-05,1.171683358715961,0.4111679499580102,0.1785679718022362,0.9232017412706784,113037101.9715463,2008.431309557624,0.00037429072367756167
base,target_sentence_shuffle,target_shuffle,26,10,66208.02079847817,8752.465797506356,0.13219645734686478,12421.535322433547,0.0034657223464140685,0.9984302672794534,0.0006917124041800226,0.0015697327205466127,949.1078771153248,8.635868581818862e-05,1.22924081655818,0.5006279316902652,0.21741994821972024,0.9007873310850362,111952535.22059308,2540.618306740183,0.0004648449271827948
base,target_sentence_shuffle,target_shuffle,27,10,67802.5030865913,10485.944464879012,0.1546542382290415,14962.684108012516,0.004914934496441791,0.9977676924536173,0.0010359006148785053,0.002232307546382706,1336.665666331902,9.893827800677713e-05,1.2326225418726466,0.5060218370483109,0.2197624915526279,0.8995275066473281,162720107.41386464,3190.5950372258167,0.0005071905039908398
base,target_sentence_shuffle,target_shuffle,28,10,69143.51313361859,9846.858425168648,0.1424118905578282,14194.093948075191,0.006470241893750791,0.9970696647786843,0.0011972957671225796,0.002930335221315694,1460.4646504808386,0.000130247393054006,1.4604479653006428,0.7699671139872961,0.3343924688516548,0.8228853420992488,139004829.2012339,3519.925771261906,0.0006357495784534706
base,target_sentence_shuffle,target_shuffle,29,10,73477.99592215191,10593.2662840529,0.14416923258598668,15363.67232209612,0.007742432485593528,0.9964943618581146,0.0013672638183440987,0.0035056381418854254,1396.1015776430431,0.00014535494060907705,1.5999436394878415,0.8940574582663846,0.38828422062953766,0.7834717387440673,155882306.44141978,3333.877314233945,0.0007136940512553203
base,target_sentence_shuffle,target_shuffle,30,10,72422.6381344126,11253.621201491376,0.15538816993389895,16260.267762640171,0.009499888224688965,0.995692481622154,0.0019255067810804755,0.004307518377846042,1533.9968971618907,0.00017734645857003795,1.6197628589091928,0.9135845367592687,0.39676472306668886,0.7786402960438015,173290584.5297957,3857.4440483727108,0.0008355545875488035
base,target_sentence_shuffle,target_shuffle,31,10,73684.608026936,12125.055943387886,0.16455344295182348,17601.36106136696,0.009900918975199489,0.9955060104788199,0.002059494550336421,0.004493989521180075,2083.5649386386654,0.00017771545193445704,1.5472667941540368,0.8585684635338624,0.3728715460489097,0.7985773528117468,200463488.79343906,5881.3652457197995,0.0008063757201196564
base,target_sentence_shuffle,target_shuffle,32,10,74596.41911040092,12718.860309191481,0.17050229033605313,18459.110718719134,0.01260922536518342,0.9942744998921704,0.003143765136420635,0.005725500107829573,2149.379367213444,0.00019302816817401425,1.681144159524751,0.9627411385775319,0.41811316398547593,0.7634932919710079,213160210.4675126,6125.074033666794,0.0008775997131736935
base,target_sentence_shuffle,target_shuffle,33,10,75924.76123510796,13589.578024627714,0.1789874318148508,19759.31999276501,0.014711739746973115,0.9933173977293844,0.003863097906750291,0.0066826022706155674,2242.5950585551827,0.00020439120637949504,1.7570473891591898,1.0102304383240315,0.4387375048148302,0.7449871844788598,238242099.5429696,6415.301416274753,0.000914048233538467
base,target_sentence_shuffle,target_shuffle,34,10,79403.35269081676,14531.712057126526,0.18301131582831973,20967.409002216536,0.016410094815999532,0.9925448419105207,0.004224374087293154,0.007455158089479275,2181.269590616485,0.00022112658413553365,1.8716914478710396,1.0758879589712322,0.4672522037273583,0.718657436889878,264846711.7926214,6483.5627338872055,0.0009942214352379741
base,target_sentence_shuffle,target_shuffle,35,10,89592.85413027694,15546.520323831104,0.17352411054150493,22475.90253818076,0.016958314405496062,0.9923031848586916,0.004792435061597025,0.007696815141308377,1929.8415782883974,0.00018795821730033246,2.056926592891304,1.1705369112058388,0.5083577214007724,0.6805876491181468,299751889.6521209,6053.483257361253,0.0008886205231621869
base,target_sentence_shuffle,target_shuffle,36,10,90819.59359384744,17128.632955212288,0.18860063426195142,24805.840677938217,0.019514869990514855,0.9911332982664074,0.005513524417729349,0.008866701733592608,2098.679104466257,0.0002119615997606683,2.0495111574945595,1.1670012068961142,0.5068221845294174,0.6816625212394766,365147405.25725174,6764.750243829618,0.000983524743516262
base,target_sentence_shuffle,target_shuffle,37,10,100266.49138995426,20150.95156692797,0.20097393742997677,29214.979189681748,0.019273490247760726,0.9912328458746513,0.005650372088690634,0.008767154125348675,2103.991380662873,0.00019418122306436025,1.8252094790585875,1.0356992564413292,0.44979847198377015,0.7274086660459005,521854869.5150687,6944.950368248518,0.0009040677088062443
base,target_sentence_shuffle,target_shuffle,38,10,107103.74550846554,21385.90188005563,0.1996746404948581,31106.526670371928,0.019819654535562305,0.990982700317035,0.006319544134534894,0.009017299682965052,2082.299008343677,0.00017772256045212043,1.8449074466939213,1.0437976736544554,0.4533155698915812,0.7228818652822282,594855520.8304945,7154.637487473575,0.000820011115212349
base,target_sentence_shuffle,target_shuffle,39,10,114407.5157106099,22651.569791105994,0.1979902251212447,32924.79346719009,0.02084944193338605,0.9905138183341125,0.007016468508893165,0.00948618166588755,2100.5020883713514,0.00016586916466276858,1.920806267316012,1.0845628563145961,0.4710196637746584,0.7062538220067174,663704950.1404227,6986.598613558256,0.0007764690841434163
base,target_sentence_shuffle,target_shuffle,40,10,124860.80576620114,24443.977712822998,0.19576982194551715,35489.507697032546,0.022070670233393538,0.9899600029668578,0.007375079341298607,0.010039997033142178,2213.946898971522,0.0001564670994914641,2.0586664911582653,1.1431603839328432,0.49646824667243655,0.6764457588536814,763101064.9303274,6913.180307829129,0.0007338444554485513
base,target_sentence_shuffle,target_shuffle,41,10,141843.88107480135,24460.373188999936,0.17244574107571664,36013.25408860575,0.019983325169467752,0.9909350835669695,0.005877636203870928,0.009064916433030534,2459.9990218248417,0.00013863726002105725,2.47514910997079,1.2909942760983972,0.5606716902782171,0.5975248169762942,770194639.3770337,6189.776659700957,0.0006792045948135206
base,target_sentence_shuffle,target_shuffle,42,10,154884.33893490062,28394.622391760066,0.1833279115695138,41614.75028363628,0.020763049419091805,0.990570249592659,0.006891866329242627,0.009429750407340953,2715.9173354198815,0.00013077049966792043,2.22890564327362,1.210458476932965,0.5256954371050012,0.6428471579123647,1036656877.2992581,6344.602195020631,0.000637704428323449
base,target_sentence_shuffle,target_shuffle,43,10,160686.86780073537,29284.029509014217,0.1822428298579369,43124.650589058954,0.022454410494467097,0.9898013881190293,0.007370975464283225,0.01019861188097071,2955.0563593064717,0.00014025960694963313,2.403256312295533,1.2677720909958976,0.5505864234304655,0.6101298137726073,1107946090.1724517,6426.971697487237,0.0006817304742695596
base,target_sentence_shuffle,target_shuffle,44,10,173006.28948165342,32727.674392212393,0.18917043126159308,47789.00844891587,0.023273410783564243,0.989416823211366,0.008535153479984929,0.010583176788633963,3167.2949766886645,0.0001369172855668621,2.225539999319466,1.203866846575742,0.5228327284141134,0.6430275623859836,1378680911.957532,6752.189664690475,0.0006713247378523635
base,target_sentence_shuffle,target_shuffle,45,10,185126.20669793995,33922.37944277085,0.1832392077158481,49232.89870513863,0.02414015816172589,0.9890247306272146,0.008976581333942026,0.010975269372785368,3414.5194088925255,0.00014732045841814312,2.363589754905331,1.2681730297285287,0.5507605489096286,0.6207942428652012,1442391642.8190413,7261.702227379852,0.0007118423854444167
base,target_sentence_shuffle,target_shuffle,46,10,194417.07777805286,33323.39447877977,0.17140158086740642,47953.43253212034,0.023431648607729717,0.9893661712795214,0.007978539511642622,0.010633828720478578,3880.5204139655566,0.00016446914848333716,2.705151238545507,1.3931078515173358,0.6050190526100736,0.5710126206177762,1318140754.4026499,8159.903268784043,0.0008764647894730082
base,target_sentence_shuffle,target_shuffle,47,10,216625.63208323208,34841.02970880933,0.16083521314514931,49890.02013152723,0.020475201885241053,0.9907218973852739,0.006486362237363277,0.009278102614726058,4719.654029979372,0.00015430948514738585,2.86939176323309,1.4484779716864373,0.6290659902618343,0.5513371681397621,1398349119.7280726,9087.611715482184,0.0008303458234326655
base,target_sentence_shuffle,target_shuffle,48,10,118.26929562691848,83.37618286350572,0.7049689644429431,124.03109537616122,0.38089305280652,0.8097739609912352,0.13816014926713913,0.19022603900876478,10.121648759652212,0.00360656859274211,4.242491651651045,1.6478739037392593,0.7156625432663306,0.34225892993213175,8822.222667402144,22.62080381556838,0.018196824330872108
base,control,control,0,10,33.10863497389326,47.6450022176564,1.4390506360417419,65.50036864607243,0.7707816136393445,0.5534406448713828,0.3511671860666215,0.4465593551286172,0.0,6.072919944699606e-14,3.6665594210805623,1.4604499442481123,0.6342653518828668,0.44082950208445343,2758.6194915366705,0.0,6.072919944699606e-14
base,control,control,1,10,785.1108761386511,516.2185416451572,0.6575103687061801,693.3005574125337,0.3545459807412229,0.8199799617482117,0.1802608202667694,0.18002003825178825,18.903389579679626,0.00028638503210454136,1.8085232331420729,0.9339634536098845,0.40561517420207654,0.728156326247879,311023.81735257315,88.89713786398052,0.006399697677564653
base,control,control,2,10,775.8390264440819,490.39224257106446,0.6320798849455771,662.8704166051222,0.34140077211661685,0.8288452632721309,0.16244843376826162,0.17115473672786907,22.001503292582886,0.0003794218475388078,2.0194200467023355,1.034982849208721,0.44948734027585285,0.6812002414421396,282921.2668191872,97.25104409345202,0.007874135383093228
base,control,control,3,10,803.2038869951856,509.6419799621176,0.6345113466379075,704.1413570209064,0.34697822775469545,0.8270546584999353,0.14735163349746158,0.1729453415000647,34.44653495722277,0.0006332979868984845,2.17030871426076,1.1271661503595605,0.4895220392892881,0.6541587204748999,307400.74396157474,126.69756283302327,0.012181114767761514
base,control,control,4,10,612.1246668511808,510.5103730797488,0.8339973876659063,707.8243999608569,0.481739636365535,0.751675970754381,0.17135963229570708,0.24832402924561903,30.994280401993002,0.001153407033615772,2.4040435300523173,1.2125606991941122,0.5266084206327517,0.6128223629702682,307719.6243457421,128.62160840836933,0.022231398227406052
base,control,control,5,10,943.4155431780822,472.96613665721105,0.5013338396608671,676.4749478188405,0.2312043338539032,0.889737943419803,0.06858013332297408,0.11026205658019705,69.24851973761587,0.0014230720183623369,3.6238750534671835,1.482412390126566,0.6438035209369781,0.4343307111383358,271585.65168826486,253.4323832470168,0.016652455974495606
base,control,control,6,10,1080.40248620135,514.7880049618121,0.47647798994963886,732.392169676874,0.19719174924010827,0.9063106269772085,0.0470216637696582,0.09368937302279146,53.56152118489702,0.001059964456556095,3.600225611629051,1.4756353012547239,0.6408602686365692,0.43419308908737636,320000.5161931152,184.726915423476,0.013016785702784084
base,control,control,7,10,1177.9414511744862,730.3339427472364,0.6200086956945476,1038.2559995858749,0.24918505747466904,0.876291625825891,0.07513717649960838,0.12370837417410896,59.54416904176229,0.0012740528602416257,2.6190092847716606,1.2664931971807334,0.5500310069035995,0.5711461151151296,663963.0409401044,212.49308127200322,0.012569590916590379
base,control,control,8,10,2099.8232079639547,905.7639401314054,0.43135247610186106,1247.892916862055,0.08676070248956208,0.9584409485268456,0.01262929006200197,0.04155905147315442,66.03796755435924,0.0004946067002806753,1.8737322701305463,1.0060382278989304,0.43691685096023153,0.7157168471761337,998582.6977300557,205.40630479525092,0.004309078424506563
base,control,control,9,10,3310.3423629344024,1018.5179311492651,0.3076775207765565,1383.0153185612073,0.037268650851730555,0.9826190043860666,0.004151506886966415,0.01738099561393336,73.80745348353315,0.00022958246083559786,1.7125574987661987,0.9250363098617438,0.4017381649331019,0.7543165107857644,1215857.765672641,285.21599529721885,0.0018202806475468014
base,control,control,10,10,3561.931296956353,1314.900504026648,0.3691538085392667,1785.2675092578552,0.038776608856102915,0.9815114040284026,0.0028898940311745513,0.018488595971597355,96.11464565107777,0.0002774204442911321,1.4217662184374888,0.6945109004939695,0.30162225170618934,0.8345593117726156,2124098.0766592016,342.9071690257604,0.0017793442234552703
base,control,control,11,10,6965.760553104622,1792.973770957408,0.25739813438724707,2451.0021920106265,0.012223312573880313,0.9943764292601402,0.001794055635239269,0.005623570739859751,112.24604847267729,9.93709069688764e-05,1.2503680131428676,0.5106068345104156,0.22175373064996035,0.8927536858644423,4185589.2252451214,391.13494601037166,0.0006710094983286563
base,control,control,12,10,7140.369741890135,1926.2319162193016,0.2697664106830141,2682.565384956319,0.014025725455895708,0.9935433057435844,0.0023679221767431155,0.006456694256415596,228.40579077852516,0.0001315207747322189,1.2548298762184207,0.5172874830518751,0.22465509944705123,0.8911108577760549,5008687.253278818,476.5211424427606,0.000724025401074635
base,control,control,13,10,8234.672867484178,1876.0461600966053,0.22782279154093057,2693.30509392343,0.012246976393750972,0.9944114834627331,0.002459453254291538,0.0055885165372668855,200.2108165397051,0.00012703362454280498,1.3168969567290962,0.5993828820781733,0.2603086782338181,0.8690846404372211,5027269.839809816,659.0844704841809,0.0006704811734811189
base,control,control,14,10,14091.915607016395,2266.999753953886,0.1608723623653509,3362.6809162190157,0.005149288488226846,0.9976671070406645,0.0009326074750675414,0.0023328929593354752,422.185814189364,6.110371677758852e-05,1.2469454681375214,0.515737933202323,0.22398213849795673,0.8941143056560773,7871573.023348315,879.4065614080439,0.0002977719154603209
base,control,control,15,10,18562.94164689991,2562.7177423711178,0.13805558359868583,3868.5140772177087,0.003379772964105217,0.9984723253226443,0.0006855913911528314,0.001527674677355706,602.5700161488618,4.877428128946537e-05,1.2175227520106588,0.47367585110612426,0.20571480834621608,0.9051647015701593,10333533.39417721,1033.5196862369583,0.00024011261402945294
base,control,control,16,10,22977.23511972251,2220.202551347702,0.09662618412438975,3471.6014706307733,0.0026770804898305646,0.9987925653783097,0.000575479959708355,0.001207434621690262,731.2723283888436,3.8293923824150866e-05,1.388007523535458,0.6933978081159219,0.3011388418285547,0.8456283669897651,7957283.597711604,1299.1863025543373,0.00019162793317095694
base,control,control,17,10,27073.095868172408,3518.780289858508,0.12997332506753487,5315.879755458832,0.002280070015385016,0.9989698463890593,0.0003523981602248392,0.0010301536109407206,216.14998082110066,2.9912843427681857e-05,1.1700760407117472,0.40778174127427186,0.17709736005631577,0.9238716949452295,18743275.5832939,750.7078282102539,0.00020119177341304528
base,control,control,18,10,31363.838137905066,3342.2771050052606,0.10656467139989222,5512.758984271545,0.0022295679043432574,0.9989923985716841,0.00046718134995502985,0.0010076014283159074,617.5221647246724,4.741902050964253e-05,1.1742913452807173,0.41622270364787756,0.1807632234371257,0.922186251119831,23787821.2316422,794.8039482168117,0.00020456201507845773
base,control,control,19,10,36051.871535572966,3631.278461812075,0.10072371577794606,6017.104169842992,0.0020160674855349238,0.9990892344228472,0.0003883729472279184,0.0009107655771527501,567.0142839700128,4.424018987303491e-05,1.1685445504998557,0.40651734034630815,0.17654823771038777,0.9244850675876819,29804052.609398004,747.3989041355784,0.00020174547336937465
base,control,control,20,10,38126.44525836696,4339.911547613874,0.11382943041776147,7105.30182352807,0.0019692336346153563,0.9991097905764441,0.00036475638008739324,0.0008902094235558877,1040.3302952039367,5.078617094367299e-05,1.1354081288068296,0.34661573282318037,0.15053330010595906,0.938094095875018,39478912.608882904,1314.6494780671242,0.00021084800177939567
base,control,control,21,10,41185.4737443663,4554.099221345814,0.1105753754251464,7665.004955042865,0.0019513970324038811,0.9991172148622463,0.00040628854595656564,0.0008827851377537499,1226.2797283496216,4.565750609708541e-05,1.1214114823065706,0.31843060788895783,0.13829265587527245,0.9439969666729054,50366096.20003308,1454.23691016989,0.0001919516622918005
base,control,control,22,10,47127.331120366885,6570.543773608076,0.13942108787842014,10112.61619064247,0.0019642619216653076,0.9991095097174171,0.00047259360192818123,0.0008904902825829231,767.2866755644401,4.274847087548661e-05,1.089735740356863,0.25257805824880025,0.10969325694729205,0.9577612449413159,83008053.71139477,1022.3906209449393,0.00018038444513712726
base,control,control,23,10,55192.68469430886,8547.976687466298,0.1548751747593049,12537.395966111613,0.002164325459277595,0.9990184144068532,0.0004571608317440699,0.000981585593146761,537.9383021077946,4.745383203896836e-05,1.0936254314084375,0.25956530297719144,0.11272777877653993,0.9560240864422965,121579050.96577804,2076.9467541977224,0.0002564403461345899
base,control,control,24,10,60052.71844974836,10626.911031488029,0.1769596998407415,14854.706456443882,0.002692027136253963,0.9987740671952301,0.0006048682532622127,0.0012259328047699025,1310.1971083473513,7.644194236633428e-05,1.087781124546373,0.2500565466909763,0.10859817839167385,0.9586404491349741,167383088.2512421,1387.513674813628,0.0002630318911928109
base,control,control,25,10,64932.253188181785,11103.701355996727,0.171004405527355,15668.639884206388,0.0029932226394203234,0.9986356924324007,0.0006907919234652242,0.00136430756759931,1075.0156509000985,7.476581205023702e-05,1.098635913152684,0.2725848119500547,0.11838207968054432,0.9538399907250139,189181325.21764505,2285.808015545752,0.0002752055999933889
base,control,control,26,10,67134.05435117787,10722.07915622665,0.15971147966335406,15313.623615343937,0.0035308591358987995,0.9983930417554392,0.0007887183836752248,0.0016069582445608077,1054.1271603884254,9.01346349905241e-05,1.1358711140481155,0.3462745996712832,0.15038514786049587,0.9378776195037003,182227357.26172888,1874.0810354151897,0.00034849413576054644
base,control,control,27,10,69683.11062708289,12586.347577712339,0.18062264248032228,18043.95648903813,0.004978492672395765,0.9977279786745961,0.0011517849285605122,0.002272021325403939,1369.722725223164,0.00010148320487091134,1.155215484210185,0.3811747037055067,0.16554207046040856,0.9298613883164069,244508476.11729035,1952.0618837646405,0.0003706718007931986
base,control,control,28,10,71000.46616119139,11630.720058546893,0.16381188303949762,16705.59500596713,0.006552395885412314,0.997022171078607,0.0013463968518887253,0.0029778289213929776,1469.1617804209675,0.00013114573157657627,1.2983928121928605,0.5953474441287212,0.25855610980030813,0.8756612414101113,205341053.29964182,2235.7316095998613,0.00045475246489679044
base,control,control,29,10,74962.39379688782,12046.461967921938,0.16070007049884347,17528.477791093097,0.008074879824152559,0.9963344039503346,0.0015576342393125533,0.0036655960496654316,1581.0623193922806,0.00015551339734087843,1.431519780592583,0.7517953450000614,0.3265005698540781,0.8321886683148297,211201299.93764865,2438.9514819621413,0.0005185863628701659
base,control,control,30,10,73825.66810982702,12536.397560155352,0.16981082435319833,18232.628726979554,0.00999007951858327,0.9954590614073595,0.0022064817599698034,0.004540938592640487,1586.5247587767221,0.00018597164567890623,1.4759319814192913,0.7989374888674741,0.34697414280078465,0.8190403801609085,221726023.74389088,2733.1565151538093,0.0005837328484639137
base,control,control,31,10,76342.55934740427,13263.042722793392,0.1737306534673356,19212.535059016696,0.010138985685759345,0.9953923168545475,0.002216812045777758,0.004607683145452457,1834.4157548517935,0.00018413621831014915,1.4733047159478059,0.7984668221898057,0.3467697348598575,0.819981157634007,239002452.1065477,3482.175641057184,0.0005432846905144562
base,control,control,32,10,77046.49200729586,13615.977945235161,0.1767241777074783,19666.82436578162,0.012790501005983944,0.994188754565943,0.003305103690305973,0.0058112454340569775,1767.6682067081229,0.00019842493213151347,1.6204967762012772,0.9260448573061284,0.4021761715229358,0.7793761557354871,241994680.67877504,3845.5828566054197,0.0005864631750109872
base,control,control,33,10,78349.09146311878,14294.328974704895,0.1824440935787195,20528.56811251273,0.015033028032719855,0.9931692086659305,0.004137834228078262,0.006830791334069497,1785.668004187706,0.00020909561226611917,1.733681108914309,1.004893028623057,0.43641949723404017,0.7511812783723263,259466384.03480184,4103.749223327308,0.000595823177343302
base,control,control,34,10,81218.27026355648,15102.615795034246,0.18595096578670864,21706.964198055324,0.01698225587505884,0.9922830845953585,0.0045044811891709275,0.007716915404641478,1811.9426588333492,0.00023615836246737576,1.8676053594283748,1.0902712048053471,0.47349876802497237,0.720843512289116,282543377.40610945,4633.488881479133,0.0006501727757103337
base,control,control,35,10,90264.1240491922,15872.52197139672,0.17584529998592244,22941.363174408023,0.017494193747037767,0.9920599792903086,0.0048322869796290895,0.007940020709691353,1834.6673767868815,0.00020478430561088334,2.1021464597595396,1.2087797508241025,0.5249663756192954,0.6734928838351572,308939216.49364567,5082.495376656752,0.0005870506575228474
base,control,control,36,10,91106.46721431118,17288.393113771344,0.18976032813459426,25079.736234407887,0.02016525638615683,0.9908367000449397,0.005758592988722368,0.009163299955060267,2155.348693850943,0.00025283568353484664,2.091951565210296,1.2002658184048904,0.5212688217503344,0.6747245788943822,369648209.9535764,6115.452943151473,0.0006735112248260622
base,control,control,37,10,99926.52924621606,20085.851956221144,0.20100620033274838,29285.05974551094,0.020174744886896807,0.9908230912609977,0.006025116395607818,0.009176908739002343,2411.466905138905,0.00023421086763464327,1.8908334603986592,1.0875092837133615,0.4722992809352708,0.7140024441029719,513426584.94257313,6761.139048350248,0.0006087349480243809
base,control,control,38,10,105997.14190749607,21352.51739718161,0.20144427493918654,31316.687882394337,0.021053581881953793,0.9904208977734849,0.006880445470391858,0.009579102226515146,2753.017353301859,0.00022054670118309971,1.9062750495818745,1.0915361542973279,0.4740481286092259,0.7104215915048049,588375166.9407312,7630.369167021982,0.0005527151873667702
base,control,control,39,10,112896.77848874345,22753.712708756815,0.20154439314692676,33371.58964686648,0.02239563488469028,0.9898088665460204,0.007728455664762961,0.010191133453979595,2931.82258196431,0.00021279099340043572,1.9785832136528436,1.128541188125547,0.49011921060346464,0.6953974834950629,665211078.0792269,7743.924076874408,0.000528263939228335
base,control,control,40,10,123395.43588963922,24623.85619342795,0.19955240658536763,36021.57943156893,0.023641091192706902,0.9892423914371813,0.008173341648882127,0.01075760856281871,2954.883341527672,0.00020024277991803618,2.10624816311315,1.1820061876703516,0.5133387648807332,0.6691470392193388,767939151.7158636,7511.196480985716,0.0004964094501812566
base,control,control,41,10,139298.18279961066,24290.922417450456,0.17438075593846405,35960.004752286295,0.02118529753240266,0.9903904828235367,0.006323524728641946,0.0096095171764633,3234.7537962434353,0.0001801921207842394,2.6268662207177207,1.3600807135674897,0.590675548845398,0.5775044607819102,746906097.743616,7209.489739882181,0.0004638086056922841
base,control,control,42,10,151356.94514032608,27227.140726817248,0.17988695993814105,40327.07157269017,0.02190209844336303,0.9900561894532991,0.007429571523016523,0.009943810546700904,3759.3326003669313,0.0001738549093992514,2.425207738901735,1.2992887685909214,0.5642739425979082,0.6111249128924018,951463901.0160055,7962.426302684792,0.0004321568640148765
base,control,control,43,10,157214.28141999856,28091.83498262712,0.17868500704194726,41752.541936850655,0.023622127560026927,0.9892745115861658,0.007881473110230401,0.01072548841383425,3769.329788829133,0.00018425261287491335,2.64063013109659,1.362049649604579,0.5915306469015263,0.5751159370849608,1016805594.7452469,7584.677697350201,0.00045787896939497585
base,control,control,44,10,169322.7361130409,31209.4408193888,0.18431925644381972,46150.77233803799,0.024265126781330366,0.9889694863885963,0.009014607331863392,0.011030513611403725,3935.8321918539286,0.00017512708617972716,2.403394032768193,1.2883869683528568,0.5595393509117053,0.6145359697247569,1261325944.540187,7773.6590292428355,0.00043272879162559175
base,control,control,45,10,181860.7721378699,32796.022564451785,0.1803358810089561,48199.073183983535,0.02507717023951686,0.9885991954939362,0.00939093125029306,0.011400804506063844,4092.161265058534,0.00019129594640965308,2.4934105897310803,1.3339944637128534,0.5793464344799799,0.6028699032057138,1366533805.900109,7585.896920533608,0.0004602338117078997
base,control,control,46,10,191153.3129871113,32370.633230991905,0.16934382525284575,47128.404594950385,0.024114550174362433,0.9890567651527891,0.00816195071198085,0.010943234847210936,4309.825432303651,0.0002168198394085774,2.838479472525799,1.4523725848742646,0.6307573992784553,0.5566076794532528,1256486760.744935,7814.461776048376,0.0006370080625133223
base,control,control,47,10,211926.00126019158,33056.06560743202,0.15597928244230647,47993.67309741708,0.02096620794236329,0.9905038709985249,0.00633715836116117,0.009496129001475118,4820.971539400895,0.00021770241989216288,3.2620317103986767,1.5610409453663525,0.6779514685976424,0.5069930653383665,1264659641.888654,7986.589622183381,0.0006412415928337412
base,control,control,48,10,116.15932867539976,83.58593557053386,0.7195800502954782,124.76479346757841,0.38851386716420583,0.8055142482533977,0.13245094216459777,0.19448575174660232,13.131705331195782,0.006365011187377201,4.455429063309745,1.6998667741086384,0.738242759966063,0.32022962055164544,8785.436832706015,21.6963494680491,0.01679858368040177
base,question_only,question_only,0,10,33.10863497389326,47.6450022176564,1.4390506360417419,65.50036864607243,0.7707816136393445,0.5534406448713828,0.3511671860666215,0.4465593551286172,0.0,6.072919944699606e-14,3.6665594210805623,1.4604499442481123,0.6342653518828668,0.44082950208445343,2758.6194915366705,0.0,6.072919944699606e-14
base,question_only,question_only,1,10,786.2840502248341,498.0393939617974,0.6334089999910144,669.154345529506,0.3373306810368823,0.8300636553233856,0.16857714300944426,0.16993634467661445,70.98944964619393,0.004083947928487763,1.8668498367540445,0.9646297128473238,0.41893336136951104,0.7147042157044434,290470.41543075925,0.0,2.4424906541753444e-15
base,question_only,question_only,2,10,765.7563631914829,463.6145160468506,0.6054334489818922,630.6165644672346,0.3242145441930499,0.8389902783288565,0.15055362105951386,0.16100972167114347,77.18303058409052,0.005032006977686909,2.155345939813,1.0930565291161267,0.4747084190034549,0.6540012785209139,254723.89032646295,0.0,2.55351295663786e-15
base,question_only,question_only,3,10,772.6586006197099,484.59608383272354,0.62718008114328,668.1029278665873,0.3443469057346444,0.8288513971321156,0.14726014529881767,0.17114860286788436,97.30107969595704,0.00772331236823165,2.2746015867883673,1.1624002952367913,0.5048240339840492,0.6346223076809022,278750.5610000295,0.0,2.55351295663786e-15
base,question_only,question_only,4,10,606.8016492035167,496.72824414178956,0.8186006824368234,691.3687782419112,0.4787949179225955,0.7536286005909357,0.1866271638732961,0.24637139940906427,101.14082070464842,0.013974090446912224,2.4741191402983076,1.2377748106885125,0.5375587701208631,0.6016368591830733,294176.966429746,0.0,3.4416913763379853e-15
base,question_only,question_only,5,10,1114.3395339904305,459.20052025324895,0.4120831274906487,657.3577780680837,0.17163196530992464,0.9194897272670415,0.05384586139970783,0.08051027273295852,187.42921928904084,0.008878832611187715,3.5545012337120747,1.4839809110522164,0.6444847209197379,0.449827055333736,255920.24594960123,0.0,1.6653345369377348e-15
base,question_only,question_only,6,10,1129.057671445366,511.6399203934692,0.4531565865351162,733.3724411933624,0.1882829155325287,0.9110066819895641,0.05513013292210843,0.08899331801043586,144.7256196877068,0.008078513794588016,3.7889325657374577,1.4972104480250037,0.6502302358251545,0.39108823091530825,321668.06618102104,0.0,1.7763568394002505e-15
base,question_only,question_only,7,10,1265.5596281246014,673.4982285654936,0.5321742362811714,975.2046893607961,0.22079882897909558,0.8937404085771379,0.07328457351736409,0.10625959142286212,176.5439579595113,0.007980699995850382,3.2345649626549413,1.4008500100966075,0.6083814293590711,0.46525874150741964,579952.1032532759,0.0,1.4432899320127035e-15
base,question_only,question_only,8,10,2156.1503520908127,855.4006093014711,0.39672586305124374,1198.8950030713763,0.08520973124942548,0.9599186526398732,0.01854945988776978,0.04008134736012681,167.1719198139215,0.002731308099192531,2.1135407906793335,1.116530295447533,0.4849029461906709,0.6649073473943965,918212.2146389453,0.0,9.992007221626409e-16
base,question_only,question_only,9,10,3508.0072303797533,979.3184916248358,0.2791666115006328,1349.4374834329876,0.034215639122509627,0.9841831067107034,0.004681993686176757,0.015816893289296585,241.51897011476342,0.0011402879516290154,1.8625727677118131,1.0214393605311902,0.44360547787748206,0.7195482118814943,1133264.5080802678,0.0,4.440892098500626e-16
base,question_only,question_only,10,10,3824.8054926150626,1270.5823508429032,0.33219528504028356,1737.7813298990511,0.03468362118925446,0.9837040499868189,0.0032878634553880595,0.01629595001318107,277.67856610922735,0.001088185804525743,1.5106667617805785,0.7812549877778336,0.33929473015130557,0.8080327416493476,1962404.8907071443,0.0,5.551115123125783e-16
base,question_only,question_only,11,10,7257.550943155634,1688.1481797090933,0.23260576369789482,2333.965209737518,0.012021331830591316,0.9945014496456505,0.0018897376535707401,0.005498550354349541,402.594296826021,0.0004164502802938008,1.3144878215707059,0.5982714284246414,0.259825980045198,0.8699503442861506,3775329.391353329,0.0,1.1102230246251565e-16
base,question_only,question_only,12,10,7526.697607996518,1749.9850931640729,0.23250370671260295,2474.6880719167557,0.013373733897160503,0.9938871732123079,0.0022107666857317837,0.006112826787692094,294.91218276990094,0.00045929924773824293,1.3632976731568556,0.6584718605504887,0.28597069552564475,0.8536052902668163,4075522.3473457387,0.0,4.440892098500626e-16
base,question_only,question_only,13,10,8815.233907769378,1710.1321187670947,0.19399736146080657,2487.859191123145,0.011319121967675254,0.9948568730448579,0.0020852886671950017,0.005143126955142074,496.0580727527967,0.0004113645557455303,1.4694772997598806,0.7747045308576896,0.33644990285694204,0.8206536993153764,3978284.536619391,0.0,3.3306690738754696e-16
base,question_only,question_only,14,10,14897.107577132252,2038.2304808599688,0.1368205519297415,3163.971867766354,0.0051337102095073694,0.9976783414285071,0.0010453072382394296,0.0023216585714929128,496.6988536083079,0.00017518490431334133,1.3492602134669394,0.6533394514094882,0.28374171855683844,0.8583943690443862,6736374.001609026,0.0,1.1102230246251565e-16
base,question_only,question_only,15,10,19508.592577715608,2203.265308329027,0.11293819887580132,3374.3633303696993,0.0033522741120776307,0.998487186533454,0.0006669838674029539,0.0015128134665459703,491.3525750629349,0.00013745733070325006,1.3830603676419486,0.6951364703958253,0.30189393326261005,0.8474452117815362,7277980.985527588,0.0,0.0
base,question_only,question_only,16,10,24191.66887185409,2240.059494460142,0.09259631926701634,3452.1595702881523,0.0026685624097845225,0.9987963146227956,0.0005743854304768349,0.0012036853772043887,624.774454424666,0.00011169031999558321,1.4207764018547764,0.7415166551963147,0.3220365915911157,0.8356996639486154,8024076.421101964,0.0,0.0
base,question_only,question_only,17,10,27585.976947049883,2849.16100789175,0.103282947468585,4476.420250301332,0.0024020955901971706,0.998915869928398,0.0004481099075500743,0.0010841300716020186,638.072958416418,0.00013059436402063085,1.2647967869667722,0.5575415291016359,0.24213720952074175,0.8878394687886838,14138092.01264562,0.0,1.1102230246251565e-16
base,question_only,question_only,18,10,31836.278343364782,3207.0818455006665,0.10073670706453905,5070.533315746227,0.0022573808001456856,0.9989798546475281,0.0005029881450299159,0.0010201453524718573,500.76336213750665,0.0001215226002261316,1.1984775957223752,0.4598265140450853,0.19970011768258863,0.9126999317365481,21875375.250438217,0.0,0.0
base,question_only,question_only,19,10,36229.600212472746,3786.633714058998,0.10451767868957537,5898.64822107067,0.0021953814192234434,0.9990071108358054,0.0004960339499608662,0.0009928891641945992,617.8702717991345,0.00011571586202629991,1.163316386559172,0.3998847974047607,0.17366776090988734,0.9266246542700575,32925670.217421472,0.0,-2.220446049250313e-16
base,question_only,question_only,20,10,39174.521742029676,4281.0252694566025,0.1092808560024758,6909.977261274004,0.0020320557937887414,0.9990813514563447,0.0004121241234854382,0.0009186485436553093,605.9626244109039,0.00011762616363331091,1.144478980781168,0.3645590477624734,0.1583259827711462,0.9343221197525291,40795749.17103136,0.0,0.0
base,question_only,question_only,21,10,42387.392106331274,4715.813070037814,0.11125508873506346,7471.688779307786,0.0020319001610454956,0.9990805831148274,0.00044394253143986777,0.0009194168851726081,621.7144330857468,0.00010717400759652218,1.1316849940749458,0.34033352699324354,0.14780497277983706,0.9396623784634922,50994521.79024859,0.0,0.0
base,question_only,question_only,22,10,47612.88719855868,6760.0070020210915,0.14197851463680464,10132.278390458821,0.0020808658845950624,0.9990554443154764,0.0005160793967777535,0.0009445556845235625,690.8395422575439,0.00010038769609943543,1.0899759855118603,0.2542475153012337,0.11041829293293837,0.9576613359732253,87948355.23273523,0.0,0.0
base,question_only,question_only,23,10,53519.7500828808,8407.877547633161,0.15709859509083476,12011.618439760245,0.0025016028828737965,0.9988637583797356,0.0005521494254594845,0.0011362416202643777,1941.681494471905,0.0001564715427347929,1.103245400000141,0.2807359011089352,0.12192205272374754,0.9518052789466733,115895679.47359826,0.0,0.0
base,question_only,question_only,24,10,60205.10303047505,11269.3640948034,0.1871828720083577,15725.00371864964,0.002805640893432488,0.9987183370968017,0.0006929449016879245,0.0012816629031983107,1446.2636756489658,0.0001685582339576719,1.0762424859823083,0.22371177084236368,0.09715678761364333,0.9638044497831593,184074063.9876598,0.0,-2.220446049250313e-16
base,question_only,question_only,25,10,66618.67079261961,12549.070679775741,0.18837167614527064,17638.101489269357,0.002984157448364575,0.9986341601721067,0.0007692777306625169,0.0013658398278932893,1537.055672224765,0.00016328757818362405,1.074433202013654,0.21891410083989313,0.0950731860055776,0.9646174913191494,230009053.41266206,0.0,2.220446049250313e-16
base,question_only,question_only,26,10,67720.09598733514,11906.621492660404,0.17582109592530928,16915.261850151113,0.003628748090825663,0.9983430802557303,0.0009059926831772376,0.0016569197442697359,1783.4635313761278,0.00020893841302394023,1.1077753749393253,0.2907772244584848,0.12628294404546322,0.9498476038164279,210280711.71935427,0.0,2.220446049250313e-16
base,question_only,question_only,27,10,70117.11148720136,13835.780826518112,0.19732388475591425,19540.77786778358,0.005082665393036079,0.9976718967108191,0.0012880526201441247,0.0023281032891808717,2011.8255670660487,0.00022095955029233227,1.1240173291001287,0.3231294038864496,0.14033331704857224,0.9428745177585991,274720408.0035289,0.0,0.0
base,question_only,question_only,28,10,71612.12243930287,12742.157150491415,0.17793296325341337,18185.09532850616,0.006735974985927788,0.9969288507581945,0.0015707557569499334,0.0030711492418055153,2252.6712776388367,0.00027069650733357875,1.2326550942022052,0.5040388956763856,0.21890131105686306,0.8994629482428259,236144101.90747562,0.0,0.0
base,question_only,question_only,29,10,75272.44356326306,13188.404570188743,0.1752089336531833,18934.38625767071,0.00836396891684212,0.9961908667678138,0.001889656805501221,0.003809133232186235,2197.1889704865926,0.0003061107911214167,1.3253874615754224,0.6318941915402198,0.27442816053263386,0.8664442679904923,245366197.03503534,0.0,-2.220446049250313e-16
base,question_only,question_only,30,10,74835.68615013314,13971.30558106933,0.1866930912217536,20037.285083959232,0.010229037902173539,0.9953331163300201,0.0025590813075644352,0.0046668836699799154,2603.1221330463854,0.0003476966132894832,1.3416527535205374,0.6534271122386066,0.2837797891712036,0.8610578740178494,268578506.5771363,0.0,-2.220446049250313e-16
base,question_only,question_only,31,10,78708.26838644734,15341.636160933209,0.194917719261816,21889.540799303788,0.010208133230745216,0.9953390183992223,0.0025596672965011954,0.004660981600777658,3997.8908447910944,0.0003248030685770731,1.3067034396270036,0.611390357360615,0.26552345849057224,0.8730068914196923,317686039.80434966,0.0,-2.220446049250313e-16
base,question_only,question_only,32,10,79799.13988800583,15803.85476915958,0.19804542744871076,22456.690783104885,0.01282163619424907,0.9941482790983622,0.0037038012015683623,0.005851720901637769,4190.828556588522,0.00035194155268070126,1.3850717882854122,0.7040388214249613,0.30576017519052956,0.846985548161904,326240746.3727793,0.0,0.0
base,question_only,question_only,33,10,81389.14220413001,17028.755701820275,0.2092263813164524,24081.39269038166,0.015224530271545998,0.9930439673975211,0.00477668481052837,0.006956032602478901,4398.8364367824015,0.00036173684131501904,1.4079733975268072,0.7262321666554621,0.3153986225591099,0.8397182885749027,372738807.57123923,0.0,0.0
base,question_only,question_only,34,10,84756.34149453464,17902.826683597857,0.21122698747859814,25364.01747958659,0.0170694861910271,0.9922029104806699,0.005200076779700029,0.007797089519330114,4596.837030764748,0.00039384682007181926,1.4778968017342007,0.7967315629284035,0.34601612133795906,0.8185748431993496,403674310.1336115,0.0,0.0
base,question_only,question_only,35,10,94244.55049210126,18694.576678895748,0.19836241545300343,26516.27979240182,0.01770028499330004,0.9919316851808834,0.00563758856098896,0.008068314819116629,4560.9746832964565,0.0003609658418604056,1.5997889773437506,0.9020037222031633,0.3917352392090274,0.7846895529291864,431416481.5789825,0.0,0.0
base,question_only,question_only,36,10,96165.8208215699,19540.034711151624,0.20319105628398915,27767.916086668403,0.019773821393301774,0.9909834261939034,0.006340968311612324,0.00901657380609655,5146.53542741506,0.0003976256496712738,1.675313345640126,0.9574522960806111,0.41581624887340785,0.7651663069103734,471720785.96165067,0.0,0.0
base,question_only,question_only,37,10,105658.78993845727,22211.92183209821,0.21022313283197658,31544.671996518104,0.019635775529794074,0.991041000846385,0.006404152575689761,0.008958999153614977,5460.601993936266,0.00036716625254629154,1.6264385827000813,0.9133276831441585,0.3966531729589896,0.7769439925467286,614512124.0729754,0.0,0.0
base,question_only,question_only,38,10,112706.57016236382,23605.611679625275,0.20944308433500636,33635.095968958165,0.020415314026892294,0.9906875087983822,0.007233129242945608,0.009312491201617812,5848.6530261568,0.0003324967206321805,1.6618766954297133,0.9343416951154322,0.4057794424007627,0.7675842913080402,698585870.1576561,0.0,0.0
base,question_only,question_only,39,10,119656.65148848927,25204.979058557066,0.21064419524544137,35908.74451555997,0.02176391650867589,0.9900734126059294,0.007995268446769642,0.009926587394070596,5810.569933741138,0.00031829307858588507,1.7115737602309613,0.9671538877525991,0.42002959660223077,0.7551934218570551,791167122.9035869,0.0,-2.220446049250313e-16
base,question_only,question_only,40,10,129761.05711466903,27370.827090127066,0.21093252242804741,38905.55939594215,0.023397107778950377,0.9893260698389158,0.008596615954273034,0.0106739301610842,5702.706243520184,0.0003018926086849616,1.7811443358449728,1.006653804611124,0.43718419252952534,0.7381089690551539,919747229.3826985,0.0,1.1102230246251565e-16
base,question_only,question_only,41,10,145062.93589069406,26901.805484205175,0.18544920050753608,38621.83019063337,0.021332983664665517,0.9903055879402926,0.006858628792705156,0.009694412059707447,5205.72888223436,0.00028526210011514674,2.168853986258627,1.196244931554707,0.5195225727789424,0.656261519100188,875429461.29622,0.0,0.0
base,question_only,question_only,42,10,157894.86866262575,30067.975125233457,0.1904303501431687,43175.10475417284,0.021661777311006367,0.9901463484554964,0.007652751597294148,0.009853651544503572,5444.010929453881,0.00026732137552321067,2.028400311978853,1.132215489170693,0.49171493927222293,0.6835069936220771,1116127073.0132172,0.0,0.0
base,question_only,question_only,43,10,163049.77816930795,30869.980399938748,0.18932856423689162,44613.16718199297,0.023813629037410432,0.9891664463575223,0.008330105418839284,0.010833553642477733,5269.2913553793305,0.0002839160372292149,2.1968712000272057,1.2028622422325748,0.5223964342913798,0.6504638072103028,1182401225.4164953,0.0,0.0
base,question_only,question_only,44,10,175217.9082078937,34073.7054589794,0.19446474283068946,49071.259856995144,0.024326066445087148,0.9889224140335523,0.009134127022933017,0.0110775859664477,5446.321177498822,0.00027885938177285574,2.0605343034159453,1.1454743105801293,0.49747317224688176,0.6772352539768854,1450545252.2142842,0.0,0.0
base,question_only,question_only,45,10,186983.79032830632,35649.11989948993,0.1906535311798802,51207.232749918556,0.02507648945537434,0.9885821886335165,0.009353581217331399,0.011417811366483455,5481.542940734407,0.00029411749547758603,2.102424856232496,1.17796214214477,0.5115824582244075,0.6709059894785616,1561371155.841895,0.0,0.0
base,question_only,question_only,46,10,194843.18871330205,35891.700328547464,0.1842081345802627,51042.300011187304,0.024516127157194346,0.9888543326041465,0.008397064394858447,0.011145667395853542,5777.015704245475,0.0003867675325108788,2.230765910730968,1.2477996213025906,0.5419124900526824,0.6494915100579987,1505549508.1322124,0.0,0.0
base,question_only,question_only,47,10,214280.96651747514,36741.34234458868,0.17146339659426696,52332.61439392956,0.02169548699572128,0.9901561920057377,0.0066844830920573545,0.009843807994262321,5882.333213542227,0.0003751193665847419,2.4760253320078727,1.3446789165261106,0.5839866333789332,0.6100244541569622,1548813996.6153972,0.0,0.0
base,question_only,question_only,48,10,118.81377031704626,86.16064784918125,0.7251739223430654,127.54342163889237,0.39436606203966434,0.8022769617613635,0.13680340684464162,0.19772303823863646,15.657558560131692,0.008664713945142566,4.182866884541702,1.6391094545225582,0.7118561913345961,0.352050344092727,9329.708968012626,0.0,1.6764367671839864e-14
instruct,target,target,0,10,33.090804289724495,47.434391420151194,1.4334614234468546,65.1523084471549,0.7713657918411235,0.5529574448224774,0.35398058424939194,0.44704255517752256,0.0,6.061817714453355e-14,3.629517443501092,1.4552516258218662,0.6320077508751722,0.4455110499851624,2729.2989754998857,0.0,6.061817714453355e-14
instruct,target,target,1,10,744.7153133071674,527.7592835353211,0.7086725277497271,698.7313970750805,0.38524386521820564,0.7996985864289509,0.20817892891019418,0.20030141357104914,19.721908778918532,0.00032155237558750827,1.5646812160695378,0.7779826336277094,0.3378735648010734,0.7908095157519572,321465.020357337,86.88675185852824,0.006511669020549671
instruct,target,target,2,10,765.50188504523,499.50884967414567,0.6525246500792501,666.3030279815159,0.34213598320766214,0.8260133791194418,0.17284412026187815,0.17398662088055816,20.661207411827718,0.00035115506171101707,1.7002063600415038,0.8706366984663355,0.37811271388639484,0.7546813262388787,289290.07025708753,92.3515251178473,0.007276103489212593
instruct,target,target,3,10,675.219050843243,476.6918475008607,0.7059810396426854,651.8766045003402,0.4071652875988157,0.7921053059873799,0.18491753028800678,0.20789469401262006,31.576747588542087,0.0010386882614531467,1.9894487404577075,1.0531612712217406,0.4573821286458159,0.6906362062628799,267489.24082518474,120.27343855353894,0.014815848921807317
instruct,target,target,4,10,506.81619085631024,461.98644427824604,0.9115463408887523,637.5361837563988,0.5314709277462577,0.7213532809493315,0.1911839186739556,0.2786467190506685,29.49031237821667,0.00169417147070694,2.3406561507859096,1.1936523539916575,0.5183966306494038,0.6245096491079911,251684.68722193316,121.2181554161704,0.027373801031360778
instruct,target,target,5,10,910.9821442052671,425.93135854367364,0.46755181893850617,608.0029086750748,0.21177262069224148,0.8995955168440872,0.06915813317291543,0.10040448315591277,39.839744065800865,0.0008299698758783558,3.4992997534801726,1.4646606514841405,0.6360940388003841,0.4523911053220802,220596.55317343434,189.79522934432154,0.0136264549131625
instruct,target,target,6,10,1006.7887912136767,452.4903056737924,0.44943915707317134,643.8467692334539,0.192655662119303,0.9090109459016024,0.052424637155921924,0.09098905409839764,39.013899899530536,0.000749167438451992,3.645029094164639,1.4871206434642894,0.645848289380954,0.4367539227884206,249281.42532268813,171.80766479531997,0.012849351566620815
instruct,target,target,7,10,1052.3371291755534,609.4861624782312,0.5791738650861142,865.5496717316034,0.23627855936220396,0.8846178957376933,0.06438377796217537,0.11538210426230666,46.59590245159376,0.0009807187304214926,3.1684375509285294,1.3906355294129862,0.603945336762667,0.4892707606139539,460670.78303627006,192.14850417647486,0.014043355410717218
instruct,target,target,8,10,1882.9496764250055,733.3881299735552,0.38948896996863763,1021.4654613781549,0.08667591063096514,0.9592012223223826,0.017432503571721075,0.040798777677617415,52.524538125106645,0.0003805485314979373,2.3482055919086346,1.2016473289807497,0.521868804170121,0.6227626350632335,651060.1228785343,193.93094776707127,0.004883200489811279
instruct,target,target,9,10,2733.417452635136,812.3232844065129,0.29718229962400977,1133.5853820527007,0.045625848427753524,0.9788831234454536,0.007753007076214598,0.021116876554546415,100.8805413314077,0.0002463304163629054,2.1510628345470377,1.1508243036946626,0.499796644734744,0.6607465990920466,788543.3777577771,306.9233054557107,0.002500219475082832
instruct,target,target,10,10,2997.28994620511,1123.2858539698211,0.3747671643819514,1522.6350570085626,0.045536335904148406,0.9782456327474618,0.0023420791671085895,0.02175436725253821,120.35671210858308,0.00025127152291759547,1.561762560753851,0.8211884871444712,0.3566376285693233,0.7937271867125263,1479359.773574027,401.2376455325646,0.0022945058227672455
instruct,target,target,11,10,6066.038397425166,1496.1947879679315,0.2466510578968667,2058.035583105916,0.013628574279165395,0.9937258655575054,0.0015044545994285508,0.006274134442494583,97.94080966338183,8.019152761573611e-05,1.3431757097162382,0.6324427333733557,0.2746663892238579,0.8602988858002139,2747769.9658719525,480.1884277083857,0.00083790723582855
instruct,target,target,12,10,6317.209704827626,1432.6546758221855,0.22678599298790844,2022.1820609610152,0.015214538158222959,0.9930456755984072,0.0023401252213753766,0.006954324401592826,110.23605208983828,0.00010954248723504811,1.4935301410214603,0.790237408394144,0.3431957458591032,0.8135683533707574,2589167.648382437,594.6248789039614,0.0009863496158936114
instruct,target,target,13,10,7048.529794621862,1664.2867314463626,0.23611827997325616,2423.0696306067252,0.014713852750536585,0.9932683334545791,0.0022498033134379153,0.0067316665454209,193.27629187487503,0.0001338964079244942,1.384286985559446,0.6881391962132027,0.298855055696733,0.8469878991598612,3801701.0808176324,942.7315220254375,0.0010645430350538776
instruct,target,target,14,10,12975.02054527024,1768.2650995719753,0.13628225815924103,2633.052623331658,0.005531692288913607,0.9975001809801547,0.0009665431050180112,0.0024998190198453063,255.08621911947841,5.14083086878836e-05,1.4403474885108667,0.7532905348775427,0.3271499225672658,0.8295406463781718,4553660.927150953,592.6489515715142,0.0004221068646886872
instruct,target,target,15,10,17484.439262923457,2227.993254187103,0.12742720659687745,3336.293365986563,0.003650302824001085,0.998352350251251,0.0007962036351542352,0.0016476497487489805,258.0642452515644,3.884234410389542e-05,1.3194974082022828,0.6184639872316934,0.2685954969106076,0.8683961640751189,7159410.665586089,771.0163250722737,0.000309006618141483
instruct,target,target,16,10,21630.031493959777,2023.6654758867776,0.09355813820483293,3018.566864238439,0.0029540105355490773,0.9986680479016737,0.0006291766676043246,0.0013319520983262612,193.51489659203435,3.174285356455364e-05,1.5629413766709639,0.8733348839301638,0.379284520944487,0.7943852717638289,5608243.109331288,703.5204867426722,0.0002585749149774941
instruct,target,target,17,10,25010.097314695475,2255.0395999990037,0.09016516695734661,3525.007071361835,0.0026097587171668287,0.9988235092096509,0.0004417534085875721,0.001176490790349094,359.6868874014863,3.030971511019942e-05,1.4714836449634088,0.7969498055306967,0.3461109028958512,0.8205106265963592,7929510.613636232,771.0145685500569,0.0003019814740959914
instruct,target,target,18,10,29838.166996829917,2928.966713509885,0.09816175081468864,4346.206712756014,0.0024155049075640046,0.9989105244544356,0.0004707390058518905,0.0010894755455643779,326.4923313372148,3.9462129508782695e-05,1.3613897046286818,0.6850468735297935,0.2975120770190641,0.8547888807318821,12070846.431843238,741.2171849869007,0.00028928994146359965
instruct,target,target,19,10,36381.04945832025,3975.4461711095455,0.10927244349187874,5860.464037870403,0.0020141735689025763,0.9990910614063437,0.0003926100313670355,0.0009089385936562611,329.15341156157996,3.560121613666034e-05,1.2149359081327877,0.48495227388981427,0.21061209653678076,0.9063280364686923,23124814.5200987,1014.5267635775651,0.00026625678448699563
instruct,target,target,20,10,39671.85149196435,4396.276159482834,0.11081600666843879,6878.791393308499,0.0019748827685378656,0.9991086724094872,0.00036260183280408074,0.0008913275905128026,344.26961533293326,3.747127636000158e-05,1.1773516221284288,0.421963346476793,0.18325635294030115,0.9209461998477866,32526213.20017371,1543.7339454321711,0.00028100296038058303
instruct,target,target,21,10,44267.625895259866,4564.1996611704835,0.10310468584806608,6863.001509054975,0.001953929022947393,0.9991187473390453,0.0003566347124624228,0.0008812526609547344,478.99027639169435,3.474553198812291e-05,1.2447251589336767,0.5290027534940359,0.22974297675408595,0.8951369289414365,30163502.1692202,1028.7026588575113,0.00026097415171622007
instruct,target,target,22,10,51439.30537099274,6768.8903953856325,0.13158984839641114,9205.824251835167,0.0020340416604882495,0.9990804766084462,0.0004334754152957704,0.0009195233915537671,735.6698968012959,3.435558442588249e-05,1.147372905341141,0.37140882703108546,0.16130080410975972,0.9331406711286473,60977230.468231946,1167.6135787466544,0.00025608132226684344
instruct,target,target,23,10,58902.823189206414,8015.577713953471,0.13608138421830818,10965.596115183182,0.0022391285712431096,0.9989873385665607,0.00044466834291101426,0.0010126614334392547,977.9149138003685,4.355398129685106e-05,1.1531707097422061,0.3808515866268514,0.16540174249613987,0.930738277388197,85732514.3627282,2255.3759718325377,0.00038014156360577367
instruct,target,target,24,10,62251.92100296156,9544.255241278546,0.15331663806526533,12973.400546033212,0.0029219500360338872,0.9986758624412101,0.0006336302990875654,0.0013241375587899062,1824.8544749223856,6.0562593654056585e-05,1.1497892921345234,0.37559541622639164,0.16311901669527698,0.9321446519778958,117489789.4783231,3634.2865916287274,0.0004643646998128137
instruct,target,target,25,10,65109.29036265547,9153.069671265324,0.14058008650199053,12507.533082817363,0.0033498585400996445,0.9984832948564837,0.0006446778755619871,0.001516705143516317,1582.2398710616606,6.462203347101791e-05,1.2158993225695776,0.4852502400357605,0.21074150158975918,0.9059354315932768,108816385.05423957,2818.4443513605506,0.0004898642998294456
instruct,target,target,26,10,67411.101963904,9434.312563914184,0.13995191131819634,13143.467612376595,0.003958999902256324,0.9982066454190803,0.0007816254379196103,0.0017933545809196705,1982.2232697304742,8.084828913634823e-05,1.2511079306676716,0.5373915180488424,0.233386170910224,0.8927700772854615,123026252.68699604,3547.1972427363603,0.0006398632247732738
instruct,target,target,27,10,68289.06115652372,10828.77442411047,0.1585726065158532,15509.47539241896,0.005605782897297187,0.997454391157811,0.0011909279027646196,0.0025456088421890177,2272.800884956977,9.983993578344119e-05,1.2638620463215697,0.5538747120821769,0.24054473112304176,0.8881100679079977,172517802.84658852,4792.0757486954235,0.0007461864271223195
instruct,target,target,28,10,67224.26573884168,10133.030451936453,0.15073471373123026,14771.10763558129,0.007600786668808901,0.9965579373134499,0.0013561949051685788,0.003442062686550118,2295.7012919383546,0.0001314638462279749,1.527837911075135,0.8390253437962609,0.36438407698769487,0.8037106986781538,144462473.37138644,5216.257512470059,0.0009848626542696692
instruct,target,target,29,10,69561.39639361107,10715.405041650429,0.1540424085367354,15792.866673047567,0.009320010722060844,0.9957808787211123,0.0015872268106077946,0.004219121278887683,2576.8595628380135,0.0001557219647591035,1.7124939872089744,0.980643323522358,0.42588798412102535,0.7551080854228014,155616745.03625333,6088.888330914681,0.0011604492039526404
instruct,target,target,30,10,68601.89504257067,10997.54559895375,0.1603096473082742,16182.429830392346,0.011296647630573678,0.994882112118761,0.0021264923289913158,0.005117887881239014,2585.6963830013533,0.00018922347607608359,1.8259019036829718,1.0550723708231637,0.45821210865708145,0.7287009846434278,162062889.2679729,5897.452809257727,0.0013604206693976773
instruct,target,target,31,10,67058.74839924331,11305.623288467335,0.16859281687092906,16629.662504925403,0.012869296509027753,0.9941671460891024,0.0023699171844669374,0.005832853910897606,2722.781270559818,0.0002085321036847665,1.8993370188745375,1.0946992137883673,0.47542182789211607,0.7124319305609619,167986651.21462244,5992.1115602152695,0.0015264141780206852
instruct,target,target,32,10,67812.57148774435,11874.223105321389,0.17510356626820142,17559.552193379706,0.016467224542798066,0.992531924002002,0.0037530393398877014,0.007468075997998036,2872.999185007873,0.00023982526577659424,2.1368660740226346,1.215470472983925,0.5278721193332541,0.665694301682058,181271716.15702447,6352.358504905058,0.0017018209944693607
instruct,target,target,33,10,69506.98793457249,12575.726263440974,0.18092751012716318,18536.427334026183,0.019269694720320474,0.9912565081918865,0.004880270210108016,0.008743491808113513,3084.295844717283,0.00026047693865938193,2.3180903823870294,1.2906718662082184,0.5605316694420013,0.6344789725527561,198376765.46149063,7353.030016923548,0.0018307368491166098
instruct,target,target,34,10,73042.68666676279,13459.727556736305,0.18427207665762102,19813.877710600816,0.021486490398999455,0.9902495645749285,0.00550480473854801,0.00975043542507148,3517.7853352067605,0.00027990372119235385,2.5569797553240736,1.3732291895038318,0.596385859389989,0.5966079294367134,222465800.4758941,8352.251192919712,0.0020009271618299795
instruct,target,target,35,10,80146.2195701202,14312.364511070173,0.17857816111399036,21220.18976342377,0.023206715775725174,0.9894750730308933,0.006060630870056322,0.010524926969106674,3297.5098164280585,0.0002661213878101254,3.0628256539004757,1.5123798028846274,0.6568182029347213,0.5284913507955655,249723192.52435473,8030.049816183084,0.0019376860922549755
instruct,target,target,36,10,81058.77751995035,15216.226113181381,0.18771842579832063,22572.462413235,0.027070746603603504,0.9877111026236299,0.007367131149696641,0.012288897376370067,3541.199297654995,0.0002955143827859663,3.2396062472586635,1.550315700827281,0.6732935540772607,0.5071540850363875,281111815.1187928,8241.724480368483,0.002207766030190128
instruct,target,target,37,10,86575.35059262866,17049.193976439252,0.19692896257114184,25265.11352795037,0.028323032150648162,0.9871304348006017,0.008434429950747776,0.012869565199398303,4608.74618704171,0.00029749623864994135,2.930994130195145,1.4749039396867245,0.6405426423433109,0.5444128699898737,356474743.4227256,9943.803223683486,0.0022362546269776296
instruct,target,target,38,10,91204.64541006593,18151.431591449968,0.19901871784972325,26975.890812211524,0.03029900746968038,0.986227175282979,0.009907637360753155,0.013772824717021015,4924.1679530649435,0.0002900152233755726,3.04125020176045,1.4962983455354235,0.6498341147469996,0.5297623484256049,407152639.47945344,10000.189207570707,0.0021878233016631166
instruct,target,target,39,10,96319.08782976324,19347.796434403008,0.20087188189114483,28737.181657385867,0.032252634856775486,0.9853355132534787,0.01091810782301512,0.014664486746521321,5129.826829168831,0.00029208532290903033,3.2286264234767392,1.5338926745130144,0.6661611243728228,0.5066706524867671,460227763.8402537,10604.170502266024,0.0022242203367607294
instruct,target,target,40,10,104807.94465392752,21314.309399137703,0.20336539820065044,31635.521928173843,0.03377425287357919,0.9846370766785117,0.01139613892542385,0.015362923321488253,5807.492528873754,0.00028349305944019854,3.302247429913469,1.5448991523351996,0.6709411769561884,0.49653867537455926,556931064.079996,11934.239385543422,0.002236960493339768
instruct,target,target,41,10,120052.93154879585,22074.993639472206,0.18387717279939778,32953.498975652954,0.02986351669321478,0.9864458130411377,0.008737532123463145,0.013554186958862346,6217.449844061555,0.00024927058815360503,3.968384635420612,1.651186507902732,0.7171011889752565,0.41598272463421304,597565949.4213235,13022.591741291793,0.0019952943189497363
instruct,target,target,42,10,127630.14729427737,25115.596370069798,0.19678419952114182,37451.13311829099,0.03229712363116557,0.9853155836239663,0.010966573539463988,0.014684416376033682,7423.843525696421,0.00026644339636094916,3.364671308740389,1.5474084059675013,0.6720309319623927,0.4867177612031431,787355401.3635224,15561.41432895599,0.002078693438282375
instruct,target,target,43,10,132975.96005967987,26841.692627138447,0.20185372314734065,40069.60012566496,0.03521971234668462,0.9839712003487617,0.01239986087418029,0.016028799651238268,7893.564599438997,0.00028424980413677137,3.3578857361151444,1.5395998143496021,0.6686397037113031,0.4851988202237587,908301463.1226921,17082.456524566976,0.0022191331766069355
instruct,target,target,44,10,143044.69461634444,30839.3691099707,0.21559254044817236,45799.24700837228,0.03728514165399614,0.9829927210567286,0.015133648183276706,0.017007278943271364,9297.980015450885,0.000294910131708237,2.760083046679313,1.4023317907804813,0.6090249585334684,0.5638251721615346,1216460908.126311,20527.06999134135,0.00227141954559984
instruct,target,target,45,10,156334.65413591912,33277.0876413184,0.212858037299823,49206.63705149879,0.0373649442031552,0.9829501751192758,0.015323018025745072,0.01704982488072415,9884.123350940967,0.0003343757169026462,2.6885674423732304,1.387555891800003,0.6026078671410868,0.5753201888048354,1412047851.6512353,21954.48029083596,0.0024223951905998353
instruct,target,target,46,10,172584.51479185835,35223.812453324725,0.20409601925065876,51481.70395099708,0.03397832196086968,0.9845126006829672,0.013245744399488803,0.015487399317032802,8917.752652129215,0.0003714699321636372,2.583316473391699,1.3681530054895783,0.5941813006834732,0.5928677522486624,1535359417.8280897,19725.84672918984,0.0028414145736317398
instruct,target,target,47,10,199215.0512637303,36344.16104787926,0.18243682300774122,52824.94343244149,0.0272738111854978,0.987605166567602,0.00967747970410252,0.012394833432398,11202.050995361347,0.0003291379754872814,2.681919091737883,1.405665002821389,0.6104725541298481,0.5796544291663921,1583805393.4327972,27326.91791199907,0.002650608855971126
instruct,target,target,48,10,102.32132687243846,93.56533404250182,0.9144265120715895,139.98777903436115,0.48770174862920446,0.7458804278467287,0.1591977790935917,0.2541195721532713,15.60478750552975,0.010490546931862355,4.082380049426129,1.6001906567169186,0.6949539722052984,0.3634913362250157,11544.916866412854,42.68539038102283,0.06425089696686048
instruct,target_word_shuffle,target_shuffle,0,10,33.090804289724495,47.434391420151194,1.4334614234468546,65.1523084471549,0.7713657918411235,0.5529574448224774,0.35398058424939194,0.44704255517752256,0.0,6.061817714453355e-14,3.629517443501092,1.4552516258218662,0.6320077508751722,0.4455110499851624,2729.2989754998857,0.0,6.061817714453355e-14
instruct,target_word_shuffle,target_shuffle,1,10,751.0199603730371,529.8616132234041,0.7055226774002349,699.482276880047,0.37867273030439497,0.8030600657158891,0.20429669018798194,0.19693993428411094,16.54512596248716,0.0002422905810108844,1.5397850379899474,0.7585341188845076,0.3294271821668868,0.7978186197260149,323047.21484248585,83.11788012527099,0.006013179851072081
instruct,target_word_shuffle,target_shuffle,2,10,752.6619173252894,496.66712980798263,0.6598807756515329,660.9660810744022,0.3470379520565794,0.8229866878853548,0.17542608272202248,0.17701331211464522,21.291677215494044,0.00033035055590124873,1.686503054147047,0.860712616060192,0.37380273965945354,0.75806310819152,285285.03553306835,90.08800963429263,0.006896274511083322
instruct,target_word_shuffle,target_shuffle,3,10,688.2715769510031,476.76379752535996,0.6926972048408433,650.4531301403687,0.39730791659866427,0.7971971480693825,0.18447947071986665,0.20280285193061753,29.263877581731016,0.0008655728792814621,1.9387632070958993,1.027969281443794,0.44644138649709053,0.7012114932211531,267355.51133277663,102.07895411936556,0.010756610389090593
instruct,target_word_shuffle,target_shuffle,4,10,499.40289923620895,457.53356388901886,0.9161612088932076,630.8653316335075,0.5353508919771546,0.7187038550266538,0.19612243737605412,0.2812961449733462,28.93592861519874,0.0015797334155840392,2.2954422917158057,1.1768002776503486,0.511077866885761,0.6321174513069409,246614.86744836706,109.7499847269135,0.022168905677340756
instruct,target_word_shuffle,target_shuffle,5,10,904.6673379737495,417.4673962065217,0.46145956495075185,594.3459607815065,0.20860658180179972,0.9011727482056309,0.06987569347047065,0.09882725179436913,49.104923739632085,0.001200735163335409,3.4561039208081277,1.4534655015307552,0.6312320469515493,0.457035100068054,212160.718637767,189.87214624655334,0.013000333403494824
instruct,target_word_shuffle,target_shuffle,6,10,992.7336911933837,450.71180448991043,0.4540107870702977,641.993728971431,0.18725557503224116,0.9114372995441545,0.05131975621131606,0.08856270045584547,70.40021466646284,0.0023597807243087576,3.645082802972228,1.482402985613145,0.6437994366086944,0.42941613808598317,247372.08666797893,189.1906323335788,0.015298939474448825
instruct,target_word_shuffle,target_shuffle,7,10,987.162028924971,583.4068748175465,0.5909940391982881,826.6336892401046,0.25087287146857534,0.877140183820668,0.07222757409827531,0.12285981617933195,115.14285211162439,0.004428129216821897,3.190418182391519,1.3918368132469785,0.6044670477029696,0.48391229815670667,419558.94078979176,247.97295534402565,0.020475465265493265
instruct,target_word_shuffle,target_shuffle,8,10,1828.3757129614978,690.5846665077054,0.377703915892175,967.9809575874741,0.08788815356438273,0.9588499014980674,0.02051939318241122,0.04115009850193263,109.08739085873314,0.0014266836620232537,2.4378780244545846,1.224337064135538,0.5317228309436919,0.6060574578196949,587868.3864405209,240.3034210624191,0.006746635607730922
instruct,target_word_shuffle,target_shuffle,9,10,2836.667824024309,683.5144284006643,0.24095680946913955,978.0551564914266,0.041181363092805214,0.9811685383162579,0.00887085854910432,0.018831461683742057,110.58095510596054,0.0007320422625194389,2.820763489019481,1.3578591555464328,0.589710738455625,0.5497967977739333,569915.4509906011,265.7658122680077,0.003218296916682184
instruct,target_word_shuffle,target_shuffle,10,10,3114.3014652027587,912.6983450434798,0.2930667937068378,1267.8739083209966,0.039796054739351154,0.9815301009115517,0.004748917680813893,0.018469899088448316,118.28160493894941,0.0007087904651034149,1.9106990779386415,1.0461951559705922,0.45435678323194006,0.7091123983686198,986618.7843440918,331.3702521939182,0.0029068806587047025
instruct,target_word_shuffle,target_shuffle,11,10,5939.084086417658,1286.512704444194,0.2166180316231545,1790.0087551358158,0.013809555400823226,0.9936950453853196,0.002467210988930735,0.006304954614680391,231.05617648489462,0.0002519595526113694,1.4459818237533086,0.7319395917826136,0.3178773257977078,0.8272091245367671,2150796.2770137205,609.6497022109592,0.0011407218367066596
instruct,target_word_shuffle,target_shuffle,12,10,6118.916967183521,1166.183376588196,0.19058656668207397,1698.0004580081218,0.015266856022667015,0.9930670924606095,0.003126432469568056,0.006932907539390465,292.7092337992066,0.0002582495303135035,1.784639840420087,0.997937366412102,0.4333986915178394,0.7375067572400069,1778638.0836061044,782.0608058247632,0.001176843128299243
instruct,target_word_shuffle,target_shuffle,13,10,6838.070318747427,1351.970506456199,0.19771228481661005,2005.7664893306637,0.015064779913223856,0.9931651542139225,0.0034215864185147614,0.006834845786077515,399.37831212123433,0.00026970667409209614,1.7114082320035324,0.9582240728460506,0.41615142726389937,0.7551040168177122,2427741.2789572077,1146.3670749093153,0.001206304363314148
instruct,target_word_shuffle,target_shuffle,14,10,12156.767126039409,1507.1719168892198,0.12397801991788633,2263.401752675348,0.005879991576443107,0.997346177955033,0.00118927857212338,0.0026538220449670025,624.5460564479023,0.00010060743532969152,1.7306377402132698,0.986677489927851,0.42850858929381697,0.7509485643746984,3042760.2049217788,1325.4116643838513,0.00043981503578760517
instruct,target_word_shuffle,target_shuffle,15,10,16697.61018084692,1875.8135681159529,0.11234024197472368,2815.630340745833,0.0037382970727897497,0.9983133962897274,0.0009042223505951159,0.0016866037102726272,610.1983013155153,6.400295882080798e-05,1.479546054427481,0.7888400533851238,0.3425888822894258,0.8176260745343169,4867591.418338511,1480.532238084456,0.0002983491127590554
instruct,target_word_shuffle,target_shuffle,16,10,20785.63836580822,2082.117520717257,0.10017096824614637,3118.7211689912147,0.002993521522072102,0.998649189756501,0.0007261265000903517,0.0013508102434990343,786.051482063562,5.226488622767089e-05,1.4104593307158004,0.7321964216955092,0.31798886561166606,0.8390189988691349,6129146.393361827,1427.9124214362575,0.0002592530552385508
instruct,target_word_shuffle,target_shuffle,17,10,24026.084178669167,2206.912983817957,0.09185487603416032,3373.2000768022294,0.0026455368655076655,0.9988073818023471,0.00047411566209389316,0.0011926181976529282,725.1218417874233,5.244551036875933e-05,1.4909885145857469,0.8134085171992745,0.3532588305527512,0.8147501624296247,7322634.369322702,805.9865944479311,0.0003295746430964641
instruct,target_word_shuffle,target_shuffle,18,10,29402.82254722007,2641.009406369881,0.08982162859121766,4013.2829751093523,0.0024479709049367087,0.9988959345633504,0.0005168487083815684,0.0011040654366496483,369.3259533733992,4.421325523906727e-05,1.4071972544826583,0.7385556472230299,0.3207506421674466,0.8402828971269677,10507374.425137503,911.756333497795,0.00025872799686277315
instruct,target_word_shuffle,target_shuffle,19,10,36470.6584637015,3764.7071489670416,0.10322564240823834,5422.082937946599,0.002032816957826681,0.9990823249127061,0.00042687722587649783,0.000917675087293901,374.6017330763234,3.643646028961278e-05,1.2301161742911757,0.5113081008696061,0.2220582867601012,0.9006676968317351,20840114.855033413,929.8945941362715,0.00023879650553759735
instruct,target_word_shuffle,target_shuffle,20,10,39851.430602564746,4532.572505536481,0.11373675767727082,6841.813348441413,0.002018160868535992,0.9990883378507804,0.0004494584119736639,0.0009116621492195609,393.40997321132556,3.5674194731494246e-05,1.1681124416675115,0.40639796913522275,0.17649639545211526,0.9246663706161689,33931514.04481983,1368.200678092854,0.0002466849066989907
instruct,target_word_shuffle,target_shuffle,21,10,43666.52043942107,4420.848338757214,0.10124114067871047,6655.235576570018,0.002008930666791639,0.9990932769124996,0.00042619718511345593,0.000906723087500394,466.14393881308735,3.405501836584168e-05,1.2253184483904151,0.5000636107660855,0.21717486675632647,0.9024047016773935,31454216.015762568,1228.622579732619,0.00023292953679099337
instruct,target_word_shuffle,target_shuffle,22,10,50058.082108070135,6473.124535183344,0.12931227611174853,8939.166229483153,0.002079301276124242,0.9990596433221575,0.0004769807284862249,0.0009403566778425354,886.6720562163899,3.494503103163016e-05,1.1427336874321459,0.3626867020308885,0.15751283335170377,0.9350673034727042,60168043.47061528,1673.539525307742,0.00022770960630202897
instruct,target_word_shuffle,target_shuffle,23,10,57497.606290973505,8267.156185093158,0.14378261493628494,11262.692923014962,0.0023013064379560646,0.9989581380125563,0.0005085530481927276,0.0010418619874437152,807.9593071447437,4.492292225466432e-05,1.1306366580672065,0.33794494581806284,0.1467676251558781,0.9400998289082421,96520286.12425286,1516.8986177226477,0.0003440717512570579
instruct,target_word_shuffle,target_shuffle,24,10,59515.2842632262,8680.63740493213,0.14585559848020072,12047.422624635896,0.003045047831279045,0.9986205972691031,0.0007231373552555345,0.0013794027308968726,1231.8094273068427,6.001939542576995e-05,1.165338040328963,0.40455095914911404,0.17569424920712806,0.9258331569515034,98285702.3516646,1753.9538576546063,0.0004152792432018382
instruct,target_word_shuffle,target_shuffle,25,10,62223.47197709433,8324.963513592642,0.13379136922248927,11768.58195261031,0.0034805263243410057,0.9984237446620767,0.0007751172362299296,0.0015762553379232713,1658.0431202388256,6.928290821017757e-05,1.2226838036345837,0.4960646414948571,0.2154381364685313,0.9033821489470343,96735416.32303368,2137.13543056748,0.00047669544372264117
instruct,target_word_shuffle,target_shuffle,26,10,63785.16099371838,8556.311923179286,0.13414267189859283,12153.235954286829,0.00411881274105715,0.9981341192339755,0.0009354663733633295,0.0018658807660244525,2007.6851666648363,8.006468328614069e-05,1.264789600522438,0.5565070973431955,0.24168796151614558,0.8877997068340033,105202419.4738749,2439.0878037683015,0.0006035477484570562
instruct,target_word_shuffle,target_shuffle,27,10,64742.686406484376,9987.840968156706,0.15426979513096575,14436.711787919157,0.005737136938034997,0.9973942077401461,0.0013759236405854476,0.002605792259853912,1731.050295470832,9.3397306093701e-05,1.2694732731410343,0.5610860333528169,0.24367656815811228,0.8860737118503376,146800166.95225537,2426.1084318002877,0.0006769243293701654
instruct,target_word_shuffle,target_shuffle,28,10,63959.37815415252,9021.655446097619,0.14105289492267983,13185.67832745575,0.007717378103268236,0.9965051543058403,0.0016149102703905819,0.0034948456941596984,1617.7638167927926,0.00013074815939606577,1.5866015903829724,0.8900752759335625,0.3865547808164604,0.7875910148449848,114275164.52854973,2913.232639130962,0.0009099670433401208
instruct,target_word_shuffle,target_shuffle,29,10,66272.03423378475,9514.340062019215,0.14356493160381834,13960.473593962914,0.009489792971305058,0.9957033522525718,0.0019417318484202639,0.004296647747428217,1556.1724438116973,0.00015651233462399272,1.7973639635977356,1.039612569008512,0.45149800203766033,0.7351795079322565,122008850.05457838,3570.2609045614354,0.0010812008636540416
instruct,target_word_shuffle,target_shuffle,30,10,65056.24631193769,9864.41339660017,0.15162899730336993,14451.12594972552,0.01162633415427514,0.9947311680992103,0.0025958536964157393,0.00526883190078975,1837.050057443631,0.0001896385701267711,1.893325103895323,1.0958666146509815,0.47592882364491845,0.7139112018035545,130299721.53945091,3458.9406524644073,0.0012567399077456631
instruct,target_word_shuffle,target_shuffle,31,10,62571.82494227465,10278.915849185372,0.16427387020704828,15030.740605100074,0.013662082750274156,0.9938025514141685,0.003122114622820159,0.006197448585831489,2519.7916911361135,0.00022934123484852353,1.9184176044928625,1.1072937856437883,0.4808915809508594,0.7084077102889218,139305284.61350226,3393.33359714197,0.0014645707828556676
instruct,target_word_shuffle,target_shuffle,32,10,63351.13454794678,10714.237343148332,0.16912463240953246,15732.046964664314,0.017134191728421837,0.9922258007470907,0.004495893692871851,0.007774199252909342,2472.0629921234085,0.0002618685409413457,2.189700624472247,1.2361079676546314,0.5368348693890497,0.6556758901193256,147582227.55391604,3647.1363120652873,0.0016244871472845812
instruct,target_word_shuffle,target_shuffle,33,10,64762.141634955886,11184.572772872649,0.17270233025826442,16355.153793888008,0.01982201753783594,0.9910074603278332,0.005348956509533809,0.008992539672166844,2594.1536940960304,0.0002767708971406213,2.488754076018411,1.3448094398837716,0.5840433189529248,0.6057203629280588,155429368.58348048,4009.7559735895607,0.0017154880002308026
instruct,target_word_shuffle,target_shuffle,34,10,67759.98466232995,11939.220940898736,0.1761986960356582,17490.397759253083,0.022500864738890777,0.9897908653366143,0.006144971390257726,0.010209134663385688,2764.895138177118,0.00029666713578047066,2.7958980117773775,1.4341129225923777,0.6228273287080149,0.560300489761467,174850323.44487488,4476.606171053708,0.001870885389845256
instruct,target_word_shuffle,target_shuffle,35,10,74986.04545517854,12234.635109785735,0.16315882555906688,18196.866052575926,0.02311469396195882,0.9895258547970732,0.006168874364534693,0.010474145202926777,2998.9461103081408,0.0002751077176268435,3.6622905594109065,1.611450922096296,0.6998442433243283,0.44992066373706135,185064727.03435367,4642.546952553968,0.0017997516668710745
instruct,target_word_shuffle,target_shuffle,36,10,75229.0749739468,13135.718534318246,0.17460959793626846,19546.90433497218,0.026975561315934815,0.9877641711488622,0.0075423569340346205,0.012235828851137831,3440.155937983147,0.00030941327942579644,3.6780137541132496,1.6139138699347793,0.700913887979797,0.4467265849354376,213173233.35230815,4858.878717377229,0.002071288287986306
instruct,target_word_shuffle,target_shuffle,37,10,78706.58137523929,14483.869112554317,0.18402360843880933,21625.53309535179,0.028733944378081876,0.9869584361883043,0.008341851364474004,0.013041563811695744,4278.539866958698,0.00032897026511991,3.4516023081966445,1.5646590235195104,0.6795227799746536,0.4686400804673003,263558738.9191815,5172.444823863108,0.002157043183940277
instruct,target_word_shuffle,target_shuffle,38,10,82464.40133254191,15234.84288730876,0.1847444793284011,22825.393735763322,0.030458708484207186,0.9861726033629135,0.009637205360136,0.013827396637086542,4807.092982486112,0.0003187230435387489,3.6058044770777395,1.5838584851670756,0.6878610002237043,0.4475983331517792,294568067.451153,5405.390139657989,0.0021105795779908787
instruct,target_word_shuffle,target_shuffle,39,10,87217.36400408798,16265.628492249636,0.18649530031069556,24359.586280000887,0.03240256099791662,0.9852858787786152,0.01071718205791458,0.014714121221384824,5031.259363242802,0.0003151754531889317,3.792841997482622,1.6102056872489068,0.6993034447014335,0.4239502149993441,335105012.5102217,5710.020841332603,0.0021190063723262043
instruct,target_word_shuffle,target_shuffle,40,10,94314.00196237517,18007.03259961999,0.19092639719395602,26974.757022402136,0.03461859957122771,0.9842703263621002,0.011795877749086437,0.015729673637899788,5751.994207844865,0.00031077448010163877,3.7969200057923995,1.6051671062366957,0.6971152167712077,0.4196657530602799,411766637.76731944,6181.836336904469,0.0021145449988925202
instruct,target_word_shuffle,target_shuffle,41,10,108776.95896274433,19035.611623385154,0.17499672545455855,28600.728038769317,0.03052428762471729,0.9861528683283481,0.009107591544054163,0.013847131671651858,6202.562480220493,0.00026945116908472233,4.151909348355514,1.6494384049287787,0.7163419974998699,0.36497332664935356,464740201.08949023,6657.601982242902,0.0018568850750440014
instruct,target_word_shuffle,target_shuffle,42,10,114566.00051068504,21269.283664608745,0.1856509223486863,32038.929214219428,0.033474808347540505,0.9847934150263387,0.011554426493595785,0.015206584973661341,6811.426059299313,0.0002803391884137474,3.830882915517423,1.594176715727391,0.6923421508190547,0.4092655450840674,589791349.3510859,7042.584778955758,0.0018897353769171676
instruct,target_word_shuffle,target_shuffle,43,10,119360.53310794731,23130.35884472743,0.1937856529495289,34850.94381777816,0.037106468173066454,0.9831226359134572,0.013527133715493203,0.016877364086542834,7040.578352124926,0.0003086895101606091,3.703567897590345,1.5654858214981084,0.6798818537744075,0.42125447743780714,706112374.4135337,7663.4519447192315,0.0020246842411832944
instruct,target_word_shuffle,target_shuffle,44,10,127435.4404266915,26018.729360828722,0.20417184790753914,39095.964204691525,0.03964792858483664,0.9819341089647216,0.016304937113236145,0.018065891035278447,7677.376009112885,0.0003137495735231477,3.2602351874281394,1.4841340813759916,0.6445512419461448,0.48419367334702956,902024606.3975137,8446.755011921892,0.0019926858271750447
instruct,target_word_shuffle,target_shuffle,45,10,140557.46964226227,28248.35536884921,0.20097370449784766,42007.29831642218,0.039052312500691966,0.9822055733410524,0.016288686878531668,0.017794426658947593,7654.670448298215,0.0003293269887780781,3.178575786132261,1.4784400127161914,0.6420783393476154,0.49994670119467755,1039071187.3028624,9470.338013509727,0.001980085624432637
instruct,target_word_shuffle,target_shuffle,46,10,158424.6468239946,30624.46933340458,0.1933062181128137,44827.532826574716,0.03472520337462539,0.9841912151421734,0.013956477042625584,0.015808784857826552,7827.7832832400345,0.0003591875510740028,2.9119068510410266,1.4353308675334115,0.6233562754751679,0.5413314541003182,1174816889.21069,10900.264981529699,0.0023572748664236753
instruct,target_word_shuffle,target_shuffle,47,10,184028.0734948812,31806.146548765817,0.17283312238581097,46351.91917592657,0.027800562511899177,0.9873775817876336,0.010199980705909393,0.012622418212366426,7048.419736231063,0.00033211450443604296,2.9993950999337256,1.469235021237031,0.6380806623422496,0.5318965225192833,1229367235.8597264,14717.642679005303,0.0022328088971108606
instruct,target_word_shuffle,target_shuffle,48,10,105.38794554201574,99.32925427597787,0.9425105856758225,148.66285585661353,0.49299845881707155,0.741284222614877,0.15406388269154248,0.25871577738512297,15.329978355063705,0.010461047761115894,4.042483693614314,1.5750588052166419,0.6840393477787162,0.34786637269821186,13272.170810308031,39.19170509708154,0.054539928803389204
instruct,target_sentence_shuffle,target_shuffle,0,10,33.090804289724495,47.434391420151194,1.4334614234468546,65.1523084471549,0.7713657918411235,0.5529574448224774,0.35398058424939194,0.44704255517752256,0.0,6.061817714453355e-14,3.629517443501092,1.4552516258218662,0.6320077508751722,0.4455110499851624,2729.2989754998857,0.0,6.061817714453355e-14
instruct,target_sentence_shuffle,target_shuffle,1,10,748.2787485416649,527.6134337492987,0.7051027906078773,697.8647202739744,0.38309741558781,0.8010447437262679,0.2059525763146438,0.19895525627373212,18.963154842047423,0.0003171484352153531,1.5725628224551613,0.7841335538590969,0.34054487551619206,0.7886595538331637,321054.17298790044,86.7583521966352,0.006536849416194701
instruct,target_sentence_shuffle,target_shuffle,2,10,765.2141000861875,501.72457924194885,0.6556656224518576,667.8025455979122,0.3461023187741511,0.8237718562164821,0.17468066979066213,0.17622814378351792,20.055257282744343,0.0003321124724003921,1.7029880416334733,0.8721276519334397,0.3787602267499327,0.7540349796025736,291643.83634628024,92.11559464679672,0.007241568969202694
instruct,target_sentence_shuffle,target_shuffle,3,10,672.9030104987115,477.089560189228,0.7090019701883037,652.7415822712745,0.4107921230287554,0.7901103015243783,0.18730497321362233,0.20988969847562167,30.35992317661335,0.0009219285153061474,2.0071465747077597,1.061954096203695,0.46120080401581975,0.6870892367486757,268083.43887365423,119.21069789200703,0.014479121978939746
instruct,target_sentence_shuffle,target_shuffle,4,10,503.4132020142363,457.197073655486,0.9081944450923554,631.9112160642833,0.5286446958654684,0.7232455701292511,0.1878461117526854,0.27675442987074894,28.186605998846503,0.001550376463765768,2.4011932476173667,1.2132942013509125,0.5269269765719142,0.6141058272779895,246655.82745380508,120.60927517560492,0.027064303043222937
instruct,target_sentence_shuffle,target_shuffle,5,10,916.789746452271,424.8172149843375,0.46337474500371006,605.9846709886409,0.20751079648426815,0.9017246502814368,0.06562548526457905,0.09827534971856322,33.45736465086697,0.0006230586383824122,3.5447424962954797,1.4714749107335643,0.6390534339906669,0.4466577783454757,219423.6010600727,182.86094107866248,0.012782798616323254
instruct,target_sentence_shuffle,target_shuffle,6,10,1016.3401343476454,451.0936000652182,0.4438411756264644,641.7325191958412,0.1870369330151357,0.9117616684401723,0.04839678319075997,0.08823833155982774,38.33805991549995,0.0006834815830357721,3.632510754132351,1.4876071668123068,0.646059583786315,0.4397844886884865,247440.54051134802,168.3036233346758,0.012552107776341748
instruct,target_sentence_shuffle,target_shuffle,7,10,1067.480915116848,611.1100675825093,0.5724786822213264,864.4136275471166,0.22722678231527924,0.8890931239053946,0.05622812264160185,0.11090687609460537,46.48377941145664,0.0008413166636737079,3.116510707628749,1.3829864905555678,0.6006234013950267,0.49854409358507507,459114.4968737979,184.90241250626147,0.013400614316686599
instruct,target_sentence_shuffle,target_shuffle,8,10,1889.116551357602,742.2024659042083,0.3928833641157973,1032.0313672891732,0.08624414065115833,0.9593265475167907,0.017098440560923956,0.040673452483209305,49.36014740704369,0.0003135767181101645,2.301426445072512,1.1877037129662964,0.5158131686772661,0.6313202753120934,662007.2258087473,190.23570162937747,0.004745430436456588
instruct,target_sentence_shuffle,target_shuffle,9,10,2745.0968035228343,823.702672105583,0.30006325133908196,1150.3259541170105,0.04515741526896829,0.979081068540437,0.00751300872191622,0.020918931459563028,87.85897595342483,0.00019820784669366542,2.098075012755164,1.1298125152046978,0.490671340938634,0.6709020746292308,810825.9077721151,295.4617588140219,0.0023895139519960473
instruct,target_sentence_shuffle,target_shuffle,10,10,3067.94895018865,1188.4962564602895,0.3873911449495298,1596.2634716817201,0.043804531023536694,0.9789393239558537,0.0021062135793109152,0.021060676044146298,66.58734165924623,0.00019078298815677908,1.4867787410618296,0.7579718623534857,0.32918299725804995,0.8150421687962216,1648184.2126012822,341.2344941997336,0.0021635304852269943
instruct,target_sentence_shuffle,target_shuffle,11,10,6072.439594392044,1515.129922844647,0.24950926218251454,2096.7369353212007,0.01366537709359522,0.9937075293078197,0.0015984929549000665,0.0062924706921803075,88.57770256134006,6.64543809900664e-05,1.3325363442886555,0.6206410067287816,0.2695409644651888,0.8638870535806523,2852036.3237338746,473.60148530213604,0.0008226922471846754
instruct,target_sentence_shuffle,target_shuffle,12,10,6332.954693340881,1380.2546269517325,0.21794797117419357,1950.4785347830527,0.015130434425935898,0.9930974641019036,0.002561865969595005,0.006902535898096418,99.50043311116181,0.00010081574695008921,1.5558690812991736,0.8441316095406587,0.3666017000236184,0.79595912456859,2380964.878944345,580.4207755814414,0.0009766859939682737
instruct,target_sentence_shuffle,target_shuffle,13,10,7051.315190879782,1572.9212709815722,0.22306778642032607,2283.876826828479,0.014583150134562496,0.993345252504039,0.002452993290332575,0.006654747495960955,185.2946187049317,0.00011247360523736205,1.4387544437693938,0.7428649426342105,0.32262214538541334,0.829907940343654,3414053.191272819,937.7933244897935,0.0010247004580823393
instruct,target_sentence_shuffle,target_shuffle,14,10,12821.418749639879,1767.1969363713736,0.1378316215138835,2620.2379593884084,0.0055942378573414255,0.9974713016472411,0.0010023547567988504,0.002528698352758929,139.24764928766578,4.6120339360689044e-05,1.4162429084060284,0.7269290152669237,0.31570126006578964,0.8369094393408378,4659158.321490389,713.0275762548116,0.00041198889396132365
instruct,target_sentence_shuffle,target_shuffle,15,10,17356.392950655158,2122.6885290323094,0.12230009628539687,3198.0438460383575,0.0036340359851359935,0.9983597927402214,0.0008054653227651065,0.0016402072597786477,163.12813125389224,3.379787323276595e-05,1.3301668194862788,0.6300442595646581,0.2736247452837511,0.8647359909206722,6787733.381034382,873.2758805885335,0.00029545161111887985
instruct,target_sentence_shuffle,target_shuffle,16,10,21987.900131762734,1863.0747297780592,0.08473181698177468,2818.2862629780907,0.0028177312505476876,0.9987296348522113,0.0006281335072701399,0.0012703651477886657,474.13506229850606,2.679353731793732e-05,1.62121550624668,0.9179705533334261,0.3986695458623817,0.7787452286778489,5001796.206026987,507.9755239793556,0.0002451670412032536
instruct,target_sentence_shuffle,target_shuffle,17,10,25112.8067007689,1967.0277175589058,0.07832767324644281,3064.8854764315583,0.002506088121090613,0.9988707351829218,0.00040506671651215515,0.0011292648170782016,445.7125319762695,2.7330976212769365e-05,1.6749381147682931,0.9716405908908674,0.42197814701711867,0.7657256964103755,5845386.374623603,840.9453163514872,0.00030479689195705983
instruct,target_sentence_shuffle,target_shuffle,18,10,29940.43280540851,2695.8123513971987,0.0900391911138379,3956.7238901630853,0.0023341907580165175,0.9989476176166404,0.00046409956470856375,0.0010523823833595847,378.4143354433811,3.195703312486309e-05,1.4539683480269163,0.7869259776894851,0.3417576097768648,0.8259700853345634,9729669.666856647,715.3135742996038,0.00028160229912654877
instruct,target_sentence_shuffle,target_shuffle,19,10,36240.71825766458,3578.1876642141797,0.09873390584518633,5265.224359008512,0.0019790358911177417,0.9991074081306968,0.0003895269710638297,0.0008925918693032386,270.7734971401555,2.7739659032133268e-05,1.2705067207397769,0.5671156120006892,0.24629518089308486,0.8857912782146673,18576478.516728193,1089.3809466797636,0.000260051582405052
instruct,target_sentence_shuffle,target_shuffle,20,10,39608.275667847985,4080.334071938933,0.10301721049803599,6500.762115168946,0.0019519082267678734,0.9991191116555971,0.00037807799610633136,0.0008808883444029192,307.1790312733993,2.958196193292295e-05,1.188796523489044,0.44142421487582756,0.19170810069904723,0.9164260402338893,30258045.1935136,1586.2069737253341,0.0002736274518138071
instruct,target_sentence_shuffle,target_shuffle,21,10,44294.1857457687,4241.0587934018085,0.0957475280783764,6496.933123525907,0.001940781932396756,0.9991248014544496,0.00037753824912354256,0.0008751985455504041,467.4374301704544,2.754958033046595e-05,1.2695654319335055,0.5647079088021653,0.24524952867990513,0.8861173581513467,27703070.42908825,1010.9000236412547,0.0002538038984620794
instruct,target_sentence_shuffle,target_shuffle,22,10,51261.31819213524,6275.13084275121,0.12241454305234725,8605.902945673159,0.0020641289327247084,0.9990677521850744,0.0004547383365864859,0.0009322478149256241,573.4478347293384,2.871695350448178e-05,1.1782614733266765,0.42676085313649464,0.18533988360950368,0.9206445770677079,53076898.39974288,1151.7564419493235,0.0002510203398072841
instruct,target_sentence_shuffle,target_shuffle,23,10,58699.85713577078,7440.351251242772,0.12675245927828227,10238.191177120887,0.002298715767931634,0.9989615788040119,0.000464165828451538,0.0010384211959880707,791.2777245857321,3.7539165838484934e-05,1.1920249904618725,0.4492744300380796,0.19511740582576653,0.9152005881562162,73207721.9272464,2113.251025226207,0.0003788267015925051
instruct,target_sentence_shuffle,target_shuffle,24,10,62149.46224256492,8670.949031328984,0.13951768395817954,11991.973201458428,0.0029158896054275562,0.9986806467204918,0.0006613760411676625,0.001319353279508162,1711.6060897467469,5.220855121235157e-05,1.1862816137361323,0.4415250448528978,0.19175189060169925,0.9174934756983842,97153662.2816239,3536.9257540750177,0.00045594078480881706
instruct,target_sentence_shuffle,target_shuffle,25,10,64676.30974259438,8470.116551679097,0.13096165482213445,11658.47140441213,0.003378734896105589,0.998472064158802,0.0006854715166920223,0.001527935841198036,1187.1236192155689,5.6916557130914924e-05,1.2618602434700947,0.555557784181501,0.24127568004842356,0.8889245982750752,92702982.894328,2533.8152722979844,0.0004934973865712289
instruct,target_sentence_shuffle,target_shuffle,26,10,66722.1922357457,8735.351878325548,0.1309212360328544,12360.31968719418,0.003998660582017892,0.9981909830617799,0.0008223765270810712,0.0018090169382201093,1340.1625145304456,6.595951184718007e-05,1.3038159026737262,0.6110671198181954,0.2653830782095554,0.874040537039344,104070466.89824325,3039.5569258349565,0.0006263214114787807
instruct,target_sentence_shuffle,target_shuffle,27,10,67342.18658359704,10101.946848589545,0.15000918979738237,14562.27459365464,0.005626364222586713,0.9974485385981939,0.0012621620804826206,0.0025514614018060655,1382.0749797054063,7.408702565236958e-05,1.3050474760187178,0.6094076113738763,0.26466236284951583,0.8735428664947575,148369655.06606364,3965.7401063698103,0.0007034751381709281
instruct,target_sentence_shuffle,target_shuffle,28,10,66352.67793634789,9581.348717798306,0.1444003319201328,14043.995423828832,0.007675098923162481,0.9965263605325871,0.0014671626282906686,0.003473639467412859,1477.10107803225,9.727677528648115e-05,1.5960125708923192,0.8972925258182203,0.38968919261588414,0.7850191567111002,129172543.69705997,4447.76931530173,0.0009245296356383825
instruct,target_sentence_shuffle,target_shuffle,29,10,68511.7662086075,10046.433694104462,0.14663807766266979,14864.181191856325,0.009483652023655613,0.9957095531635568,0.0016960776540511386,0.004290446836443196,1592.335389798745,0.00011174975339856008,1.8476548816415514,1.0675149396534005,0.46361584764075464,0.7235117805104251,136234650.1769394,5140.29644163588,0.0010750094651170716
instruct,target_sentence_shuffle,target_shuffle,30,10,67705.53311078085,10397.571402832864,0.15357048272288465,15330.488610529193,0.011416394708797751,0.9948306442788153,0.0022496861377592275,0.00516935572118471,1737.0395446853515,0.0001385065575053579,1.9521185791046691,1.1284107604695446,0.49006256659217523,0.701427759501222,144067235.8194619,5092.83839528594,0.001254201988274195
instruct,target_sentence_shuffle,target_shuffle,31,10,65803.78105738311,10690.668937623099,0.16246283672210987,15769.79408420962,0.01305316720823164,0.994086321091826,0.002557773970423413,0.005913678908173958,1596.9899243739446,0.00015422130079389973,2.0154479586889846,1.158455469298037,0.5031108178467795,0.6884702713571551,150222932.45878735,4921.574279439896,0.001411630912612205
instruct,target_sentence_shuffle,target_shuffle,32,10,66557.51282636733,11182.380640219719,0.16801079495551288,16558.639726817913,0.01660029562069283,0.9924747016177766,0.003938467013242847,0.007525298382223378,1725.6990745906862,0.00017110312273826978,2.2934271052264252,1.2818262956221305,0.5566900869471776,0.6378500283705514,161150122.01336905,5251.229882131776,0.0015442114815339414
instruct,target_sentence_shuffle,target_shuffle,33,10,68096.84314495805,11961.303871534508,0.17565137118136925,17606.440426055662,0.019387257472824743,0.9912054100685888,0.005029829912261593,0.008794589931411245,1785.3038540714074,0.0001776462795821665,2.4338374266131946,1.3331094081571748,0.5789620597359708,0.6155422693907976,179288977.20199817,6062.754927681603,0.0016454496848063993
instruct,target_sentence_shuffle,target_shuffle,34,10,71483.0976675943,12837.235024184683,0.17958420162315147,18895.905411975225,0.02171749111137298,0.9901477876412621,0.005619908888592938,0.0098522123587379,2055.0784603236334,0.00018976331569398042,2.712644812216661,1.4197570700246935,0.616592661154853,0.5737145023154306,201914400.90642968,6903.661993414557,0.0017932811192018505
instruct,target_sentence_shuffle,target_shuffle,35,10,78993.73749413414,13439.146682987968,0.17012926732307004,19974.520344137265,0.02273731740641932,0.9896930037967314,0.0059239009672174695,0.010306996203268581,2180.0646459525997,0.00017951707563090835,3.3194635387593583,1.5627438193574106,0.6786910173753355,0.4960943369081345,221322412.54493877,6943.045082058111,0.00173071521308521
instruct,target_sentence_shuffle,target_shuffle,36,10,79800.97001462923,14514.484236243583,0.18188355647284446,21539.677298598792,0.026523263752651082,0.9879632711146746,0.007296186478335682,0.012036728885325365,2330.05830070279,0.00020140745938390658,3.3257480569918036,1.5664664072825154,0.6803077167696082,0.49637986867576966,256645421.1720058,7076.421890430312,0.001966964714278041
instruct,target_sentence_shuffle,target_shuffle,37,10,84395.41953956625,16268.549133272027,0.19276578304874717,24139.172738103636,0.02814441507167651,0.9872137507758671,0.008458905971444152,0.01278624922413285,2555.1492922497628,0.00019802973143623337,2.9742329987763894,1.4850826971848998,0.6449632205573999,0.5382514170742736,325610712.50865185,7966.059759031894,0.0019858608673692935
instruct,target_sentence_shuffle,target_shuffle,38,10,88898.90654405496,17316.253161711593,0.19478589596746398,25761.503585712962,0.03019850624435581,0.9862746329647875,0.010018556644274021,0.013725367035212543,2743.66778425051,0.00019444073824981256,3.07777829569874,1.504040840707634,0.6531966376764532,0.5245071656117769,371760006.5423513,7952.555799177479,0.0019487199426669877
instruct,target_sentence_shuffle,target_shuffle,39,10,94313.2775363812,18417.02113953395,0.1952749561951085,27390.967358835933,0.03179059569119682,0.9855499835472697,0.01090358083654983,0.014450016452730252,3174.7012768491163,0.0001937540059490095,3.291003334370363,1.5461568522745652,0.6714873890997449,0.4984620543269804,417972669.6561709,8750.9507997778,0.0019584365990779062
instruct,target_sentence_shuffle,target_shuffle,40,10,102646.29669534598,20460.18473001864,0.19932706184953197,30420.646911755128,0.03354263410431431,0.9847436577466013,0.011642636487042377,0.01525634225339867,3696.329308724433,0.00019467028534836395,3.273880859283881,1.5396953106217355,0.6686811772153329,0.49916977282059016,515904846.99956363,9916.591656470891,0.001977229055448726
instruct,target_sentence_shuffle,target_shuffle,41,10,117885.94313328111,21196.523258817273,0.17980534994619857,31702.690796972118,0.02948975439113327,0.9866185215712464,0.008881951926358924,0.01338147842875359,4084.7726735794504,0.00017141496046124693,3.986242715755818,1.6515396989903737,0.7172545779156767,0.4096157180687836,554735828.3663357,10983.998746162662,0.0017716345247535958
instruct,target_sentence_shuffle,target_shuffle,42,10,125308.3868000433,24160.05193001912,0.19280474792618407,36102.39551799431,0.03171268177410716,0.9855861640482372,0.011035922639614495,0.014413835951762821,5101.884204865298,0.00018301790276364915,3.3802137080357277,1.5468908507031451,0.6718061605670028,0.4823899190084305,731283231.4428477,13303.597674793036,0.0018379540901435343
instruct,target_sentence_shuffle,target_shuffle,43,10,130451.04006651574,25956.6340378774,0.19897606047941327,38805.68384879402,0.034724648150266775,0.9841999908084753,0.012556052762607014,0.01580000919152469,5385.263546413027,0.00019868534746958488,3.318956410529466,1.5274760888567418,0.663374436629644,0.48725329255369304,853312964.6284065,14623.06776888175,0.0019670340866771996
instruct,target_sentence_shuffle,target_shuffle,44,10,139906.81237399147,29682.343963120882,0.21215796042708496,44209.696686627976,0.03682621934623069,0.9832074604693595,0.015206742807169308,0.016792539530640527,6184.427920715471,0.0002041790050869574,2.763123236655199,1.3978067815981752,0.6070597720150314,0.5616809693058976,1133714596.2835076,17441.488510237952,0.0020006858947663186
instruct,target_sentence_shuffle,target_shuffle,45,10,153037.16748720518,32234.413702008304,0.21063127494635114,47734.61011703378,0.0371424543640185,0.9830554809877057,0.015535980598350499,0.016944519012294323,6570.9719727327,0.0002181688732484366,2.6756570221974396,1.3806434517356405,0.5996058325646472,0.5761585564304664,1327416369.8383558,18667.727271022548,0.00209000072338128
instruct,target_sentence_shuffle,target_shuffle,46,10,169230.98000924013,34528.33918611291,0.20403084106838856,50557.253391771155,0.03405905595754101,0.9844760231496954,0.013621025431520765,0.0155239768503046,5638.714564807658,0.00024033147302315871,2.5485504159150603,1.3551276569287496,0.5885244636786389,0.5973355234443691,1478840151.3796897,16606.700520421582,0.0024884718741362555
instruct,target_sentence_shuffle,target_shuffle,47,10,194082.4263561079,35616.994447799705,0.18351478346859,51938.51248861462,0.02779247477514351,0.9873676733448233,0.010145957646415418,0.012632326655176662,6351.508350485588,0.00022224468536335973,2.663996484376873,1.3991163049337778,0.607628490773607,0.5815098347760564,1529637268.0341747,22469.869808710144,0.0023539634250403507
instruct,target_sentence_shuffle,target_shuffle,48,10,104.34728707648637,96.47866260776178,0.924591959319864,144.26510264478202,0.48880068155620315,0.7446568065248382,0.156962922445963,0.25534319347516177,12.638939600981267,0.007041424554781628,3.9420662251360774,1.5714235621577441,0.6824605817778598,0.38035516745756964,12431.02652358299,39.49254348231666,0.05488973982054879
instruct,control,control,0,10,33.090804289724495,47.434391420151194,1.4334614234468546,65.1523084471549,0.7713657918411235,0.5529574448224774,0.35398058424939194,0.44704255517752256,0.0,6.061817714453355e-14,3.629517443501092,1.4552516258218662,0.6320077508751722,0.4455110499851624,2729.2989754998857,0.0,6.061817714453355e-14
instruct,control,control,1,10,752.1446706636389,529.4283450523052,0.7038916390714762,699.2031434568289,0.3801046624856783,0.8024915805402033,0.20241109863073936,0.1975084194597967,17.93264554352856,0.00028149194951843093,1.5617641401636009,0.7771483917053411,0.3375112581376165,0.7917294219060798,322465.3464014403,85.03005835315032,0.006299741077985588
instruct,control,control,2,10,762.0766763085747,497.63249495543033,0.6529953092986824,662.7070620207122,0.34300954178520654,0.8255409779517517,0.16969902843835855,0.17445902204824826,20.86947139209708,0.00037483827920115065,1.720688202267872,0.8840732371548268,0.3839481284946861,0.7496397993292527,286348.8080953078,92.01866637526331,0.00724547818407717
instruct,control,control,3,10,682.3768576227267,476.0564891300043,0.6976445402742634,652.436672263501,0.4025011814627806,0.7949742854303391,0.18409051499269485,0.2050257145696609,29.142375345378003,0.0009123478666926976,2.020260529054227,1.0696273287159994,0.46453324655427414,0.6845771230185461,267373.60361592245,117.52093433068382,0.014257417156630092
instruct,control,control,4,10,508.7877324514561,457.7443175469478,0.8996764040308709,634.62060089988,0.5239379339203029,0.7261706389353562,0.18730960538134594,0.27382936106464384,29.48986748724948,0.001671295396621364,2.399930605256057,1.2169223850746955,0.5285026767424844,0.6147168546163926,247453.6083699873,120.38470078747233,0.02699119075104306
instruct,control,control,5,10,887.8360670705692,428.597488864375,0.4827439487545708,612.0236238010549,0.21939425024788722,0.8957168841951176,0.06902643174564217,0.10428311580488236,57.795740339767114,0.0012055805791709728,3.590308224923851,1.4731302026234212,0.6397723181243711,0.4345378176459174,223894.0208268158,206.5070843986618,0.014687096819946843
instruct,control,control,6,10,983.5600160901658,450.08629115914,0.4576093820368139,639.4614665305535,0.19624774979942824,0.9071758371820261,0.051787077327208025,0.0928241628179739,54.9395212257219,0.0012207055609542161,3.6203069085849293,1.4829016039242464,0.6440159837897816,0.4382875885494356,245658.52389355144,182.48803054484097,0.01365623596325305
instruct,control,control,7,10,1050.1636218596263,619.3846452596905,0.5897982298823926,884.3118779596591,0.25310058294711124,0.8757291576722839,0.10019572546883988,0.12427084232771612,54.62930318217414,0.0013517229866001346,2.9748361472680775,1.3494482974120137,0.5860579491797757,0.5154634067867618,482879.5798688794,193.53968703129598,0.014182717395174516
instruct,control,control,8,10,1853.4416954438996,739.7784659580175,0.399137705694508,1025.6259998893524,0.08742282436264064,0.9587124457803569,0.01565747476425598,0.04128755421964314,65.48313843495099,0.0005537306959404464,2.2216217881933344,1.1617453708015788,0.5045396039157728,0.6458990421099159,657915.5187413837,202.3446904251051,0.004924272019058873
instruct,control,control,9,10,2794.888515437826,813.1507198230191,0.29094209494636564,1129.0456721499872,0.04257773423643261,0.9803054435938774,0.006579776381432994,0.01969455640612261,69.11035221364335,0.0002820573728922193,2.07537586004558,1.1190263298858993,0.485986960173894,0.6751004472015744,785886.1546863458,261.0927891613661,0.002365085631860997
instruct,control,control,10,10,2974.9196255571533,1143.6440866117096,0.38442856633396394,1541.0820759780033,0.04543813969873958,0.978261873596112,0.0028305727785596134,0.021738126403887947,146.51336794846043,0.00036421697975064227,1.5086246812777684,0.7755784092266782,0.3368294234104484,0.8086021859452655,1550672.5776161153,420.7487689262538,0.002329825760589488
instruct,control,control,11,10,6088.395232480513,1548.9180881107163,0.25440498340966955,2119.640262279536,0.013301603733359738,0.9938791749606691,0.001754217631344547,0.006120825039330868,101.31066722012847,0.00011832137975953394,1.3005565640023258,0.5787073025539182,0.2513293881362823,0.8747917421342318,3016475.108366633,462.84867977496197,0.0008513178711090363
instruct,control,control,12,10,6277.875724358746,1540.670102909056,0.24541264761440104,2194.53790371899,0.015442671523980869,0.992936202578346,0.0032603718778775595,0.007063797421653972,148.16634112258953,0.00015664357824674013,1.3827092767839746,0.6730829018469096,0.29231619013554083,0.8471874038611118,3157602.1599266557,624.7449205789733,0.0009275661303236316
instruct,control,control,13,10,7158.998493078203,1517.6392900960298,0.21199044692681307,2224.9295727864637,0.014162102468101376,0.9935587560715964,0.0030654299076323687,0.006441243928403617,145.27807724216098,0.00018615914457675853,1.4733974978527995,0.7653136283406061,0.3323714857136813,0.8190978273011549,3286407.5621084,837.2897894959066,0.000994845250957166
instruct,control,control,14,10,12405.660764628528,1780.2987594923738,0.14350696776816807,2664.789974284055,0.005847305255919043,0.9973558703841453,0.001119697460131155,0.0026441296158546956,387.0978472017749,8.60644815610101e-05,1.38594214136002,0.687616382666757,0.29862800065844736,0.846291204133605,4898164.81743346,1089.3501028791409,0.0004317586630424586
instruct,control,control,15,10,16735.932553575996,2205.2877083374897,0.13176963406597153,3448.7614742435785,0.003839403536082115,0.9982654920202011,0.0009014337310107553,0.001734507979798905,575.0128582886713,6.596266710701126e-05,1.2708408577083592,0.5490656366385508,0.23845617619481851,0.8853785251270826,7908211.253891847,1447.860679606711,0.00031672832481732804
instruct,control,control,16,10,21182.25510211054,2155.1905033140515,0.10174509243349233,3254.5622691437848,0.0029970333704605334,0.9986480090562194,0.0007173959286031043,0.0013519909437805788,421.472933820824,5.3367811965410183e-05,1.425341575179804,0.7354119959538077,0.3193853717681952,0.8339843209409683,6687000.493421286,1064.5425252871437,0.0002558721694325694
instruct,control,control,17,10,24856.853194960346,2137.970428341875,0.08601130688478871,3212.006372358342,0.0025092304140555055,0.9988690902992385,0.00042812895255710525,0.0011309097007614621,280.49314071137684,4.5752391445663676e-05,1.574345553485143,0.8869561093583309,0.38520014398470026,0.7915025785608766,6362280.369537951,675.9578394513846,0.00029070425192134763
instruct,control,control,18,10,29045.443200344816,2726.7876421244746,0.09388004938730297,4097.872776168349,0.0024236009558591077,0.9989070532236916,0.0004995466987987748,0.0010929467763084455,683.7586662128116,6.178084203312117e-05,1.401867695129268,0.7270820483934329,0.315767721508181,0.8417637249497872,10639145.789452072,1191.5577025745774,0.0002752780093203677
instruct,control,control,19,10,35282.51537563957,3672.777734316812,0.10409625547425232,5344.8387441510995,0.0021370438229360122,0.9990357558058769,0.00042776283946218725,0.0009642441941231095,1049.3843269660142,5.61859431558176e-05,1.265545683912366,0.5604914942676311,0.24341836311414028,0.8875996840326164,18993320.54371026,1855.880112603955,0.00026607223688079884
instruct,control,control,20,10,38227.88111839507,4156.222047526942,0.10872227091673645,6117.829216385089,0.002119673241040311,0.9990436341113164,0.00040677783161952074,0.0009563658886836413,1478.8482329663545,5.7679242652097784e-05,1.2416133221908479,0.5268724580941496,0.22881780121709144,0.8963514477837093,24728032.862940527,2813.2811551430873,0.0002734131921457994
instruct,control,control,21,10,43143.138987476246,4833.844218308506,0.11204201483141255,6798.314737184965,0.002108997709646434,0.9990484724920747,0.0004229045175207576,0.000951527507925265,923.0775702616567,4.841701444247004e-05,1.248475940518744,0.5388749668434528,0.23403042453590933,0.8938687997041118,29848425.094411332,1613.565511397546,0.0002372393418960117
instruct,control,control,22,10,50110.73490379452,7082.67719752001,0.14134051737851666,9604.544565326865,0.002214862112181219,0.9989982448845833,0.0005130435409615148,0.0010017551154166693,872.8022375868076,4.569474532389872e-05,1.1383767822430906,0.355209453198739,0.1542655054440837,0.9368838130426782,66437854.295042194,1627.5231564246103,0.00022354170694682818
instruct,control,control,23,10,58064.30749583914,8317.024720213547,0.14323816263217368,11246.271090137207,0.002485106290179082,0.9988757745358023,0.0005239001042625836,0.001124225464197659,604.3045144312215,5.4023166975114556e-05,1.1566060687065935,0.3873813154135226,0.16823756767651596,0.9293424153664654,90754857.08363727,1654.7081936930767,0.00032710052844697746
instruct,control,control,24,10,59773.92367333641,9593.381928592571,0.16049443200383262,13201.263143408156,0.0033603571904809856,0.998476276018177,0.000779724061184759,0.0015237239818229886,1076.4045826649015,7.538872997459034e-05,1.155647525660013,0.38669156445171365,0.16793801263991487,0.92974979352201,121361656.60861169,1759.0598096774468,0.0003778499284796677
instruct,control,control,25,10,63428.3381571606,9946.287037262402,0.1568114083742479,13716.15182190261,0.0037596934615441472,0.9982948216288665,0.0008294382831467735,0.0017051783711334867,850.8063663261361,7.998556066912688e-05,1.1835219612800842,0.43226163617598096,0.18772884332969958,0.918494298222748,133825470.28389247,1881.8472038649636,0.00043110409809243855
instruct,control,control,26,10,65451.168005327025,10196.80433764221,0.1557925495968582,14542.381493584424,0.004289873720587482,0.9980529109562655,0.0009672245139073757,0.001947089043734529,929.3312216610886,9.729290727800155e-05,1.2006354808327204,0.45916256926751864,0.19941177012940298,0.9117758274180543,151616558.3986055,2266.635965213725,0.0005506564029794658
instruct,control,control,27,10,66561.63477680655,11616.734218721773,0.1745259751758626,16859.740058464216,0.005788006917138971,0.9973655962498326,0.0013586367683952028,0.0026344037501674356,1019.579402563709,0.00010501946287888586,1.210176021630058,0.4720007977461092,0.20498734191506804,0.9080646739937513,206498159.73935342,3259.2681683754436,0.0006104138756004573
instruct,control,control,28,10,65625.74676536833,10723.53194347597,0.1634043416193922,15651.114971719926,0.0078055555491047144,0.9964580861085099,0.001607262254864365,0.003541913891490056,1160.477856119038,0.00013569884484920802,1.4077682439337595,0.7225088300212426,0.31378159800460015,0.8394403359943374,170107479.14158666,3762.372209857752,0.0008008728811055299
instruct,control,control,29,10,67762.58562116664,11160.562756333533,0.16470095782247374,16359.084639422808,0.009641786066129672,0.9956265371792886,0.0018624622727523488,0.004373462820711382,1289.881343655163,0.00015743242081855957,1.5625901190090907,0.869311552107799,0.3775372101351682,0.7940188340169336,177534332.07925174,4415.709743914843,0.0009357614299310146
instruct,control,control,30,10,66782.2718494665,11688.892012947594,0.17502986480147684,17161.080456514163,0.011927367723704722,0.9945822608248133,0.002538358610018033,0.005417739175186731,1414.1649607881216,0.00020680130484385106,1.6213334979925105,0.9188994200242251,0.3990729475406194,0.7784433730040722,192112984.8803829,4292.038531872854,0.001131599310222109
instruct,control,control,31,10,65881.6058856539,12408.98219028195,0.1883527583073696,18323.979449428716,0.013723327999214894,0.9937589737878934,0.003042819813404889,0.006241026212106648,1833.411520347485,0.00022816264267966346,1.6178248360453258,0.9143084484351225,0.3970791139128975,0.7793352951046183,211268874.59983614,4877.799712977467,0.0012894051864659195
instruct,control,control,32,10,66356.89637069202,12812.082489873597,0.19307838658247337,18990.08218408528,0.017816314545137803,0.9918986857290328,0.00467139076553289,0.008101314270967164,1836.6061734310942,0.00026902301737130596,1.8298951481605013,1.0617384223221484,0.4611071380391734,0.7283560045203673,216961593.55418825,5037.852035279195,0.0014649935843449313
instruct,control,control,33,10,68635.20974762857,13717.497452146246,0.19986093875993732,20083.249765988807,0.020648022340226644,0.9906049607241831,0.006023603299616581,0.009395039275816863,2398.7693963572374,0.0002773650442478015,1.9161135642463643,1.1136107294510544,0.48363499478884797,0.7102610928143688,239403298.0956148,6428.51632241995,0.0015364813751658213
instruct,control,control,34,10,71714.27536666514,14505.288777943224,0.20226501214409118,21233.683357842612,0.023714511980054472,0.9892074941663997,0.007168841549303858,0.010792505833600252,2477.815509358099,0.0003045314283812717,2.1085567109504915,1.2111496169759315,0.525995595411884,0.6724459660964106,263413357.18444538,7011.333108915414,0.001669145151140916
instruct,control,control,35,10,79304.52339017947,14492.346815591198,0.18274300375387958,21477.974106196147,0.023949679855461762,0.9891235354498624,0.006856177142169965,0.010876464550137577,2686.871700135632,0.00029090295130518307,2.7008377513424513,1.4253352294136892,0.6190152249966707,0.577566764953313,263229023.91621318,7088.126159436173,0.001608166343937234
instruct,control,control,36,10,79915.30990120085,15604.816733805852,0.1952669238609981,23112.537329769948,0.027993576893896883,0.9872715630162041,0.008245392548862808,0.012728436983795888,2786.873786058675,0.00035604581598969176,2.7601713784886273,1.4406590500855874,0.6256702757561511,0.5687350864830667,302622192.0531906,7140.202321421312,0.001940115313635804
instruct,control,control,37,10,84487.75573746074,17392.23748759852,0.20585512463656355,25726.962320714836,0.02954777320727942,0.9865549646712996,0.009148743793362417,0.01344503532870045,3034.7327373167855,0.0003638697495897958,2.5981236110750743,1.3861088401332617,0.6019794205871921,0.5904979519415355,375570777.3828819,8043.05766822871,0.001991066280387699
instruct,control,control,38,10,88461.68170954174,18459.570731365002,0.20867307035803162,27410.555103008406,0.032289878724692786,0.9852967091018584,0.011084975760411052,0.014703290898141597,2915.1402638091527,0.00036736197764286604,2.6745639592038244,1.4029405814436784,0.6092893529591291,0.5786412589910952,427645904.3771847,7645.3070376812375,0.0019686210162386253
instruct,control,control,39,10,93299.35711719478,19599.99610604278,0.21007643258916478,29086.835709067156,0.03483278131236938,0.9841359895125172,0.01240974954835228,0.01586401048748276,3002.030914463689,0.0003807749610634792,2.884332009954961,1.4514339867188808,0.6303497712788476,0.5484383887236645,479403169.4931891,8061.0841782349235,0.0020319721565652538
instruct,control,control,40,10,101225.53660282945,21361.585117849016,0.21102960611277133,31657.202367888258,0.03626182878775612,0.983483527994823,0.012757882513740647,0.01651647200517703,3273.247447879523,0.0003897408336267505,3.019217745048959,1.4802795574047753,0.6428772434550818,0.5293713315406917,563865840.1855057,8927.627740642109,0.0020737365648896278
instruct,control,control,41,10,116363.45067845208,21867.901422385,0.18792757773068042,32592.882767167604,0.03175108744024219,0.9855781747156213,0.009784084684660016,0.014421825284378742,3583.266413728192,0.0003393366634990569,3.6808986890128046,1.6018986877320258,0.6956957606500791,0.4433413331236393,590547489.8481534,9893.629390986931,0.0018456592193265564
instruct,control,control,42,10,122511.9749076831,24857.05479131775,0.20289489913168388,36979.57275186729,0.034761624584156395,0.9841745340574093,0.012389330943427397,0.01582546594259071,3695.66138129972,0.000360360762218237,3.097224456820115,1.4873341295168754,0.6459410051955554,0.5162110612329087,777559497.4908907,11065.871944700806,0.001880914351526819
instruct,control,control,43,10,127981.4453101306,26562.48605604358,0.20754950838128236,39611.64838601248,0.03776747718522084,0.9827886262912428,0.014076006120515235,0.01721137370875725,4256.829734200019,0.00040270207600168195,3.1161210038223204,1.4839388433956937,0.6444664511686435,0.5114372488553816,900144944.9237771,12643.987923735476,0.0020407115207882187
instruct,control,control,44,10,137224.26512188392,30623.93032991246,0.22316702007995443,45345.502780314135,0.04014680635537575,0.9816554078406308,0.0168927161216009,0.018344592159369233,4777.566022921914,0.0003992113213661108,2.5993831365952396,1.3497442402671123,0.5861864755287037,0.5850561920132245,1209898904.8563378,15104.525286136695,0.0020074819161327584
instruct,control,control,45,10,149869.23154441037,33417.397311931425,0.22297703783200443,49182.80040568799,0.04055255996013589,0.9814608363175263,0.01717476127035876,0.01853916368247366,5076.016253421968,0.00042981387940033144,2.5274046769500678,1.333802272337793,0.5792629668263217,0.597771697865949,1429835707.5993545,16013.249808444572,0.002140217153208779
instruct,control,control,46,10,167687.57179370362,36195.48267099838,0.21585071740157108,52777.898815358625,0.0366224183729611,0.983272883514989,0.015140328792594386,0.016727116485011018,5562.154556393303,0.00042319713193861297,2.3562589485420427,1.2860473796536176,0.5585232804497025,0.6272089618956066,1647387627.0297015,15398.400589432262,0.0024336702343055183
instruct,control,control,47,10,193551.28876926043,38620.263099529286,0.1995350345900818,55925.4151570335,0.029534078310057183,0.9865448715109512,0.011245122962200491,0.01345512848904884,6843.9089289555895,0.00037881953799367984,2.2909401120561106,1.2698667426972132,0.5514961191058562,0.6390938976994296,1823623376.3848045,21867.377606859693,0.0022533082276667837
instruct,control,control,48,10,108.35836240965916,101.07085140270256,0.9327462057851483,151.96283124497805,0.4779787773705647,0.7492842269336445,0.14803598675569793,0.2507157730663555,16.747820797218118,0.011988126345450323,3.900675040457131,1.548893125765082,0.6726757375776545,0.3680394159884043,14117.647731743047,37.29768522004305,0.05010561727777141
instruct,question_only,question_only,0,10,33.090804289724495,47.434391420151194,1.4334614234468546,65.1523084471549,0.7713657918411235,0.5529574448224774,0.35398058424939194,0.44704255517752256,0.0,6.061817714453355e-14,3.629517443501092,1.4552516258218662,0.6320077508751722,0.4455110499851624,2729.2989754998857,0.0,6.061817714453355e-14
instruct,question_only,question_only,1,10,758.5760985385833,512.6158825368235,0.6757606567414801,679.2342191205227,0.36209211487465426,0.8138159280946822,0.1919100501356695,0.18618407190531783,68.15562614060566,0.0040192988015820275,1.6290667740627995,0.8233845268320362,0.3575913564876733,0.7732114097069492,304044.8110226924,0.0,2.6645352591003757e-15
instruct,question_only,question_only,2,10,765.6183354787204,476.8060050262264,0.6227724480084348,637.9331697961558,0.32472832905912263,0.8366164521577479,0.15998043116536884,0.16338354784225206,72.8919316738254,0.004541871915181961,1.8213322971819892,0.9401207823945585,0.4082892681165245,0.7251760047705242,264928.8220125785,0.0,2.7755575615628914e-15
instruct,question_only,question_only,3,10,697.7123766484409,447.8591592226077,0.6418965381895061,615.6008508519419,0.3593794906420328,0.8199950004659262,0.16031415771223767,0.18000499953407378,90.63084914273755,0.008363582751550691,2.2177548061562344,1.1492372475820611,0.49910739502257034,0.6464219186238448,237657.1676526262,0.0,2.9976021664879227e-15
instruct,question_only,question_only,4,10,521.6428897021325,429.8106121308597,0.823955661269127,600.7108797106798,0.4789397068371851,0.7539622400471742,0.17605175950435725,0.24603775995282584,93.45843127739751,0.01607309921291966,2.7605902607975583,1.3189286951752952,0.5728034543384868,0.5586259424653574,220977.6486349977,0.0,4.107825191113079e-15
instruct,question_only,question_only,5,10,1015.0137275203273,425.5395242912864,0.4192450927051761,612.9806277985792,0.17612300240455564,0.9172379730531572,0.0605409349124775,0.08276202694684276,152.58807243012137,0.008060348285817698,3.6386802001121072,1.495955247291894,0.649685109073084,0.430949553001756,221263.54577079727,0.0,1.887379141862766e-15
instruct,question_only,question_only,6,10,1054.154903531522,453.6743486507054,0.43036782083055497,652.7055963218562,0.18226753020237238,0.9142015265027441,0.05727131874144788,0.08579847349725589,139.02789140064962,0.008093112862403107,3.855090850238027,1.5253259393481942,0.6624406385628149,0.40416776619756933,252886.43808800017,0.0,1.887379141862766e-15
instruct,question_only,question_only,7,10,1115.2494937829915,572.9541763908853,0.5137452916005286,832.4995290930271,0.22034448685477287,0.8942987204372714,0.07974202225543618,0.10570127956272857,157.84168746663744,0.008864797458316476,3.7127451413436297,1.4943570297294368,0.648991012004828,0.40125551393035,415303.8998880401,0.0,1.4432899320127035e-15
instruct,question_only,question_only,8,10,1929.1352456537413,693.163907953826,0.3593132775503916,984.708152657345,0.08229944264136199,0.9616597662632552,0.019079425835638417,0.03834023373674478,158.69498578133684,0.0030684963557748857,2.6730043348571537,1.3150942751385586,0.5711381868752328,0.570899207881911,591321.8886414793,0.0,9.992007221626409e-16
instruct,question_only,question_only,9,10,2965.0942867180543,831.5024278246134,0.2804303497360181,1160.610752568389,0.03854363706375418,0.9822006483768442,0.005226869625753117,0.017799351623155824,218.09783973625514,0.0014708166041568216,2.124477921596538,1.163737825782187,0.5054049161192916,0.6671742484819623,806957.8043360277,0.0,6.661338147750939e-16
instruct,question_only,question_only,10,10,3336.551962470601,1102.1524973071469,0.3303267893634244,1525.0701743645461,0.03716532003076408,0.9825869727926001,0.0031180331275550963,0.0174130272073999,291.51674667244373,0.0013215434083689859,1.6463874876652858,0.9026063116970825,0.39199694050108946,0.771652753195408,1443985.4266767274,0.0,5.551115123125783e-16
instruct,question_only,question_only,11,10,6471.98130551052,1302.1393457671995,0.20119640096279368,1842.5765927901791,0.012862150769512122,0.9941489012687008,0.002168956869034169,0.005851098731299187,399.9357725910096,0.0005101874998536537,1.5316721799505928,0.8330468281419033,0.3617876406290351,0.802841282794328,2224764.490843432,0.0,2.220446049250313e-16
instruct,question_only,question_only,12,10,6835.280921161121,1255.9925945146208,0.18375142280198528,1850.9606561584758,0.013705601977529767,0.9937796779392862,0.0023577764460630266,0.006220322060713768,510.3443379346894,0.0005566126340239563,1.7970082365213178,1.0401557405558504,0.45173389844339623,0.7365061850758111,2045853.23219002,0.0,3.3306690738754696e-16
instruct,question_only,question_only,13,10,7925.911778886963,1466.312763111744,0.18500240780091784,2165.190902008312,0.012321957194475692,0.9944067656166276,0.002036792286754132,0.005593234383372447,767.149716750949,0.0005731999433016277,1.6178274676812447,0.9223276150949494,0.4005617937427229,0.7802552069476454,2913202.4193794723,0.0,2.220446049250313e-16
instruct,question_only,question_only,14,10,13426.860238725778,1713.4676253735895,0.12761491479829382,2647.1450001399817,0.005741846039273766,0.9974069217889078,0.0011319968473223003,0.0025930782110922257,727.8598106866119,0.00023201597891020498,1.5492778355764278,0.8735935800139708,0.3793968712261744,0.7987174184869874,4342055.072614764,0.0,3.3306690738754696e-16
instruct,question_only,question_only,15,10,18115.87650333231,2055.0229050314597,0.11343767466362724,3125.994693419027,0.003764123522292599,0.998301817346358,0.0007457170752221011,0.0016981826536419664,898.9960601225239,0.00016626705659983365,1.4613962010558044,0.7966097354673954,0.345963212343899,0.8238917340649466,5967157.881625125,0.0,-2.220446049250313e-16
instruct,question_only,question_only,16,10,22127.448983331004,2198.9362734489205,0.09937595043628472,3363.628593933007,0.0030674008917025973,0.9986166935368035,0.0005814287584926869,0.0013833064631965097,691.3026882588819,0.00014094785548568467,1.4887274224529836,0.830764148917297,0.3607962856378334,0.8161336133636626,6856632.491789685,0.0,0.0
instruct,question_only,question_only,17,10,24536.992709981732,2180.7618286858233,0.08887649168998131,3308.070346732002,0.0030038463426646377,0.9986458414717443,0.0004816019526881695,0.0013541585282557111,495.92900627726095,0.00017903194634005803,1.6716417004729123,0.994083808007075,0.43172511236684424,0.7678545588956118,6607985.200802294,0.0,2.220446049250313e-16
instruct,question_only,question_only,18,10,30014.89524123343,3344.1861375751882,0.11141755154224428,5111.838307146803,0.0026147469617743106,0.9988191195902466,0.0005280868138021625,0.0011808804097533931,640.1124341327303,0.0001539289844989522,1.2503811889854637,0.5484440064000503,0.23818620561245354,0.8932964886224057,17672365.967064455,0.0,1.1102230246251565e-16
instruct,question_only,question_only,19,10,36941.04132611899,4781.672825909162,0.1294406615042631,7126.234745031213,0.002242423791771982,0.9989856569043214,0.0004698423869038134,0.0010143430956786048,922.1185905624214,0.00014477311733018805,1.146661933850583,0.37590211390929795,0.1632522138065757,0.9335009294142343,35836725.43752112,0.0,0.0
instruct,question_only,question_only,20,10,40884.926803950795,5388.130117102719,0.13178769141350286,8027.051319872738,0.00216557227933663,0.9990202793890821,0.0004634217013197696,0.000979720610917889,1421.9146119889465,0.0001504858549470356,1.1358476796806702,0.35383283815446537,0.15366764912665068,0.9379718630270726,45959571.72885169,0.0,-2.220446049250313e-16
instruct,question_only,question_only,21,10,44444.596080251875,6434.525404822696,0.1447763276598155,9264.73603384667,0.0022141872025674227,0.9989979103054936,0.00043373275495388086,0.0010020896945064361,882.7951171066777,0.00013951622323349344,1.123972019807398,0.3307618640943378,0.1436480524002042,0.9429724012017678,59736483.710079804,0.0,-2.220446049250313e-16
instruct,question_only,question_only,22,10,51334.96510036428,9164.7744412418,0.17852889201977398,12366.982978721077,0.0022955678382856736,0.9989573194314664,0.0005154858394794286,0.0010426805685336271,976.5079655660761,0.00013538149132363841,1.0819529091873106,0.24006172174247603,0.10425748106895122,0.9612603665184918,116013414.54948528,0.0,0.0
instruct,question_only,question_only,23,10,57315.379872316975,10637.027443694664,0.18558766368453036,14053.055271805386,0.0026858130078619875,0.9987795639929373,0.000539799290344263,0.0012204360070626752,1413.6932180427596,0.00020966524077392634,1.0944597323614234,0.267823402863666,0.11631422598824172,0.9557093161537713,149970703.32649064,0.0,0.0
instruct,question_only,question_only,24,10,59123.05081388258,11235.455490664774,0.19003511043490665,15214.757681140745,0.0034394628050141707,0.9984347174037784,0.0007028825818749454,0.0015652825962215733,1955.8816348324465,0.0002471681532566494,1.1123266920673265,0.3061632655698028,0.1329650167984452,0.9479378868551284,167668266.76792014,0.0,0.0
instruct,question_only,question_only,25,10,63130.25387824192,11134.551433201308,0.17637425400943735,15418.043011661865,0.0038138203442278805,0.9982668300404246,0.000763344178290203,0.001733169959575398,1585.7081060049502,0.0002712995666070972,1.1461999263774236,0.3713231247789248,0.16126358409455968,0.9336442651462746,168629283.88826513,0.0,0.0
instruct,question_only,question_only,26,10,64766.22570890863,10322.428676669422,0.15937980890014355,14702.72112661689,0.004358646480829739,0.9980218185283578,0.000852691141163233,0.001978181471642193,1927.3730651306053,0.00035161818688700386,1.204853865069463,0.4715058884740467,0.2047724055491685,0.9102327746580164,155077076.25630105,0.0,-2.220446049250313e-16
instruct,question_only,question_only,27,10,64237.222243013006,10701.022681696668,0.16658601209769158,15732.951979276158,0.006112011806352391,0.9972243055459525,0.0011583389990540832,0.0027756944540474615,2710.7220222962774,0.0003994889444375316,1.2724172329973862,0.5706135383194741,0.24781431099143733,0.8851151022150564,176160263.48258567,0.0,-2.220446049250313e-16
instruct,question_only,question_only,28,10,62878.76749702891,10287.639101549894,0.16361069898572672,15342.289104051102,0.008272236427632714,0.9962522036967767,0.001296641700457564,0.0037477963032233053,3114.9751934739825,0.0005291203614778972,1.4898549826072234,0.8163546817726451,0.3545383335697449,0.8150537197117422,154264610.13677227,0.0,0.0
instruct,question_only,question_only,29,10,64396.3114135528,10843.053847997537,0.1683800455334079,16289.94182863783,0.010512484643934493,0.9952376030889543,0.0015708151902332427,0.004762396911045741,3707.6780768113276,0.0006234892899852351,1.6670587736146238,0.9681451262393324,0.42046008600726914,0.7674551552650587,166281532.42750347,0.0,0.0
instruct,question_only,question_only,30,10,63819.881040729466,11239.623462918542,0.17611476674087628,16847.255446396946,0.01256181189497035,0.9943035994714069,0.002049581327386621,0.005696400528593104,3559.6130440337497,0.000725482488869722,1.7555127531145587,1.0331060872257578,0.44867227290280615,0.7462238893439558,175898927.22217938,0.0,-2.220446049250313e-16
instruct,question_only,question_only,31,10,62246.008030810124,11586.109227417837,0.18613417300082954,17392.77034585854,0.014346532019868333,0.9934853872388055,0.0024833139628809018,0.0065146127611944715,3553.408566526903,0.0008253103688158347,1.758834710656711,1.0389222379287908,0.45119819505905107,0.7457326028208394,186554518.44398803,0.0,-2.220446049250313e-16
instruct,question_only,question_only,32,10,62725.851259644354,12046.537119652432,0.1920505960100498,18234.198082596668,0.01852391406847439,0.9915834930082534,0.004067809318950488,0.008416506991746564,3783.5840806386846,0.0009147592000272597,1.9761265259916623,1.1755678629419999,0.5105426359785088,0.6995560661377839,195622862.0809681,0.0,0.0
instruct,question_only,question_only,33,10,63347.00714829778,12609.952010384368,0.19906152757720638,19075.27603691048,0.02181417643314859,0.9900863742940175,0.005159337272519429,0.009913625705982532,4528.504059540865,0.0009776762372196712,2.1635225654173524,1.2664987296429635,0.5500334096214174,0.6643738500015477,208166360.9515487,0.0,1.1102230246251565e-16
instruct,question_only,question_only,34,10,65937.32160672481,13330.229415881058,0.20216516368965667,20116.707523022018,0.024703314878757102,0.9887773952749048,0.005686444297087547,0.011222604725095175,5102.892443141478,0.0010700835505704775,2.4969149055499784,1.398575523385684,0.6073936323313548,0.6103011098559654,225166853.49757937,0.0,2.220446049250313e-16
instruct,question_only,question_only,35,10,73697.06022634332,14115.676536837447,0.19153649404039239,21176.155153334745,0.024842259988877617,0.9887278402018808,0.005767264427475331,0.011272159798119241,5043.859956507035,0.0010317518279051585,3.0443898062923522,1.5550028496437422,0.6753291569441092,0.5375602951708696,243663213.3076414,0.0,-2.220446049250313e-16
instruct,question_only,question_only,36,10,74639.17105756054,14717.903490754083,0.19718739211886302,22105.32274292857,0.028343458804986968,0.987128612345699,0.006829169186952654,0.012871387654300959,5083.016791814847,0.0011933597716831112,3.272087171691648,1.6120863814956023,0.7001202198349206,0.5127879543029243,263862456.1396263,0.0,0.0
instruct,question_only,question_only,37,10,78295.09376378471,16161.446331446432,0.20641710169228877,24272.605903994416,0.030911738792972876,0.9859534192544851,0.007477643858295924,0.014046580745514903,5751.774468860497,0.001223280519747627,3.238131719030082,1.6095874835774258,0.6990349622582169,0.517624590330385,317131194.9153617,0.0,0.0
instruct,question_only,question_only,38,10,83027.27933491439,17206.69040364673,0.2072414095882704,25890.82607423285,0.0328950432038454,0.9850447869375623,0.009151648195931122,0.014955213062437744,5590.685133152296,0.00119651382881647,3.3323371160579245,1.6258879799221604,0.7061141778730193,0.5070222278239537,361758005.5519421,0.0,0.0
instruct,question_only,question_only,39,10,87665.39128230547,18109.72954751703,0.2065778670764038,27280.320824820807,0.03484646023581453,0.9841567316472336,0.010391644139769535,0.015843268352766393,5998.518930983448,0.00121537501348834,3.6433432137242034,1.6775834010287556,0.7285652139992784,0.4734405744415936,400689082.47632235,0.0,0.0
instruct,question_only,question_only,40,10,94912.42030986756,20032.667143268307,0.211064759257705,30099.467770232717,0.03644419974041898,0.9834245381725785,0.010776396640364887,0.016575461827421534,6676.988983451655,0.001229018581679453,3.687158956696225,1.6790100393278196,0.7291847951402338,0.46689042305364475,486441466.94516903,0.0,2.220446049250313e-16
instruct,question_only,question_only,41,10,109224.24082894636,20937.983568412532,0.19169722224211233,31403.83720405525,0.032263955700543454,0.9853557958058102,0.008227068861426459,0.01464420419418977,7368.7409703104995,0.0010952995875964655,4.547233066972097,1.794599654854933,0.7793847273289776,0.37985255059671436,523990648.86690927,0.0,0.0
instruct,question_only,question_only,42,10,114154.75486094129,23400.277698425278,0.20498732380381834,35222.13099862202,0.035382824083187776,0.9839123784693393,0.010791458882709425,0.01608762153066068,8660.24187628999,0.0011271182862079288,3.8166253269518746,1.6870273214211684,0.7326666565132369,0.4489935604705657,669797494.1362756,0.0,0.0
instruct,question_only,question_only,43,10,118072.06022939361,25279.417648744507,0.21410160540631684,38084.77540761924,0.03917189768434711,0.9821693023118853,0.012839220480642304,0.01783069768811474,9706.042703245896,0.0012086936339987808,3.752658386130042,1.6667957399618185,0.7238801923252651,0.4522621610393711,788028019.6717052,0.0,0.0
instruct,question_only,question_only,44,10,124594.89178000469,28293.533343412033,0.22708421620823344,42720.7318556078,0.04310321784238009,0.9803375937788708,0.015974217566205724,0.019662406221129247,11680.422778237595,0.0012162485871934914,3.2962167477891167,1.5767259952567891,0.6847633992134363,0.5008837569095539,1007320626.8678371,0.0,0.0
instruct,question_only,question_only,45,10,136884.1537392937,30353.923913374223,0.22174899785102653,45732.47663731795,0.042782291010423794,0.9804853102617097,0.01604154468154882,0.019514689738290292,12592.069131425875,0.001261172316612158,3.3085389883076655,1.5857013221028065,0.6886613341359397,0.5016561201276885,1154136624.5999901,0.0,0.0
instruct,question_only,question_only,46,10,157258.89950495106,32878.4716524762,0.20907224809519329,49075.039438346,0.03727064116305908,0.9830110691084677,0.013975019951021649,0.016988930891532306,11671.08164076307,0.0014872078249427156,2.9071564927876583,1.5064002270845187,0.6542213061606119,0.5529856482035829,1346074229.318408,0.0,1.1102230246251565e-16
instruct,question_only,question_only,47,10,175521.26449074576,33187.97603097015,0.1890823663290095,49494.06190656618,0.03186331197202044,0.9855198361822447,0.010254206777776836,0.014480163817755298,16753.605513353894,0.0014167584053409454,3.4425419467681357,1.6370445724428448,0.7109594244415957,0.4936776876401957,1329935490.6981664,0.0,1.1102230246251565e-16
instruct,question_only,question_only,48,10,118.54827034361018,117.1526101702298,0.9882270726571036,176.9882876970348,0.5101861345604852,0.7299440433961781,0.14238564059350503,0.27005595660382187,29.972378085832542,0.02965498757959595,4.15459307129897,1.6387533611346345,0.7117015419411786,0.3559748212593959,18475.9797630399,0.0,1.687538997430238e-14
