condition,condition_family,layer,rel_disp_l2_mean_base,pairwise_cosine_distance_mean_base,angular_disp_to_centroid_base,effective_rank_pr_base,spectral_entropy_norm_base,top1_pc_variance_share_base,centroid_norm_base,rel_disp_l2_mean_instruct,pairwise_cosine_distance_mean_instruct,angular_disp_to_centroid_instruct,effective_rank_pr_instruct,spectral_entropy_norm_instruct,top1_pc_variance_share_instruct,centroid_norm_instruct,rel_disp_l2_mean_instruct_minus_base,rel_disp_l2_mean_instruct_over_base,pairwise_cosine_distance_mean_instruct_minus_base,pairwise_cosine_distance_mean_instruct_over_base,angular_disp_to_centroid_instruct_minus_base,angular_disp_to_centroid_instruct_over_base,effective_rank_pr_instruct_minus_base,effective_rank_pr_instruct_over_base,spectral_entropy_norm_instruct_minus_base,spectral_entropy_norm_instruct_over_base,top1_pc_variance_share_instruct_minus_base,top1_pc_variance_share_instruct_over_base,centroid_norm_instruct_minus_base,centroid_norm_instruct_over_base
target,target,0,1.4390506360417419,0.7707816136393445,0.4465593551286172,3.6665594210805645,0.634265351882867,0.44082950208445315,33.10863497389326,1.4334614234468546,0.7713657918411235,0.44704255517752256,3.629517443501092,0.6320077508751721,0.44551104998516244,33.090804289724495,-0.005589212594887316,0.9961160417459268,0.0005841782017790287,1.0007579036531762,0.0004832000489053412,1.001082051114493,-0.03704197757947236,0.9898973469876166,-0.0022576010076948982,0.9964406048635804,0.004681547900709293,1.0106198606889105,-0.01783068416876432,0.9994614491299981
target,target,1,0.6594338944719502,0.35505822048764757,0.18032981938248915,1.7983519286422922,0.40378487795255513,0.7306232672651185,778.773576280881,0.7086725277497271,0.3852438652182056,0.20030141357104914,1.564681216069537,0.3378735648010732,0.7908095157519573,744.7153133071674,0.04923863327777689,1.074668035248826,0.030185644730558014,1.0850160424057078,0.019971594188559982,1.1107503698270136,-0.2336707125727553,0.8700639686526538,-0.06591131315148191,0.8367662665166394,0.060186248486838845,1.0823765833670296,-34.05826297371357,0.9562667969085912
target,target,2,0.6271556682981057,0.33600592263880075,0.16822215370062632,1.9963731969466676,0.44593553200262165,0.6861484000106941,777.6723753220481,0.6525246500792501,0.3421359832076621,0.17398662088055816,1.7002063600415045,0.3781127138863949,0.7546813262388786,765.50188504523,0.02536898178114444,1.0404508530536718,0.00613006056886134,1.0182439062969517,0.0057644671799318425,1.0342669919037906,-0.2961668369051631,0.8516475590040058,-0.06782281811622676,0.8479089167609188,0.06853292622818452,1.0998806179917004,-12.1704902768181,0.9843501059533212
target,target,3,0.6445411460565351,0.3533466733445984,0.1764283979049186,2.137893725773787,0.48255425454937884,0.6600622114957435,784.4949481644143,0.7059810396426854,0.40716528759881554,0.20789469401262006,1.9894487404577075,0.45738212864581596,0.6906362062628799,675.219050843243,0.06143989358615032,1.0953234622195336,0.053818614254217134,1.1523110823250307,0.031466296107701464,1.1783516513224874,-0.14844498531607941,0.9305648435526036,-0.02517212590356288,0.9478356564734528,0.030573994767136403,1.0463198683905983,-109.27589732117121,0.8607054161701624
target,target,4,0.8490661628020191,0.49071408251449156,0.25379801566251214,2.3185893632251835,0.5127903805292792,0.6273325241994336,604.8531331913023,0.9115463408887523,0.5314709277462577,0.2786467190506685,2.3406561507859087,0.5183966306494034,0.6245096491079914,506.81619085631024,0.06248017808673323,1.0735869368288893,0.04075684523176615,1.083056196434875,0.024848703388156368,1.0979073982205638,0.02206678756072522,1.0095173332154947,0.005606250120124279,1.0109328301231526,-0.0028228750914421896,0.9955001933049142,-98.03694233499203,0.8379161205337001
target,target,5,0.4888944987000834,0.22533264623733448,0.10722138637058298,3.511162980656608,0.6370620672315328,0.4513279388310515,959.7190267684032,0.46755181893850617,0.2117726206922415,0.10040448315591277,3.4992997534801726,0.6360940388003841,0.4523911053220802,910.9821442052671,-0.02134267976157722,0.9563450195915859,-0.013560025545092974,0.9398221883403858,-0.006816903214670211,0.9364221686889426,-0.011863227176435398,0.996621282679617,-0.0009680284311487375,0.998480480188761,0.001063166491028722,1.0023556407626348,-48.73688256313608,0.9492175509667184
target,target,6,0.47332004117961013,0.19561447430037843,0.09287850807160825,3.585480939711259,0.6395835834745893,0.43732550655698116,1090.1980670135965,0.44943915707317134,0.19265566211930304,0.09098905409839764,3.6450290941646384,0.6458482893809541,0.4367539227884206,1006.7887912136767,-0.023880884106438793,0.9495460110924687,-0.002958812181075382,0.9848742676499653,-0.0018894539732106086,0.9796567148480301,0.059548154453379354,1.0166081358271446,0.0062647059063647426,1.009794976086349,-0.0005715837685605352,0.9986930015263477,-83.40927579991978,0.9234916311781716
target,target,7,0.5879679485958834,0.22796596866374247,0.11200228982437888,2.8926239660488653,0.5793752384842031,0.529584457841842,1191.503160172568,0.5791738650861142,0.23627855936220393,0.11538210426230666,3.1684375509285303,0.6039453367626668,0.48927076061395397,1052.3371291755534,-0.00879408350976918,0.9850432603822109,0.008312590698461464,1.0364641737806328,0.003379814437927786,1.0301762976649602,0.275813584879665,1.0953506532877528,0.02457009827846368,1.0424079191608242,-0.04031369722788808,0.9238767365018642,-139.16603099701456,0.8832012908997575
target,target,8,0.4170239196799632,0.08542751816166647,0.04070858397833832,1.9841885102043781,0.4590789542403982,0.691780843638338,2120.691562687688,0.38948896996863763,0.08667591063096525,0.040798777677617415,2.348205591908636,0.521868804170121,0.6227626350632334,1882.9496764250055,-0.027534949711325585,0.9339727329468519,0.0012483924692987813,1.0146134699350817,9.019369927909526e-05,1.002215594094967,0.36401708170425784,1.1834589202744548,0.06278984992972286,1.1367735317609573,-0.06901820857510466,0.9002311075672291,-237.74188626268256,0.8878941707292041
target,target,9,0.30552105119905554,0.03834692194761028,0.01784638204240374,1.7678510457860852,0.4159125025025747,0.7409398624657972,3301.521928747175,0.29718229962400977,0.045625848427753565,0.021116876554546415,2.151062834547039,0.49979664473474406,0.6607465990920465,2733.417452635136,-0.008338751575045766,0.9727064582185353,0.007278926480143284,1.1898177509239978,0.0032704945121426743,1.1832581249907452,0.38321178876095385,1.2167670119454774,0.08388414223216933,1.2016869936013725,-0.08019326337375077,0.8917681887059433,-568.1044761120388,0.8279264871254035
target,target,10,0.3959312846386359,0.039996963416029686,0.019341300607494616,1.361604237891426,0.2750247930388767,0.8538853108143777,3598.8251119938845,0.3747671643819514,0.04553633590414832,0.02175436725253821,1.5617625607538512,0.35663762856932335,0.7937271867125263,2997.28994620511,-0.021164120256684515,0.9465459763379208,0.0055393724881186365,1.138494825953715,0.0024130666450435934,1.1247623773027853,0.2001583228624253,1.1470018359896137,0.08161283553044663,1.2967471936888735,-0.060158124101851396,0.9295477702439848,-601.5351657887745,0.8328523484556041
target,target,11,0.2579440630633056,0.012612871322222722,0.0058139514158004335,1.2598107015332314,0.22837026682715444,0.8893327299186876,6963.086312175005,0.2466510578968667,0.013628574279165308,0.006274134442494583,1.343175709716238,0.274666389223858,0.8602988858002139,6066.038397425166,-0.011293005166438885,0.9562191700274818,0.0010157029569425862,1.0805290825470075,0.0004601830266941498,1.0791515086218935,0.08336500818300663,1.0661726464781434,0.046296122396703554,1.2027239493070294,-0.02903384411847376,0.9673532265903497,-897.047914749839,0.8711709327541517
target,target,12,0.2396323867176145,0.013038896063532653,0.0059760869527046845,1.3266590785109094,0.266233233342087,0.8658213941913427,7499.087954298168,0.22678599298790844,0.015214538158223016,0.006954324401592826,1.49353014102146,0.343195745859103,0.8135683533707575,6317.209704827626,-0.012846393729706057,0.9463912457467997,0.0021756420946903634,1.1668578446306024,0.0009782374488881418,1.1636919702585173,0.16687106251055073,1.125782927364223,0.07696251251701602,1.2890792841659882,-0.05225304082058524,0.939649168786909,-1181.878249470542,0.8423970679270218
target,target,13,0.21853211846782938,0.011550977390213112,0.005270067246659238,1.3516942564727707,0.2813635288814139,0.8575171371735979,8574.569189237709,0.23611827997325616,0.014713852750536568,0.0067316665454209,1.384286985559445,0.29885505569673293,0.8469878991598614,7048.529794621862,0.017586161505426773,1.080474035705352,0.003162875360323456,1.2738188511847899,0.0014615992987616622,1.2773397812733505,0.03259272908667432,1.0241125009813243,0.017491526815319014,1.0621670011170106,-0.010529238013736508,0.9877212506219656,-1526.0393946158474,0.8220272807954896
target,target,14,0.14577187380849188,0.0047686252596408595,0.0021576076256561993,1.3003425398596624,0.25723832708816086,0.8750446734865954,14943.223931904473,0.13628225815924103,0.005531692288913504,0.0024998190198453063,1.4403474885108667,0.3271499225672658,0.8295406463781718,12975.02054527024,-0.009489615649250854,0.9349009146808885,0.0007630670292726443,1.160018241435498,0.00034221139418910695,1.1586068703879475,0.14000494865120428,1.1076677447353267,0.06991159547910497,1.2717775234709603,-0.045504027108423606,0.9479980525702055,-1968.2033866342335,0.8682879012184225
target,target,15,0.13343011919914313,0.0031726972084015303,0.0014329957363379275,1.2386359071061799,0.2215057348723206,0.897275955186771,19663.871168343958,0.12742720659687745,0.0036503028240010456,0.0016476497487489805,1.3194974082022832,0.26859549691060786,0.8683961640751187,17484.439262923457,-0.006002912602265681,0.955010812856568,0.00047760561559951524,1.1505361473462532,0.00021465401241105297,1.1497938938812304,0.08086150109610335,1.0652827038447112,0.04708976203828727,1.2125893583036031,-0.028879791111652287,0.967813925085501,-2179.4319054205007,0.8891656741054591
target,target,16,0.08282759530531558,0.002552908818678068,0.0011503691847354336,1.6765921864341902,0.41631687270020284,0.7645577809938318,24013.983748286413,0.09355813820483293,0.0029540105355490356,0.0013319520983262612,1.5629413766709646,0.3792845209444872,0.7943852717638287,21630.031493959777,0.010730542899517345,1.1295527518194064,0.0004011017168709676,1.1571155666740767,0.00018158291359082757,1.1578475109055892,-0.11365080976322561,0.9322132056419321,-0.03703235175571562,0.9110476798203317,0.02982749076999691,1.0390127358722134,-2383.9522543266357,0.9007264983888086
target,target,17,0.11265919950440481,0.002225377379848196,0.0010042070027317385,1.2481474922957445,0.23174324382896402,0.8939250518033544,27483.04030191609,0.09016516695734661,0.0026097587171667646,0.001176490790349094,1.4714836449634083,0.3461109028958509,0.8205106265963592,25010.097314695475,-0.0224940325470582,0.8003355904638835,0.0003843813373185685,1.172726360763163,0.00017228378761735552,1.1715620245398917,0.22333615266766382,1.178934103577533,0.11436765906688687,1.493510219222621,-0.07341442520699515,0.9178740711429768,-2472.9429872206165,0.9100193079057485
target,target,18,0.08769861616387692,0.0020243739033260796,0.0009125977358280801,1.3322410633872785,0.2809403681382048,0.8643760300647785,32541.092754400554,0.09816175081468864,0.00241550490756399,0.0010894755455643779,1.361389704628682,0.29751207701906435,0.854788880731882,29838.166996829917,0.010463134650811723,1.1193078649056514,0.00039113100423791023,1.193210850229824,0.00017687780973629774,1.1938179348888949,0.029148641241403483,1.0218794045923414,0.01657170888085957,1.0589865706719954,-0.009587149332896505,0.9889085895485014,-2702.925757570636,0.9169380764816167
target,target,19,0.08862422954854647,0.0018944971957921947,0.0008541418832404002,1.2668519731857786,0.24375818015642986,0.8870906890003379,37266.83237576191,0.10927244349187874,0.002014173568902433,0.0009089385936562611,1.2149359081327875,0.21061209653678065,0.9063280364686925,36381.04945832025,0.020648213943332272,1.2329861037696088,0.00011967637311023844,1.0631705194987235,5.479671041586087e-05,1.0641541065095903,-0.05191606505299107,0.9590196280600994,-0.033146083619649214,0.8640206306133316,0.019237347468354593,1.0216858859030653,-885.7829174416547,0.9762313333070465
target,target,20,0.1013043935533933,0.0017960311165470082,0.0008102127131163206,1.1811852025625298,0.18619191626960782,0.9194396212384316,40211.48669960989,0.11081600666843879,0.001974882768537821,0.0008913275905128026,1.177351622128429,0.1832563529403012,0.9209461998477865,39671.85149196435,0.009511613115045489,1.0938914175419097,0.00017885165199081274,1.0995815992515128,8.111487739648204e-05,1.100115531369996,-0.0038335804341007584,0.9967544628676512,-0.002935563329306612,0.9842336692746633,0.0015065786093548805,1.0016385835171253,-539.6352076455441,0.9865800732095096
target,target,21,0.0942581154093522,0.0017804728005026342,0.0008029228228491059,1.2140910754666856,0.20923082316233113,0.9066343520863066,43334.95472799066,0.10310468584806608,0.0019539290229474353,0.0008812526609547344,1.2447251589336772,0.22974297675408603,0.8951369289414363,44267.625895259866,0.008846570438713883,1.0938547349392715,0.00017345622244480108,1.0974214384507375,7.832983810562855e-05,1.0975558730914208,0.03063408346699159,1.0252321132120923,0.0205121535917549,1.0980360029207674,-0.011497423144870345,0.9873185666091294,932.6711672692036,1.0215223754847211
target,target,22,0.1104241884898784,0.0018363895934728905,0.0008292214453120561,1.1539069993181799,0.1650396060734648,0.9304098244512603,48905.44343096075,0.13158984839641114,0.0020340416604882495,0.0009195233915537671,1.1473729053411412,0.16130080410975964,0.9331406711286473,51439.30537099274,0.02116565990653274,1.191675937987818,0.00019765206701535896,1.107630791750425,9.030194624171095e-05,1.1088996740778074,-0.006534093977038635,0.994337417155894,-0.0037388019637051573,0.977346031939641,0.002730846677386989,1.002935100860521,2533.8619400319876,1.051811450060953
target,target,23,0.12708465762442409,0.00204805718034165,0.0009256963274026919,1.1421841532722965,0.1547753143673082,0.9352085457647077,56930.42062211485,0.13608138421830818,0.002239128571243095,0.0010126614334392547,1.1531707097422057,0.16540174249613987,0.9307382773881973,58902.823189206414,0.008996726593884091,1.0707931764619574,0.00019107139090144502,1.0932939722787804,8.696510603656282e-05,1.0939456086928885,0.010986556469909203,1.009618901153044,0.010626428128831661,1.0686571251442893,-0.004470268376510433,0.9952200304437441,1972.4025670915653,1.0346458456750867
target,target,24,0.14521148361501482,0.0024221113062223164,0.0010980691404627319,1.1261910597864182,0.14378648633214602,0.9419910605224492,63611.453386293266,0.15331663806526533,0.002921950036034267,0.0013241375587899062,1.1497892921345234,0.16311901669527704,0.9321446519778958,62251.92100296156,0.008105154450250507,1.0558162085216558,0.0004998387298119507,1.2063648880716251,0.0002260684183271744,1.2058781262407847,0.023598232348105208,1.0209540220924498,0.019332530363131012,1.1344530411386402,-0.009846408544553431,0.9895472378049087,-1359.5323833317088,0.9786275535149986
target,target,25,0.14283543668156343,0.002765462930948106,0.0012545339718734727,1.1444310026531899,0.1582812670883449,0.9343338419102316,67798.57271388569,0.14058008650199053,0.003349858540099793,0.001516705143516317,1.215899322569578,0.2107415015897594,0.9059354315932767,65109.29036265547,-0.0022553501795729014,0.9842101495752403,0.0005843956091516867,1.2113192700579842,0.0002621711716428443,1.208978932664812,0.07146831991638813,1.0624487800047684,0.052460234501414515,1.3314367863305159,-0.028398410316954892,0.9696057136709676,-2689.2823512302202,0.9603342335453113
target,target,26,0.13791854847068624,0.0033900520926019202,0.0015368407122089423,1.19944896888432,0.19856231320788084,0.9122217605233023,68384.83493219076,0.13995191131819634,0.003958999902256423,0.0017933545809196705,1.2511079306676716,0.2333861709102242,0.8927700772854615,67411.101963904,0.0020333628475101007,1.0147432152458271,0.0005689478096545025,1.167828632996019,0.00025651386871072823,1.1669098596269774,0.05165896178335161,1.0430689117439982,0.034823857702343364,1.175379996025277,-0.019451683237840744,0.9786765849263881,-973.7329682867567,0.9857609809360176
target,target,27,0.16338856510718436,0.004844484328948289,0.0022038806570986447,1.1965278080903248,0.19654579807706518,0.913366744485433,70418.06743065259,0.1585726065158532,0.005605782897297147,0.0025456088421890177,1.2638620463215697,0.24054473112304184,0.8881100679079977,68289.06115652372,-0.00481595859133116,0.9705245064785141,0.0007612985683488581,1.1571474930040664,0.00034172818509037306,1.1550574813725134,0.06733423823124496,1.0562746956442701,0.04399893304597666,1.2238609701923056,-0.025256676577435244,0.9723477160396983,-2129.006274128871,0.9697661927995183
target,target,28,0.14840848405737503,0.006415878995779299,0.002908666570603957,1.3984231045315993,0.30885895616486614,0.8422254258652657,71402.69029089597,0.15073471373123026,0.007600786668808946,0.003442062686550118,1.5278379110751343,0.3643840769876948,0.803710698678154,67224.26573884168,0.0023262296738552346,1.0156745059934729,0.0011849076730296466,1.1846836065057424,0.0005333961159461609,1.1833816636645378,0.129414806543535,1.092543384132508,0.05552512082282868,1.1797750064013366,-0.038514727187111686,0.9542702867839716,-4178.42455205429,0.9414808526817224
target,target,29,0.14952622033685642,0.007792620205814087,0.0035312350364774536,1.5361119583173837,0.3674281729178486,0.8012183606665413,75458.89154393392,0.1540424085367354,0.009320010722060844,0.004219121278887683,1.7124939872089755,0.4258879841210254,0.7551080854228012,69561.39639361107,0.004516188199878979,1.0302033194490878,0.0015273905162467563,1.196004742270278,0.0006878862424102294,1.1948004689887826,0.17638202889159182,1.1148236806148435,0.05845981120317684,1.1591054130056828,-0.04611027524374012,0.9424498020660398,-5897.495150322851,0.9218449273550594
target,target,30,0.15962906180355763,0.00946781143974662,0.0042959645088991305,1.5609181533958205,0.3777617735974007,0.7945861376072696,74297.9927193926,0.1603096473082742,0.011296647630573557,0.005117887881239014,1.8259019036829718,0.45821210865708145,0.7287009846434278,68601.89504257067,0.0006805855047165854,1.0042635438436007,0.0018288361908269362,1.1931635628014488,0.0008219233723398833,1.19132452548105,0.26498375028715127,1.1697614636036502,0.08045033505968074,1.2129657913566652,-0.06588515296384179,0.9170824283907617,-5696.097676821926,0.923334433834103
target,target,31,0.16538303847038188,0.009968274273636335,0.004524962498776874,1.5539908180561128,0.3765071826945906,0.7967413252528678,75282.01426875015,0.16859281687092906,0.012869296509027626,0.005832853910897606,1.899337018874537,0.47542182789211607,0.712431930560962,67058.74839924331,0.0032097784005471752,1.0194081474691408,0.002901022235391291,1.2910255230208467,0.001307891412120732,1.289039171304784,0.34534620081842426,1.2222318155323437,0.09891464519752546,1.2627164892004168,-0.08430939469190579,0.8941822244929469,-8223.265869506838,0.8907671912158128
target,target,32,0.17057964353903815,0.012674483628406381,0.00575504110184788,1.699627941566431,0.4251651529469131,0.7589446805355401,76015.71580815702,0.17510356626820142,0.01646722454279796,0.007468075997998036,2.1368660740226337,0.527872119333254,0.6656943016820581,67812.57148774435,0.004523922729163271,1.02652088276349,0.0037927409143915774,1.2992422432573068,0.0017130348961501562,1.297658151268887,0.4372381324562027,1.2572552037782885,0.10270696638634086,1.2415695775470186,-0.09325037885348197,0.8771315205891448,-8203.14432041267,0.8920862056852141
target,target,33,0.17926871330994043,0.014836370186095202,0.006739319047178505,1.7813762533466755,0.44761560003508816,0.7394418758146554,77293.72881818644,0.18092751012716318,0.01926969472032033,0.008743491808113513,2.3180903823870285,0.5605316694420013,0.6344789725527562,69506.98793457249,0.0016587968172227519,1.0092531305970025,0.00443332453422513,1.2988146343963076,0.002004172760935008,1.2973850541289766,0.536714129040353,1.301291839964031,0.11291606940691312,1.252261246919923,-0.10496290326189917,0.858051177927788,-7786.740883613951,0.8992577922857072
target,target,34,0.18257109980621083,0.016573443418642968,0.0075281945411763695,1.9190294966826855,0.48163995767011664,0.7087744851791613,80723.96137577448,0.18427207665762102,0.021486490398999473,0.00975043542507148,2.556979755324073,0.596385859389989,0.5966079294367135,73042.68666676279,0.0017009768514101853,1.009316791388157,0.004913046980356505,1.296440929923683,0.00222224088389511,1.2951890882262813,0.6379502586413877,1.3324337951776366,0.11474590171987237,1.2382399962696318,-0.11216655574244783,0.841745776563985,-7681.27470901169,0.9048451713952077
target,target,35,0.17475798384448704,0.01728715677741192,0.007846339334647956,2.096078462539704,0.5193675854070678,0.6734060346990692,90762.6661210391,0.17857816111399036,0.023206715775725275,0.010524926969106674,3.062825653900476,0.6568182029347213,0.5284913507955654,80146.2195701202,0.0038201772695033165,1.0218598154112428,0.005919558998313354,1.3424252509068269,0.002678587634458718,1.341380549435225,0.9667471913607719,1.4612170816296426,0.13745061752765342,1.2646499731373462,-0.14491468390350382,0.7848034076958519,-10616.446550918903,0.8830306886670667
target,target,36,0.1875605203787144,0.01979179236834411,0.008991515888108204,2.1160564403006457,0.5226733036592406,0.669104764496166,91965.714181419,0.18771842579832063,0.027070746603603375,0.012288897376370067,3.239606247258662,0.6732935540772609,0.5071540850363875,81058.77751995035,0.00015790541960622462,1.0008418904910614,0.007278954235259264,1.3677764044015426,0.0032973814882618635,1.3667214213852548,1.1235498069580165,1.53096400717783,0.1506202504180203,1.2881728402086703,-0.16195067945977848,0.7579591596803457,-10906.936661468644,0.8814021425424616
target,target,37,0.1990854854560222,0.019617840091581767,0.008922161216595503,1.8927192390905576,0.4694206219936074,0.7127126886765865,101411.66114512585,0.19692896257114184,0.02832303215064811,0.012869565199398303,2.9309941301951477,0.6405426423433114,0.5444128699898734,86575.35059262866,-0.0021565228848803575,0.9891678547990084,0.008705192059066343,1.4437385572001935,0.0039474039828028,1.4424268835243725,1.03827489110459,1.5485625494048063,0.17112202034970397,1.3645387789347478,-0.16829981868671318,0.7638602183441022,-14836.31055249719,0.8537021247362708
target,target,38,0.19846289707605683,0.020248286396028402,0.009211134902641915,1.906349220343009,0.4709469908261131,0.709651572925004,108302.8246738418,0.19901871784972325,0.030299007469680492,0.013772824717021015,3.041250201760451,0.6498341147469998,0.5297623484256048,91204.64541006593,0.0005558207736664211,1.0028006281317692,0.01005072107365209,1.4963739091584123,0.0045616898143791,1.4952364568643426,1.1349009814174418,1.5953269051153407,0.17888712392088674,1.3798455609743074,-0.17988922449939926,0.7465104970335119,-17098.179263775863,0.8421261927815115
target,target,39,0.1969588301349413,0.021321432383790136,0.009700126385153274,1.981398257358044,0.4876269146981587,0.6939883623844094,115659.08588874449,0.20087188189114483,0.03225263485677553,0.014664486746521321,3.22862642347674,0.6661611243728229,0.506670652486767,96319.08782976324,0.003913051756203517,1.0198673588409453,0.010931202472985391,1.5126861213969507,0.004964360361368048,1.511783059595447,1.2472281661186961,1.629468690348045,0.1785342096746642,1.3661287026861733,-0.1873177098976424,0.7300852290162545,-19339.998058981248,0.8327844465450392
target,target,40,0.19492857815315584,0.022630361136629952,0.010294349724113472,2.1222956379945015,0.5129935613284669,0.6649632974955957,126216.56481545503,0.20336539820065044,0.03377425287357903,0.015362923321488253,3.3022474299134656,0.6709411769561883,0.49653867537455965,104807.94465392752,0.008436820047494603,1.0432815964000028,0.011143891736949081,1.4924310163755596,0.005068573597374781,1.4923646205655705,1.1799517919189642,1.5559789931210635,0.15794761562772142,1.307893953322507,-0.16842462212103604,0.7467159123577068,-21408.620161527506,0.8303818504898333
target,target,41,0.1721160485711445,0.020494008181185398,0.009295734802324263,2.5873789376195107,0.5807408936372987,0.5810565585273318,142946.37799147476,0.18387717279939778,0.029863516693214884,0.013554186958862346,3.9683846354206107,0.7171011889752563,0.41598272463421315,120052.93154879585,0.011761124228253289,1.068332525205071,0.009369508512029487,1.4571828227908106,0.004258452156538084,1.4581081803253695,1.3810056978011,1.533746981441437,0.13636029533795757,1.2348040181614737,-0.1650738338931187,0.7159074594868895,-22893.446442678905,0.8398459145005811
target,target,42,0.18195100663061195,0.0213593848257456,0.009699356792172376,2.333086559612199,0.5476877952426841,0.6256919343263637,155835.26425306767,0.19678419952114182,0.03229712363116548,0.014684416376033682,3.364671308740387,0.6720309319623927,0.4867177612031432,127630.14729427737,0.014833192890529867,1.081523005363537,0.010937738805419879,1.5120811714916043,0.0049850595838613065,1.513957748865411,1.031584749128188,1.4421545119604193,0.12434313671970865,1.2270328785825588,-0.13897417312322052,0.7778872229292493,-28205.1169587903,0.819006839729249
target,target,43,0.18048104969037457,0.023006127536865408,0.010448029888613264,2.5208140628917666,0.5727839833989884,0.5926953833534553,161680.54391561588,0.20185372314734065,0.035219712346684647,0.016028799651238268,3.3578857361151435,0.668639703711303,0.4851988202237588,132975.96005967987,0.021372673456966085,1.1184205959158244,0.012213584809819239,1.5308839911765726,0.005580769762625004,1.5341456543087644,0.8370716732233769,1.332064028658184,0.0958557203123146,1.1673505598783065,-0.10749656312969647,0.8186310098750857,-28704.583855936013,0.8224611127550543
target,target,44,0.18738375914464755,0.023870848192947325,0.010853823821139974,2.3164011494695385,0.5437198147968973,0.628583521734485,173798.58609924366,0.21559254044817236,0.037285141653996254,0.017007278943271364,2.7600830466793123,0.6090249585334684,0.5638251721615347,143044.69461634444,0.028208781303524805,1.150540161170526,0.013414293461048929,1.5619529457461947,0.0061534551221313905,1.5669389168248131,0.4436818972097738,1.191539318356057,0.06530514373657104,1.1201080813283313,-0.06475834957295024,0.8969773350164256,-30753.891482899227,0.8230486670050473
target,target,45,0.18296043777010623,0.024812134669873507,0.011281987609177313,2.4148092149731624,0.5645162020977569,0.614224384949219,185563.27417088178,0.212858037299823,0.03736494420315523,0.01704982488072415,2.68856744237323,0.6026078671410865,0.5753201888048355,156334.65413591912,0.029897599529716767,1.163410187978017,0.012552809533281726,1.5059141302750236,0.0057678372715468385,1.5112430069807699,0.2737582274000676,1.1133664000043981,0.038091665043329614,1.0674766550556256,-0.03890419614438356,0.9366612640288832,-29228.62003496266,0.8424870429476979
target,target,46,0.17201677718703942,0.0240345216388281,0.01090908957754011,2.7314006952508194,0.6155135160266579,0.5701022345252245,194242.29972257867,0.20409601925065876,0.03397832196086962,0.015487399317032802,2.5833164733916996,0.5941813006834733,0.5928677522486624,172584.51479185835,0.03207924206361934,1.186489030820244,0.009943800322041518,1.4137299035968098,0.004578309739492692,1.41967844388215,-0.14808422185911985,0.9457845119108504,-0.021332215343184635,0.9653424095674512,0.022765517723437934,1.0399323425584481,-21657.784930720314,0.8885011917504454
target,target,47,0.15932950381680686,0.021150772639666904,0.00958338200892006,3.029712025109726,0.6527685367080842,0.5332505161060114,214712.465627835,0.18243682300774122,0.02727381118549775,0.012394833432398,2.681919091737882,0.6104725541298482,0.5796544291663922,199215.0512637303,0.023107319190934367,1.1450285015407915,0.006123038545830847,1.289494792878535,0.0028114514234779397,1.293367353985025,-0.3477929333718439,0.8852059435054282,-0.04229598257823597,0.9352052370776477,0.04640391306038083,1.0870208497839853,-15497.414364104683,0.9278224749606917
target,target,48,0.7107013477453925,0.38437763348265835,0.19218515802020908,4.308253647864816,0.7239222571481426,0.3390188250291948,118.92450487839096,0.9144265120715895,0.48770174862920446,0.2541195721532713,4.082380049426129,0.6949539722052985,0.36349133622501567,102.32132687243846,0.20372516432619703,1.2866536907115795,0.1033241151465461,1.2688088643688966,0.06193441413306222,1.3222642932979627,-0.22587359843868704,0.9475718894704405,-0.02896828494284409,0.9599842598320941,0.02447251119582089,1.072186289928417,-16.6031780059525,0.8603889246969636
target_word_shuffle,target_shuffle,0,1.4390506360417419,0.7707816136393445,0.4465593551286172,3.6665594210805645,0.634265351882867,0.44082950208445315,33.10863497389326,1.4334614234468546,0.7713657918411235,0.44704255517752256,3.629517443501092,0.6320077508751721,0.44551104998516244,33.090804289724495,-0.005589212594887316,0.9961160417459268,0.0005841782017790287,1.0007579036531762,0.0004832000489053412,1.001082051114493,-0.03704197757947236,0.9898973469876166,-0.0022576010076948982,0.9964406048635804,0.004681547900709293,1.0106198606889105,-0.01783068416876432,0.9994614491299981
target_word_shuffle,target_shuffle,1,0.658779805424869,0.35227439327601195,0.17908758324246743,1.7608013903306978,0.39345159647520517,0.7394560379451032,782.4710769893782,0.7055226774002349,0.37867273030439497,0.19693993428411094,1.539785037989947,0.3294271821668867,0.797818619726015,751.0199603730371,0.04674287197536586,1.0709537110721676,0.026398337028383012,1.0749368603883298,0.01785235104164351,1.0996850296224805,-0.2210163523407509,0.87447968092522,-0.06402441430831846,0.8372749916820061,0.058362581780911804,1.0789263712580108,-31.451116616341096,0.9598053940378821
target_word_shuffle,target_shuffle,2,0.6391084296231108,0.3465613706271031,0.17418726610884305,1.9777338810451384,0.44071568666853256,0.6897555955285365,756.5986250478807,0.6598807756515329,0.34703795205657945,0.17701331211464522,1.6865030541470456,0.3738027396594533,0.7580631081915202,752.6619173252894,0.02077234602842215,1.032502068607731,0.0004765814294763193,1.0013751718133288,0.002826046005802163,1.016224182558902,-0.29123082689809277,0.8527451899923746,-0.06691294700907924,0.8481720777498591,0.06830751266298374,1.0990314730387116,-3.9367077225912226,0.9947968346858375
target_word_shuffle,target_shuffle,3,0.6416201684801193,0.3517461906011689,0.17585400429186782,2.095732713402674,0.47428022830199623,0.6679867216934038,783.6319135407299,0.6926972048408433,0.3973079165986642,0.20280285193061753,1.9387632070958993,0.4464413864970904,0.7012114932211531,688.2715769510031,0.051077036360724026,1.0796063447952962,0.045561725997495306,1.1295301191990064,0.026948847638749718,1.1532455729177995,-0.15696950630677486,0.9251004170026811,-0.02783884180490581,0.9413029678561241,0.033224771527749275,1.049738670616793,-95.36033658972678,0.8783097842980189
target_word_shuffle,target_shuffle,4,0.8491202914369191,0.49168284426058945,0.2543519568538285,2.35446905013142,0.5177330647406242,0.6207517333680214,589.3572439703374,0.9161612088932076,0.5353508919771546,0.2812961449733462,2.295442291715805,0.511077866885761,0.632117451306941,499.40289923620895,0.06704091745628848,1.0789533804942524,0.04366804771656513,1.0888134459544667,0.02694418811951771,1.1059326944116894,-0.059026758415615,0.9749299068453267,-0.006655197854863237,0.9871455035247082,0.011365717938919606,1.0183096032229086,-89.95434473412848,0.8473687298248314
target_word_shuffle,target_shuffle,5,0.4736358513044741,0.21557861362008393,0.10229793689269662,3.505437456031757,0.6370465762066058,0.4524176512718747,971.8863996930351,0.46145956495075185,0.2086065818017998,0.09882725179436913,3.4561039208081286,0.6312320469515493,0.457035100068054,904.6673379737495,-0.012176286353722254,0.9742918819993018,-0.0069720318182841245,0.9676589820197162,-0.003470685098327486,0.9660727752219083,-0.04933353522362838,0.9859265681264041,-0.005814529255056433,0.9908726779591678,0.004617448796179258,1.010206164110061,-67.2190617192856,0.9308365033809328
target_word_shuffle,target_shuffle,6,0.48250822240009156,0.1835982110134993,0.08766039059251052,3.250269308839477,0.6144769273962418,0.4814176111254122,1105.0538822257427,0.4540107870702977,0.18725557503224113,0.08856270045584547,3.645082802972228,0.6437994366086944,0.429416138085983,992.7336911933837,-0.028497435329793874,0.9409389643372648,0.0036573640187418377,1.0199204774247663,0.0009023098633349491,1.0102932448307131,0.39481349413275124,1.1214710095123162,0.029322509212452608,1.0477194633420246,-0.0520014730394292,0.8919826116897612,-112.32019103235893,0.898357724596985
target_word_shuffle,target_shuffle,7,0.6212027949090905,0.25953168268717597,0.12837418920944743,2.9986761921198983,0.58894395573312,0.5113229486487991,1078.9017883825118,0.5909940391982881,0.25087287146857545,0.12285981617933195,3.19041818239152,0.6044670477029697,0.4839122981567066,987.162028924971,-0.030208755710802393,0.9513705412156515,-0.008658811218600515,0.9666367854209,-0.0055143730301154825,0.9570445346916613,0.19174199027162153,1.063942212491775,0.01552309196984969,1.0263575028111125,-0.027410650492092514,0.9463926847690425,-91.7397594575408,0.9149693137546118
target_word_shuffle,target_shuffle,8,0.39400309277963075,0.09167464974277552,0.0430802188971422,2.290861349999105,0.5085509892458953,0.630329760715172,1994.5651416897845,0.377703915892175,0.08788815356438273,0.04115009850193263,2.437878024454585,0.5317228309436919,0.6060574578196949,1828.3757129614978,-0.016299176887455746,0.9586318554673615,-0.003786496178392787,0.9586963660076608,-0.001930120395209567,0.9551970615383107,0.14701667445548017,1.0641752825654305,0.023171841697796625,1.045564441298426,-0.024272302895477105,0.9614926909544946,-166.18942872828666,0.9166788663580611
target_word_shuffle,target_shuffle,9,0.25737173714434664,0.03703934166757367,0.017023121742995806,2.195524524108724,0.5054495451540207,0.6515276835640933,3244.7122851031972,0.24095680946913955,0.04118136309280528,0.018831461683742057,2.82076348901948,0.5897107384556249,0.5497967977739334,2836.667824024309,-0.01641492767520708,0.9362209391820789,0.0041420214252316095,1.1118276199748427,0.0018083399407462508,1.1062284560341624,0.6252389649107561,1.284778857190533,0.0842611933016042,1.166705448858919,-0.10173088579015988,0.8438579229135763,-408.04446107888816,0.8742432532609248
target_word_shuffle,target_shuffle,10,0.33963062238921954,0.03883872192590214,0.0183390110781394,1.5179978038963733,0.33876915389108314,0.8057139474873005,3473.4573355579046,0.2930667937068378,0.03979605473935119,0.018469899088448316,1.9106990779386421,0.4543567832319401,0.7091123983686197,3114.3014652027587,-0.046563828682381736,0.8628986151022564,0.0009573328134490494,1.024648926765686,0.00013088801030891606,1.0071371356254757,0.39270127404226884,1.2586968657220916,0.11558762934085698,1.341198801637879,-0.0966015491186808,0.8801044099821996,-359.1558703551459,0.8965998900638694
target_word_shuffle,target_shuffle,11,0.2027377579028437,0.013674760960609504,0.00623175269858911,1.4702520061609432,0.3260779828410896,0.8195896306515053,6448.707700431629,0.2166180316231545,0.013809555400823171,0.006304954614680391,1.445981823753309,0.31787732579770794,0.8272091245367669,5939.084086417658,0.013880273720310782,1.068464176889507,0.00013479444021366645,1.0098571696859702,7.320191609128113e-05,1.011746601416983,-0.024270182407634122,0.9834925017568988,-0.008200657043381632,0.9748506263044661,0.007619493885261619,1.0092967182591066,-509.62361401397084,0.9209727533502781
target_word_shuffle,target_shuffle,12,0.18914939745333537,0.01364790304330413,0.006200990337567602,1.5277291236626074,0.3495797324323376,0.8028295846525217,7055.973243273349,0.19058656668207397,0.015266856022667093,0.006932907539390465,1.784639840420088,0.43339869151783966,0.7375067572400067,6118.916967183521,0.0014371692287385995,1.007598064001687,0.0016189529793629621,1.1186228370107467,0.0007319172018228626,1.1180323078832488,0.2569107167574807,1.1681650973180309,0.08381895908550208,1.2397706483183655,-0.06532282741251505,0.9186342548129857,-937.0562760898283,0.8671967361861597
target_word_shuffle,target_shuffle,13,0.18024911291144546,0.013341819143079232,0.0060469036851067415,1.6376155261374628,0.3881203168252639,0.7728680852556306,7790.886975902579,0.19771228481661005,0.015064779913223933,0.006834845786077515,1.7114082320035315,0.41615142726389925,0.7551040168177123,6838.070318747427,0.01746317190516458,1.096883538687079,0.0017229607701447006,1.1291398684495966,0.0007879421009707732,1.1303050521180178,0.07379270586606879,1.0450610687839983,0.028031110438635376,1.0722227340914572,-0.017764068437918223,0.9770153939879408,-952.8166571551519,0.8777011320916039
target_word_shuffle,target_shuffle,14,0.11207317418831275,0.005297165734407942,0.0023906730542255783,1.651977521809418,0.39847806771756666,0.7695012954709363,13637.78828646647,0.12397801991788633,0.005879991576443043,0.0026538220449670025,1.73063774021327,0.42850858929381686,0.7509485643746984,12156.767126039409,0.01190484572957358,1.1062238650300387,0.0005828258420351009,1.1100259780696131,0.00026314899074142417,1.1100731817620264,0.07866021840385207,1.0476157922031817,0.03003052157625019,1.0753630475754563,-0.018552731096237896,0.9758899287026418,-1481.0211604270607,0.8914031271553936
target_word_shuffle,target_shuffle,15,0.10259769775633162,0.003317142339895766,0.001495999055653785,1.4786101637751006,0.3372594095255645,0.817395953916814,18421.520110834168,0.11234024197472368,0.0037382970727898633,0.0016866037102726272,1.4795460544274814,0.34258888228942597,0.8176260745343168,16697.61018084692,0.00974254421839206,1.094958702099101,0.0004211547328940974,1.1269631172295032,0.00019060465461884224,1.1274096081619076,0.0009358906523808663,1.0006329529407472,0.005329472763861476,1.0158022952431272,0.00023012061750282697,1.0002815289400442,-1723.9099299872469,0.906418692940906
target_word_shuffle,target_shuffle,16,0.09554587743188274,0.002595809970592189,0.0011709871518668091,1.4001389994249263,0.3091794867822902,0.841904167629475,23065.958315557677,0.10017096824614637,0.0029935215220721783,0.0013508102434990343,1.410459330715801,0.31798886561166606,0.8390189988691348,20785.63836580822,0.004625090814263627,1.048407015954326,0.0003977115514799895,1.153212891094661,0.0001798230916322252,1.1535653830120873,0.01032033129087484,1.00737093338169,0.00880937882937588,1.028492766192314,-0.0028851687603401732,0.9965730437355353,-2280.319949749457,0.9011391628063676
target_word_shuffle,target_shuffle,17,0.09309956458885522,0.002291289068471881,0.001032927837893327,1.382706100880791,0.3029199156528075,0.8475380106566951,26216.323367191824,0.09185487603416032,0.002645536865507547,0.0011926181976529282,1.4909885145857462,0.3532588305527509,0.8147501624296248,24026.084178669167,-0.0012446885546949088,0.9866305652321972,0.000354247797035666,1.154606330888366,0.0001596903597596011,1.154599723956218,0.10828241370495517,1.0783119519288302,0.05033891489994341,1.1661789545606283,-0.03278784822707026,0.9613140085568237,-2190.239188522657,0.9164551353046091
target_word_shuffle,target_shuffle,18,0.09821581778542363,0.0022377308778483616,0.0010095152432667565,1.3000885854507176,0.26374358850398316,0.8753738522258754,30941.486210435258,0.08982162859121766,0.0024479709049366914,0.0011040654366496483,1.4071972544826588,0.3207506421674467,0.8402828971269676,29402.82254722007,-0.008394189194205967,0.9145332250507789,0.00021024002708832984,1.0939523282605499,9.455019338289183e-05,1.0936590040812773,0.10710866903194116,1.0823856698916605,0.057007053663463536,1.2161457421035524,-0.035090955098907806,0.9599131787971055,-1538.6636632151894,0.9502718242830798
target_word_shuffle,target_shuffle,19,0.07983023825254681,0.0019248864939412445,0.0008675583349830873,1.4863818945100955,0.3577437861860335,0.8165990647489173,36153.87552001029,0.10322564240823834,0.0020328169578266884,0.000917675087293901,1.230116174291176,0.2220582867601011,0.9006676968317351,36470.6584637015,0.023395404155691524,1.2930644410753975,0.00010793046388544395,1.0560710790839325,5.0116752310813695e-05,1.0577675866073295,-0.2562657202189196,0.8275909299176365,-0.1356854994259324,0.6207187806862589,0.08406863208281778,1.1029497040969105,316.78294369120704,1.0087620743042023
target_word_shuffle,target_shuffle,20,0.0876583762486379,0.0019131214998847376,0.0008625539620839007,1.3192485100569804,0.27453734639326843,0.8687602117376667,38280.58911485809,0.11373675767727082,0.00201816086853599,0.0009116621492195609,1.1681124416675113,0.17649639545211507,0.924666370616169,39851.430602564746,0.02607838142863292,1.2975001653391982,0.00010503936865125223,1.0549047029175491,4.910818713566023e-05,1.056933465310487,-0.15113606838946914,0.8854377569971053,-0.09804095094115337,0.6428866519262015,0.055906158878502255,1.0643516566736133,1570.8414877066534,1.041034935042234
target_word_shuffle,target_shuffle,21,0.07459814364377873,0.0018368548257920163,0.0008276421220958508,1.5016425939261477,0.3607672522633959,0.8118812929729096,41787.142843855734,0.10124114067871047,0.0020089306667916886,0.000906723087500394,1.2253184483904145,0.21717486675632627,0.9024047016773937,43666.52043942107,0.02664299703493174,1.3571536198112422,0.0001720758409996723,1.0936796079307993,7.908096540454324e-05,1.0955497094671012,-0.27632414553573326,0.8159854104736861,-0.14359238550706963,0.6019805439468355,0.09052340870448417,1.111498330466389,1879.3775955653327,1.0449750202493606
target_word_shuffle,target_shuffle,22,0.11123832560740698,0.0019007849915299913,0.0008578541923542904,1.2033889467021053,0.20328373696740193,0.910788372549992,46705.318683740945,0.12931227611174853,0.0020793012761242246,0.0009403566778425354,1.1427336874321457,0.15751283335170366,0.9350673034727043,50058.082108070135,0.018073950504341546,1.1624795267682058,0.00017851628459423325,1.0939171364966553,8.250248548824501e-05,1.0961730852718137,-0.06065525926995963,0.9495962968272765,-0.04577090361569827,0.7748422756326404,0.024278930922712272,1.0266570497092649,3352.7634243291905,1.0717854736637598
target_word_shuffle,target_shuffle,23,0.1296997010524095,0.0020537038098179254,0.0009283375251343262,1.1542708906063954,0.16628729012613333,0.9302840361386429,54373.264100863445,0.14378261493628494,0.002301306437956082,0.0010418619874437152,1.1306366580672065,0.14676762515587802,0.9400998289082421,57497.606290973505,0.014082913883875448,1.1085809278548466,0.0002476026281381565,1.1205639420026903,0.00011352446230938895,1.1222879158856307,-0.02363423253918895,0.9795245355899495,-0.019519664970255313,0.8826148110518143,0.009815792769599208,1.0105513933242705,3124.342190110059,1.0574610011331
target_word_shuffle,target_shuffle,24,0.15600662384918507,0.0025174922476166694,0.0011415269010489615,1.116314081319308,0.13599605985271068,0.9462176807953353,59336.435581218386,0.14585559848020072,0.0030450478312790304,0.0013794027308968726,1.1653380403289628,0.17569424920712795,0.9258331569515035,59515.2842632262,-0.010151025368984351,0.9349320873725688,0.0005275555836623609,1.2095559908683915,0.0002378758298479111,1.2083839009145914,0.04902395900965484,1.0439159192103644,0.03969818935441727,1.291906908156899,-0.020384523843831825,0.97845683476589,178.84868200781784,1.0030141460344886
target_word_shuffle,target_shuffle,25,0.1559581361865079,0.002777183447636052,0.0012608477996188805,1.1202206791938227,0.1392194137547102,0.9445447375673229,63190.47660731485,0.13379136922248927,0.003480526324341001,0.0015762553379232713,1.2226838036345835,0.21543813646853113,0.9033821489470344,62223.47197709433,-0.02216676696401862,0.8578671975255744,0.0007033428767049491,1.2532576218723972,0.00031540753830439083,1.250155123520519,0.10246312444076078,1.091466910353242,0.07621872271382094,1.5474719412808529,-0.04116258862028854,0.9564207104395507,-967.0046302205228,0.9846969878668619
target_word_shuffle,target_shuffle,26,0.14852036938964097,0.0034864538387288633,0.001582179801597583,1.1712631125513555,0.1798976143180318,0.9234322104702288,63495.40265244348,0.13414267189859283,0.004118812741057088,0.0018658807660244525,1.264789600522438,0.24168796151614558,0.8877997068340033,63785.16099371838,-0.014377697491048141,0.9031937669490192,0.0006323589023282251,1.1813759568884477,0.00028370096442686954,1.1793101915225415,0.09352648797108243,1.0798509634323532,0.06179034719811377,1.343475078482888,-0.0356325036362255,0.961412973000972,289.7583412749009,1.0045634538749357
target_word_shuffle,target_shuffle,27,0.1726563749320125,0.004934960879441203,0.002247237372129618,1.1748830529722767,0.18166943684087877,0.9219522928952114,65680.45259203581,0.15426979513096575,0.0057371369380352045,0.002605792259853912,1.2694732731410343,0.24367656815811237,0.8860737118503375,64742.686406484376,-0.018386579801046743,0.8935076691539457,0.0008021760585940011,1.1625496284627657,0.0003585548877242939,1.159553632834502,0.09459022016875762,1.0805103281797945,0.062007131317233594,1.3413184539686953,-0.03587858104487396,0.9610841240676724,-937.766185551438,0.9857222940990339
target_word_shuffle,target_shuffle,28,0.1454877839782094,0.006395686163284263,0.002900123416751166,1.387986842276517,0.30637331753907926,0.8458543961004334,67276.31444853985,0.14105289492267983,0.0077173781032681575,0.0034948456941596984,1.5866015903829727,0.3865547808164604,0.7875910148449848,63959.37815415252,-0.004434889055529578,0.9695171035310887,0.0013216919399838944,1.2066536576426594,0.0005947222774085326,1.2050679197886331,0.19861474810645574,1.143095555415751,0.08018146327738113,1.2617116396433314,-0.05826338125544861,0.9311188999844582,-3316.936294387335,0.9506968192063422
target_word_shuffle,target_shuffle,29,0.14567415615475446,0.007709173112567398,0.0034945691033853032,1.5109546989642024,0.36168414255805614,0.8089637725921983,71308.10976891256,0.14356493160381834,0.009489792971305049,0.004296647747428217,1.797363963597736,0.45149800203766033,0.7351795079322564,66272.03423378475,-0.002109224550936123,0.9855209420284478,0.001780619858737651,1.2309741695388747,0.000802078644042914,1.2295214714845366,0.28640926463353367,1.1895551632545203,0.08981385947960419,1.2483212530224195,-0.07378426465994192,0.9087916329993115,-5036.075535127806,0.9293758374545593
target_word_shuffle,target_shuffle,30,0.15794935478207892,0.00960856504289356,0.00436198162785606,1.52650089667812,0.3683058433223576,0.8047273128619746,70250.17845472206,0.15162899730336993,0.01162633415427503,0.00526883190078975,1.893325103895323,0.47592882364491845,0.7139112018035545,65056.24631193769,-0.006320357478708988,0.9599849110596931,0.002017769111381471,1.2099969247399542,0.0009068502729336902,1.207898691258705,0.366824207217203,1.2403039579041346,0.10762298032256085,1.2922108955710274,-0.09081611105842013,0.8871467270865654,-5193.932142784368,0.9260652106936357
target_word_shuffle,target_shuffle,31,0.17058707888444483,0.009802671404862113,0.004456139086366662,1.4358954774750439,0.3307404834773632,0.8312411700972587,72177.48844444953,0.16427387020704828,0.013662082750274042,0.006197448585831489,1.9184176044928616,0.4808915809508593,0.7084077102889219,62571.82494227465,-0.006313208677396542,0.9629912844534018,0.0038594113454119283,1.3937101617120364,0.001741309499464827,1.3907664155729589,0.4825221270178177,1.3360426539297794,0.15015109747349614,1.45398463439786,-0.12283345980833682,0.8522288545996621,-9605.663502174873,0.8669160743994612
target_word_shuffle,target_shuffle,32,0.17580025238645333,0.012387301838991307,0.005631520308370996,1.545120239776917,0.37392283401181187,0.79952497695798,73393.29404118693,0.16912463240953246,0.017134191728421764,0.007774199252909342,2.1897006244722452,0.5368348693890493,0.6556758901193258,63351.13454794678,-0.006675619976920871,0.9620272446298416,0.004746889889430457,1.3832061210541866,0.0021426789445383454,1.3804796619436621,0.6445803846953282,1.4171716660620373,0.16291203537723747,1.4356835703985267,-0.14384908683865416,0.8200818098431534,-10042.159493240157,0.8631733372315367
target_word_shuffle,target_shuffle,33,0.18293026589365866,0.014542673947565803,0.006612808123743874,1.6277440154258298,0.40119711486067944,0.7773198164317819,74849.56598113573,0.17270233025826442,0.019822017537836065,0.008992539672166844,2.4887540760184104,0.5840433189529247,0.6057203629280589,64762.141634955886,-0.01022793563539423,0.9440883355940451,0.005279343590270262,1.3630242696729724,0.0023797315484229697,1.3598670190532922,0.8610100605925806,1.528959131430629,0.18284620409224528,1.4557515428651204,-0.17159945350372308,0.7792421473413421,-10087.424346179847,0.8652306901990298
target_word_shuffle,target_shuffle,34,0.18441686156929585,0.016232437000239894,0.007379699315528732,1.7490165684313237,0.43767888477784095,0.747236700503087,77941.99528391758,0.1761986960356582,0.022500864738890798,0.010209134663385688,2.795898011777379,0.6228273287080149,0.5603004897614668,67759.98466232995,-0.008218165533637661,0.9554370166336169,0.006268427738650904,1.3861667682537193,0.0028294353478569567,1.383407944619059,1.0468814433460552,1.5985543317542124,0.185148443930174,1.4230234776409867,-0.18693621074162015,0.7498299928034682,-10182.01062158763,0.8693642549886252
target_word_shuffle,target_shuffle,35,0.1707373207718423,0.01684306548076335,0.007644540935178967,2.0135600074511437,0.5017133017537896,0.6899503208895226,87316.14762768373,0.16315882555906688,0.023114693961958723,0.010474145202926777,3.6622905594109056,0.6998442433243283,0.4499206637370614,74986.04545517854,-0.007578495212775427,0.9556131302783049,0.006271628481195373,1.3723567118459472,0.0028296042677478095,1.3701470487725784,1.648730551959762,1.818813715934387,0.19813094157053868,1.394908687644033,-0.24002965715246116,0.6521058837342758,-12330.102172505198,0.8587878358413065
target_word_shuffle,target_shuffle,36,0.18110095341796534,0.019005092183271753,0.008631927104991055,2.0629068706646647,0.5106525935678792,0.6796494134408966,88820.07579657991,0.17460959793626846,0.026975561315934884,0.012235828851137831,3.678013754113245,0.700913887979797,0.446726584935438,75229.0749739468,-0.006491355481696881,0.9641561495942015,0.007970469132663131,1.419385975841745,0.003603901746146776,1.4175083617939104,1.6151068834485804,1.782927676675202,0.19026129441191786,1.3725846041066951,-0.2329228285054586,0.6572897380623264,-13591.000822633112,0.8469827828816552
target_word_shuffle,target_shuffle,37,0.19198589258786736,0.018876276973947212,0.008579689509959465,1.8979674187476,0.4682479835234795,0.7114770390273288,97700.3156134042,0.18402360843880933,0.028733944378081935,0.013041563811695744,3.4516023081966445,0.6795227799746538,0.4686400804673001,78706.58137523929,-0.00796228414905803,0.9585267227571296,0.009857667404134723,1.522225193888494,0.004461874301736279,1.5200507891383248,1.5536348894490444,1.8185782717347239,0.2112747964511743,1.4512027897267583,-0.24283695856002874,0.6586861623915882,-18993.734238164907,0.805591884540862
target_word_shuffle,target_shuffle,38,0.19180689990082767,0.019601026658866587,0.008910219791703922,1.9213292399272797,0.4713653284738361,0.7061800624104008,103968.84084518382,0.1847444793284011,0.030458708484207106,0.013827396637086542,3.6058044770777395,0.6878610002237043,0.4475983331517792,82464.40133254191,-0.007062420572426564,0.9631795280720281,0.010857681825340519,1.553934342968463,0.00491717684538262,1.5518580864199354,1.6844752371504599,1.8767238858095652,0.21649567174986822,1.4592948582989085,-0.25858172925862155,0.6338303174736487,-21504.43951264191,0.7931645737527901
target_word_shuffle,target_shuffle,39,0.19119461764077073,0.020776528774925206,0.009444475868378932,2.010348967347573,0.49057813367822106,0.6877841047370854,110761.3261092428,0.18649530031069556,0.032402560997916593,0.014714121221384824,3.7928419974826224,0.6993034447014335,0.4239502149993441,87217.36400408798,-0.00469931733007517,0.9754212885852258,0.011626032222991387,1.5595752951505089,0.005269645353005892,1.5579605925079696,1.7824930301350492,1.886658515056199,0.2087253110232124,1.4254680278079692,-0.2638338897377413,0.6164001349824569,-23543.962105154817,0.7874351731584214
target_word_shuffle,target_shuffle,40,0.18933205950283988,0.022089857022182764,0.010040810063415284,2.1543865561305546,0.5145471223330552,0.6582820158990922,120850.75208127909,0.19092639719395602,0.03461859957122771,0.015729673637899788,3.796920005792401,0.6971152167712078,0.41966575306028003,94314.00196237517,0.0015943376911161378,1.0084208543143418,0.012528742549044947,1.5671717356475572,0.005688863574484504,1.566574164533386,1.6425334496618462,1.7624135255514224,0.18256809443815258,1.3548131677600277,-0.23861626283881215,0.6375166614364457,-26536.750118903918,0.7804171702542949
target_word_shuffle,target_shuffle,41,0.16596139318019218,0.019933237133866754,0.00903475031929557,2.710187003338985,0.59071287307729,0.5604633510480478,136650.1787331005,0.17499672545455855,0.030524287624717338,0.013847131671651858,4.1519093483555105,0.7163419974998698,0.36497332664935384,108776.95896274433,0.00903533227436637,1.054442374218333,0.010591050490850584,1.5313261673551741,0.0048123813523562875,1.5326523900218696,1.4417223450165255,1.5319641571739415,0.12562912442257979,1.2126737542842232,-0.19549002439869395,0.651199272827054,-27873.21977035617,0.7960250031959564
target_word_shuffle,target_shuffle,42,0.17526571756115653,0.020613225958766267,0.009353025184126729,2.3936836205588516,0.5499277714928866,0.613484215743441,149223.48822844695,0.1856509223486863,0.03347480834754054,0.015206584973661341,3.830882915517424,0.6923421508190547,0.4092655450840674,114566.00051068504,0.010385204787529773,1.0592540568171682,0.012861582388774273,1.6239480619325688,0.0058535597895346125,1.6258466830435783,1.4371992949585723,1.6004132219534635,0.14241437932616807,1.2589692441578235,-0.20421867065937366,0.6671166667058228,-34657.487717761906,0.7677477712844737
target_word_shuffle,target_shuffle,43,0.17539982243662497,0.022558970958129917,0.010238368244903762,2.581365959777777,0.5736145485860693,0.5805953736098983,154724.47386195487,0.1937856529495289,0.03710646817306643,0.016877364086542834,3.7035678975903457,0.6798818537744075,0.4212544774378071,119360.53310794731,0.018385830512903933,1.104822400937391,0.014547497214936516,1.6448652839835742,0.006638995841639073,1.6484427675567588,1.1222019378125685,1.4347318262102366,0.10626730518833816,1.1852590828616472,-0.15934089617209124,0.7255560353812295,-35363.94075400756,0.771439256690837
target_word_shuffle,target_shuffle,44,0.18148140069146207,0.02320543004328524,0.010543925616860461,2.3443767816511936,0.5411308099248965,0.6219448125900942,166935.9112284935,0.20417184790753914,0.039647928584836595,0.018065891035278447,3.260235187428139,0.6445512419461448,0.4841936733470295,127435.4404266915,0.022690447216077075,1.1250290505170182,0.016442498541551356,1.708562543731036,0.007521965418417986,1.7133932550393236,0.9158584057769454,1.3906617796864957,0.10342043202124829,1.1911190974958734,-0.13775113924306465,0.7785154945337073,-39500.470801802,0.763379428002548
target_word_shuffle,target_shuffle,45,0.1760512284524174,0.023909697472661712,0.01086364704522269,2.4490414681058708,0.563374349098543,0.6070440372073967,179876.53630182368,0.20097370449784766,0.03905231250069192,0.017794426658947593,3.1785757861322614,0.6420783393476154,0.4999467011946775,140557.46964226227,0.024922476045430242,1.1415637724506116,0.015142615028030205,1.6333252456962666,0.006930779613724902,1.637979085958499,0.7295343180263907,1.29788565343866,0.07870399024907238,1.1397010537910843,-0.10709733601271926,0.8235756725224977,-39319.06665956142,0.7814108083914513
target_word_shuffle,target_shuffle,46,0.16685280391336746,0.02298869706440807,0.010428655692694022,2.728649349211503,0.6074650143239713,0.5682184952505477,189373.1464666228,0.1933062181128137,0.03472520337462546,0.015808784857826552,2.911906851041029,0.6233562754751681,0.5413314541003179,158424.6468239946,0.026453414199446246,1.1585434201754423,0.011736506310217387,1.5105337756126134,0.00538012916513253,1.515898627987668,0.18325750182952572,1.067160517301871,0.015891261151196878,1.0261599611096215,-0.026887041150229773,0.9526818620373717,-30948.499642628187,0.8365739798906341
target_word_shuffle,target_shuffle,47,0.15567724909508157,0.01990100476924239,0.009013518130961296,3.00322943160581,0.6408267824390269,0.5332381676899258,211676.46937009593,0.17283312238581097,0.02780056251189898,0.012622418212366426,2.9993950999337264,0.6380806623422496,0.5318965225192832,184028.0734948812,0.0171558732907294,1.1102015444732136,0.00789955774265659,1.396942658567102,0.003608900081405131,1.4003875099122758,-0.0038343316720834686,0.9987232638196969,-0.002746120096777327,0.9957147232715194,-0.0013416451706426136,0.9974839663532483,-27648.395875214745,0.8693837063822423
target_word_shuffle,target_shuffle,48,0.7078588890404158,0.3784381807019091,0.1890443880453223,4.143723068299713,0.7100142791262144,0.355302425294747,113.50696087049973,0.9425105856758225,0.49299845881707144,0.25871577738512297,4.0424836936143125,0.6840393477787161,0.34786637269821186,105.38794554201574,0.23465169663540664,1.3314950200769147,0.11456027811516234,1.3027186049287593,0.06967138933980066,1.3685451340757537,-0.10123937468540056,0.9755680162458545,-0.025974931347498287,0.9634163254006272,-0.007436052596535125,0.979071202254402,-8.119015328483982,0.928471212107001
target_sentence_shuffle,target_shuffle,0,1.4390506360417419,0.7707816136393445,0.4465593551286172,3.6665594210805645,0.634265351882867,0.44082950208445315,33.10863497389326,1.4334614234468546,0.7713657918411235,0.44704255517752256,3.629517443501092,0.6320077508751721,0.44551104998516244,33.090804289724495,-0.005589212594887316,0.9961160417459268,0.0005841782017790287,1.0007579036531762,0.0004832000489053412,1.001082051114493,-0.03704197757947236,0.9898973469876166,-0.0022576010076948982,0.9964406048635804,0.004681547900709293,1.0106198606889105,-0.01783068416876432,0.9994614491299981
target_sentence_shuffle,target_shuffle,1,0.6609474016020959,0.35648642485244453,0.18115848899212794,1.799800657566211,0.403820012270383,0.7302744023489917,785.5077816997139,0.7051027906078773,0.38309741558780996,0.19895525627373212,1.572562822455161,0.3405448755161921,0.7886595538331637,748.2787485416649,0.04415538900578142,1.066806207116761,0.026610990735365436,1.074647977816562,0.017796767281604176,1.098238660410108,-0.22723783511105,0.8737427758142908,-0.06327513675419089,0.8433085661126981,0.058385151484172004,1.07994960701798,-37.22903315804899,0.9526051376887797
target_sentence_shuffle,target_shuffle,2,0.6328280756260246,0.3409328459529074,0.17101279450857887,1.9926294221171728,0.44468252896738353,0.6869199703225779,780.7574100131385,0.6556656224518576,0.3461023187741512,0.17622814378351792,1.7029880416334737,0.37876022674993265,0.7540349796025736,765.2141000861875,0.022837546825832944,1.0360880746357608,0.0051694728212438035,1.0151627303781188,0.005215349274939052,1.0304968367360778,-0.28964138048369903,0.8546436295330774,-0.06592230221745088,0.8517542338094918,0.0671150092799957,1.0977042627649634,-15.543309926950997,0.980092011004173
target_sentence_shuffle,target_shuffle,3,0.6514219107946788,0.36023137249926834,0.18024127491726616,2.1463004192834503,0.48426120660640853,0.6585227691111472,782.0081129768114,0.7090019701883037,0.4107921230287553,0.20988969847562167,2.007146574707759,0.46120080401581964,0.687089236748676,672.9030104987115,0.05758005939362487,1.088391345821165,0.05056075052948694,1.1403563220425763,0.029648423558355508,1.1644929751567732,-0.13915384457569147,0.935165718961615,-0.02306040259058889,0.9523802396786163,0.028566467637528792,1.0433796202294472,-109.10510247809987,0.860480856058157
target_sentence_shuffle,target_shuffle,4,0.8455432086700964,0.48942251790496033,0.2529682714217065,2.360254370001933,0.519041334425597,0.620110740008598,606.752901118787,0.9081944450923554,0.5286446958654683,0.27675442987074894,2.4011932476173667,0.5269269765719142,0.6141058272779893,503.4132020142363,0.062651236422259,1.074095842505465,0.03922217796050792,1.0801397085841569,0.023786158449042416,1.0940282285769194,0.0409388776154338,1.0173451125161492,0.007885642146317262,1.0151927055174301,-0.006004912730608658,0.9903163865029725,-103.33969910455073,0.829684046151235
target_sentence_shuffle,target_shuffle,5,0.48398206137347155,0.22197181621215725,0.10553088010133516,3.554804415340263,0.6395207786820133,0.4451990777555186,973.1096609216481,0.46337474500371006,0.20751079648426823,0.09827534971856322,3.544742496295482,0.639053433990667,0.4466577783454755,916.789746452271,-0.020607316369761486,0.957421321955119,-0.014461019727889018,0.9348520006927264,-0.007255530382771935,0.9312473242264622,-0.010061919044781042,0.9971694872993976,-0.0004673446913462387,0.9992692267273807,0.0014587005899568961,1.0032765130518861,-56.31991446937718,0.9421237741941266
target_sentence_shuffle,target_shuffle,6,0.46566635998936184,0.19018564250931766,0.09017217204531547,3.5987298456266976,0.6417531107800364,0.437838057444963,1105.4769067477491,0.4438411756264644,0.1870369330151357,0.08823833155982774,3.632510754132352,0.646059583786315,0.4397844886884865,1016.3401343476454,-0.021825184362897432,0.9531312840284423,-0.0031487094941819727,0.9834440210437485,-0.0019338404854877256,0.9785539103406043,0.033780908505654406,1.0093868975871296,0.004306473006278622,1.0067104824782813,0.0019464312435235054,1.0044455506080894,-89.13677240010372,0.9193680375808664
target_sentence_shuffle,target_shuffle,7,0.5809647537287513,0.22335462353852403,0.10944069174780169,2.9027339940216494,0.5792002579141202,0.5272625408077666,1204.2801523705314,0.5724786822213264,0.22722678231527926,0.11090687609460537,3.1165107076287484,0.6006234013950268,0.4985440935850751,1067.480915116848,-0.008486071507424975,0.9853931388196185,0.00387215877675523,1.0173363717051955,0.0014661843468036784,1.013397067602323,0.21377671360709893,1.0736466772519668,0.02142314348090657,1.036987455007394,-0.028718447222691457,0.9455329271454781,-136.79923725368326,0.8864058026827019
target_sentence_shuffle,target_shuffle,8,0.4152096418442177,0.08380744823850395,0.03989503622573376,1.973334108790369,0.45652730982973133,0.6939682235953041,2136.7949290429847,0.3928833641157973,0.0862441406511584,0.040673452483209305,2.3014264450725097,0.5158131686772659,0.6313202753120938,1889.116551357602,-0.02232627772842044,0.9462289034758417,0.0024366924126544565,1.0290748908699725,0.0007784162574755449,1.0195116067084538,0.32809233628214063,1.1662629429144622,0.05928585884753457,1.1298626775877139,-0.0626479482832103,0.9097250476980717,-247.67837768538266,0.8840888405719344
target_sentence_shuffle,target_shuffle,9,0.30676816042776794,0.03833161359029646,0.01783591778864424,1.765666569741338,0.41501306783783803,0.7413845145186552,3293.141118626922,0.30006325133908196,0.045157415268968354,0.020918931459563028,2.0980750127551646,0.49067134093863424,0.6709020746292307,2745.0968035228343,-0.006704909088685984,0.9781433996268891,0.006825801678671896,1.1780723804233943,0.0030830136709187883,1.1728542206955466,0.33240844301382655,1.1882622963526654,0.0756582731007962,1.1823033512987513,-0.07048243988942449,0.904931329815959,-548.0443151040877,0.8335800697989535
target_sentence_shuffle,target_shuffle,10,0.4033997205870158,0.040202526389595816,0.0195097269805643,1.3500551934779985,0.2697007251192596,0.8577181523378258,3588.926400450445,0.3873911449495298,0.043804531023536576,0.021060676044146298,1.4867787410618298,0.32918299725805006,0.8150421687962215,3067.94895018865,-0.016008575637485978,0.960315848471211,0.00360200463394076,1.089596474558458,0.0015509490635819967,1.0794961951055269,0.13672354758383132,1.1012725614798786,0.05948227213879048,1.2205491739455552,-0.04267598354160429,0.9502447471512228,-520.9774502617947,0.8548375218292558
target_sentence_shuffle,target_shuffle,11,0.25528548646358346,0.012630336499160238,0.005816722922756812,1.272233284704124,0.23584853681963006,0.8848429904806638,6924.616392897304,0.24950926218251454,0.013665377093595074,0.0062924706921803075,1.332536344288656,0.2695409644651887,0.8638870535806522,6072.439594392044,-0.005776224281068915,0.9773734717078394,0.0010350405944348356,1.0819487741614566,0.0004757477694234957,1.081789656247925,0.06030305958453197,1.0473993726689117,0.03369242764555866,1.142856208050944,-0.02095593690001163,0.9763167735672469,-852.1767985052602,0.8769351614366172
target_sentence_shuffle,target_shuffle,12,0.2375533772529408,0.013026506956870361,0.005966251100659847,1.3422150697733286,0.2745704907140475,0.8605949037140548,7466.851498770877,0.21794797117419357,0.015130434425935804,0.006902535898096418,1.5558690812991751,0.36660170002361886,0.7959591245685896,6332.954693340881,-0.019605406078747223,0.9174694702033667,0.002103927469065443,1.1615112535440124,0.0009362847974365707,1.1569301694620413,0.2136540115258465,1.1591801614630723,0.09203120930957137,1.33518244829916,-0.06463577914546514,0.9248940716852465,-1133.8968054299958,0.8481425798254261
target_sentence_shuffle,target_shuffle,13,0.22012732946850616,0.011614810603367255,0.005298334387843218,1.3521249896705856,0.2813458711323105,0.8573638584685411,8516.791654582536,0.22306778642032607,0.014583150134562461,0.006654747495960955,1.4387544437693938,0.32262214538541334,0.829907940343654,7051.315190879782,0.0029404569518199086,1.0133579822092342,0.0029683395311952063,1.2555650394401685,0.0013564131081177377,1.2560074558476257,0.08662945409880818,1.0640691169526046,0.04127627425310282,1.146710076411766,-0.027455918124887124,0.9679763523331879,-1465.4764637027538,0.8279309247967522
target_sentence_shuffle,target_shuffle,14,0.14893257502355722,0.004784665231580521,0.002165185442858153,1.2868813576658364,0.24978313535692281,0.8797717361666367,14853.414688436806,0.1378316215138835,0.005594237857341401,0.002528698352758929,1.4162429084060277,0.3157012600657894,0.8369094393408381,12821.418749639879,-0.011100953509673717,0.9254632271761681,0.0008095726257608803,1.1692015188958689,0.0003635129099007761,1.1678899652368948,0.1293615507401913,1.1005232921966703,0.0659181247088666,1.2639014223815002,-0.042862296825798674,0.9512802070528992,-2031.9959387969266,0.8631967139260704
target_sentence_shuffle,target_shuffle,15,0.13752272600242157,0.003188728427720131,0.0014404758384933825,1.2253233768760938,0.21293706807023297,0.9022651758002505,19529.28545061639,0.12230009628539687,0.0036340359851359293,0.0016402072597786477,1.3301668194862788,0.2736247452837511,0.8647359909206722,17356.392950655158,-0.015222629717024705,0.8893082608204991,0.00044530755741579824,1.1396505115973556,0.00019973142128526522,1.13865655695795,0.10484344261018497,1.0855638965090122,0.060687677213518115,1.2850028779029516,-0.03752918487957824,0.9584055930705175,-2172.892499961232,0.8887367125921829
target_sentence_shuffle,target_shuffle,16,0.0889495931156084,0.0025112356701537863,0.00113176822897465,1.542527619430783,0.3699383163203962,0.7998041919704252,24154.321403009122,0.08473181698177468,0.0028177312505478034,0.0012703651477886657,1.6212155062466806,0.3986695458623818,0.7787452286778487,21987.900131762734,-0.004217776133833728,0.9525824010312848,0.0003064955803940171,1.1220497076059763,0.0001385969188140157,1.1224605128005052,0.07868788681589756,1.0510123033284056,0.028731229541985592,1.0776649194565302,-0.021058963292576505,0.9736698513148968,-2166.4212712463886,0.9103091643478546
target_sentence_shuffle,target_shuffle,17,0.1153560513896382,0.002237518496991734,0.001009778189246191,1.238669227966967,0.22552380246809353,0.8974158516795098,27278.11103290616,0.07832767324644281,0.0025060881210905318,0.0011292648170782016,1.6749381147682927,0.42197814701711867,0.7657256964103756,25112.8067007689,-0.03702837814319539,0.6790079263479327,0.00026856962409879757,1.1200301241486272,0.00011948662783201058,1.1183295777094164,0.4362688868013256,1.3522077379091941,0.19645434454902513,1.8711024840712671,-0.1316901552691342,0.85325626349977,-2165.3043321372606,0.9206211775615545
target_sentence_shuffle,target_shuffle,18,0.09050575180368485,0.0020008951475680072,0.0009020525424613401,1.3188000141712102,0.2731086298238662,0.8688994440140496,32821.874580373704,0.0900391911138379,0.002334190758016498,0.0010523823833595847,1.4539683480269159,0.34175760977686476,0.8259700853345635,29940.43280540851,-0.0004665606898469482,0.9948449608832175,0.00033329561044849075,1.1665732508207751,0.00015032984089824453,1.1666530857741408,0.1351683338557057,1.1024934276631386,0.06864897995299857,1.251361445429317,-0.04292935867948611,0.9505934098862854,-2881.441774965195,0.9122097134364107
target_sentence_shuffle,target_shuffle,19,0.09355787247869735,0.0019091744898482273,0.000860963454783148,1.2376188090712261,0.22499266206911603,0.897769735992093,36831.42028987633,0.09873390584518633,0.001979035891117648,0.0008925918693032386,1.2705067207397769,0.24629518089308491,0.8857912782146673,36240.71825766458,0.0051760333664889885,1.0553244021940773,6.986140126942074e-05,1.0365924647560014,3.1628414520090686e-05,1.0367360696991732,0.03288791166855076,1.0265735389818493,0.021302518823968886,1.0946809492672709,-0.011978457777425677,0.9866575389009128,-590.7020322117532,0.9839620077758957
target_sentence_shuffle,target_shuffle,20,0.10647678389004772,0.0018323287517008045,0.0008269465310902779,1.158432513561615,0.16872737679693967,0.9285750087065919,39674.36358285457,0.10301721049803599,0.001951908226767851,0.0008808883444029192,1.188796523489044,0.1917081006990473,0.9164260402338893,39608.275667847985,-0.003459573392011736,0.9675086599483343,0.00011957947506704655,1.0652609275987126,5.394181331264125e-05,1.0652301088636194,0.03036400992742916,1.0262112894544442,0.022980723902107647,1.1362003270437158,-0.012148968472702637,0.9869165459335247,-66.08791500658117,0.9983342413327295
target_sentence_shuffle,target_shuffle,21,0.09756940038422705,0.0018080920479452386,0.0008155006266712395,1.1992708434207173,0.19858039556718662,0.9123265580209945,43040.85228932476,0.0957475280783764,0.00194078193239685,0.0008751985455504041,1.2695654319335057,0.24524952867990513,0.8861173581513467,44294.1857457687,-0.0018218723058506525,0.9813274213056812,0.0001326898844516114,1.0733866859981034,5.9697918879164646e-05,1.0732040121779418,0.07029458851278836,1.0586144396800528,0.0466691331127185,1.235013798709519,-0.02620919986964776,0.9712721287786781,1253.3334564439429,1.0291196244911442
target_sentence_shuffle,target_shuffle,22,0.11195926320894056,0.001866870547247965,0.0008429618780239068,1.1506611997146283,0.16220999263319505,0.9317355815374041,48444.89237393787,0.12241454305234725,0.0020641289327248983,0.0009322478149256241,1.1782614733266765,0.18533988360950357,0.9206445770677079,51261.31819213524,0.01045527984340669,1.0933846788791513,0.00019725838547693343,1.1056625938322602,8.928593690171738e-05,1.1059193044472004,0.0276002736120482,1.0239864467645812,0.02312989097630852,1.142592269438477,-0.011091004469696242,0.9880964034319869,2816.4258181973637,1.0581366926456943
target_sentence_shuffle,target_shuffle,23,0.13002596152913354,0.0020948795448702305,0.0009468951346457422,1.1359749462255795,0.14939786258349297,0.937794588665777,56034.86778358635,0.12675245927828227,0.0022987157679314908,0.0010384211959880707,1.1920249904618725,0.19511740582576653,0.9152005881562162,58699.85713577078,-0.003273502250851268,0.9748242411490059,0.0002038362230612602,1.0973021205267366,9.152606134232855e-05,1.096659130348063,0.056050044236293006,1.0493409158551223,0.045719543242273564,1.3060254173008436,-0.02259400050956084,0.9759073033864679,2664.989352184428,1.0475594831860218
target_sentence_shuffle,target_shuffle,24,0.1438610271419912,0.0025116818952077426,0.001138249339155073,1.136791613167522,0.1520142971027898,0.937516887218213,62460.15602452328,0.13951768395817954,0.00291588960542764,0.001319353279508162,1.1862816137361323,0.19175189060169917,0.9174934756983842,62149.46224256492,-0.00434334318381166,0.9698087573050999,0.0004042077102198974,1.1609310915646562,0.00018110394035308897,1.1591074406671,0.049490000568610304,1.0435348044393724,0.039737593498909374,1.261406948260781,-0.020023411519828782,0.9786420790987344,-310.6937819583618,0.9950257283725584
target_sentence_shuffle,target_shuffle,25,0.13520912743504965,0.0028452536381309785,0.0012893730309343487,1.1716833587159607,0.1785679718022361,0.9232017412706786,65749.82953242915,0.13096165482213445,0.0033787348961055053,0.001527935841198036,1.2618602434700943,0.2412756800484235,0.8889245982750753,64676.30974259438,-0.004247472612915193,0.9685859032266579,0.0005334812579745269,1.1874986643150265,0.0002385628102636872,1.1850223351622218,0.09017688475413355,1.0769635278014709,0.0627077082461874,1.3511699640867567,-0.03427714299560325,0.9628714489322912,-1073.519789834776,0.9836726604849174
target_sentence_shuffle,target_shuffle,26,0.13219645734686478,0.003465722346414044,0.0015697327205466127,1.2292408165581803,0.2174199482197203,0.9007873310850361,66208.02079847817,0.1309212360328544,0.003998660582017881,0.0018090169382201093,1.3038159026737262,0.26538307820955553,0.874040537039344,66722.1922357457,-0.0012752213140103663,0.9903535893427557,0.0005329382356038374,1.15377407108261,0.0002392842176734966,1.1524362800042396,0.07457508611554586,1.0606675967067967,0.047963129989835235,1.2206013311167936,-0.026746794045692024,0.9703073154742922,514.1714372675197,1.0077659992107684
target_sentence_shuffle,target_shuffle,27,0.1546542382290415,0.004914934496441939,0.002232307546382706,1.2326225418726473,0.2197624915526281,0.8995275066473278,67802.5030865913,0.15000918979738237,0.005626364222586737,0.0025514614018060655,1.3050474760187183,0.2646623628495159,0.8735428664947574,67342.18658359704,-0.004645048431659138,0.9699649457666344,0.0007114297261447983,1.1447485669473465,0.0003191538554233597,1.1429703782516685,0.07242493414607099,1.0587567821329809,0.0448998712968878,1.2043108948140542,-0.025984640152570404,0.9711130121519128,-460.3165029942611,0.9932109216911006
target_sentence_shuffle,target_shuffle,28,0.1424118905578282,0.006470241893750593,0.002930335221315694,1.4604479653006424,0.3343924688516547,0.8228853420992488,69143.51313361859,0.1444003319201328,0.0076750989231625134,0.003473639467412859,1.5960125708923198,0.3896891926158843,0.7850191567111001,66352.67793634789,0.0019884413623045827,1.0139626077113497,0.00120485702941192,1.186215144350235,0.0005433042460971649,1.1854068575361898,0.1355646055916775,1.0928239888113218,0.055296723764229616,1.165364740279469,-0.037866185388148677,0.953983643343916,-2790.8351972707023,0.959637063973341
target_sentence_shuffle,target_shuffle,29,0.14416923258598668,0.0077424324855935945,0.0035056381418854254,1.5999436394878412,0.3882842206295375,0.7834717387440674,73477.99592215191,0.14663807766266979,0.009483652023655614,0.004290446836443196,1.8476548816415512,0.46361584764075464,0.7235117805104251,68511.7662086075,0.0024688450766831016,1.017124632151964,0.0017412195380620199,1.2248930862590055,0.0007848086945577704,1.223870422893051,0.24771124215371,1.1548249801048305,0.07533162701121715,1.1940115590787739,-0.05995995823364231,0.9234688945759758,-4966.22971354441,0.9324120146280799
target_sentence_shuffle,target_shuffle,30,0.15538816993389895,0.009499888224689034,0.004307518377846042,1.6197628589091926,0.39676472306668875,0.7786402960438016,72422.6381344126,0.15357048272288465,0.011416394708797663,0.00516935572118471,1.9521185791046698,0.49006256659217523,0.7014277595012219,67705.53311078085,-0.0018176872110143016,0.9883022805868952,0.0019165064841086283,1.2017398981522882,0.0008618373433386672,1.2000774614383765,0.3323557201954772,1.2051878880702898,0.09329784352548648,1.2351465190834765,-0.07721253654257965,0.9008367060685273,-4717.105023631753,0.9348669815800268
target_sentence_shuffle,target_shuffle,31,0.16455344295182348,0.009900918975199431,0.004493989521180075,1.547266794154038,0.3728715460489098,0.7985773528117465,73684.608026936,0.16246283672210987,0.013053167208231586,0.005913678908173958,2.0154479586889833,0.5031108178467796,0.6884702713571553,65803.78105738311,-0.002090606229713604,0.9872952750595867,0.003152248233032154,1.3183793584827594,0.0014196893869938831,1.3159084770863414,0.4681811645349454,1.3025859317233128,0.13023927179786976,1.349287236252232,-0.11010708145459114,0.8621209566389877,-7880.826969552887,0.8930464966757781
target_sentence_shuffle,target_shuffle,32,0.17050229033605313,0.012609225365183467,0.005725500107829573,1.681144159524751,0.41811316398547577,0.763493291971008,74596.41911040092,0.16801079495551288,0.016600295620692863,0.007525298382223378,2.293427105226427,0.5566900869471777,0.637850028370551,66557.51282636733,-0.0024914953805402484,0.9853873201549668,0.003991070255509396,1.3165198605469453,0.0017997982743938046,1.3143477843303588,0.6122829457016761,1.3642060927561384,0.13857692296170193,1.3314340109252918,-0.12564326360045697,0.8354363228563069,-8038.906284033597,0.8922346892799746
target_sentence_shuffle,target_shuffle,33,0.1789874318148508,0.01471173974697307,0.0066826022706155674,1.7570473891591898,0.43873750481483004,0.7449871844788598,75924.76123510796,0.17565137118136925,0.019387257472824715,0.008794589931411245,2.433837426613195,0.5789620597359708,0.6155422693907975,68096.84314495805,-0.003336060633481547,0.98136148107922,0.004675517725851645,1.3178086212064635,0.002111987660795678,1.3160426992290668,0.6767900374540052,1.385185989648514,0.14022455492114078,1.3196092273419917,-0.12944491508806233,0.826245447189217,-7827.918090149906,0.8968990094560845
target_sentence_shuffle,target_shuffle,34,0.18301131582831973,0.01641009481599962,0.007455158089479275,1.8716914478710385,0.46725220372735793,0.7186574368898783,79403.35269081676,0.17958420162315147,0.021717491111372916,0.0098522123587379,2.7126448122166624,0.6165926611548531,0.5737145023154305,71483.0976675943,-0.0034271142051682524,0.9812737579059622,0.005307396295373298,1.323422646459985,0.002397054269258625,1.3215296361481348,0.840953364345624,1.4493012805613446,0.1493404574274952,1.3196142388090606,-0.14494293457444773,0.7983142911558626,-7920.25502322246,0.9002528891435781
target_sentence_shuffle,target_shuffle,35,0.17352411054150493,0.016958314405496125,0.007696815141308377,2.056926592891305,0.5083577214007723,0.6805876491181467,89592.85413027694,0.17012926732307004,0.022737317406419353,0.010306996203268581,3.3194635387593587,0.6786910173753355,0.4960943369081345,78993.73749413414,-0.00339484321843489,0.980435899029701,0.005779003000923228,1.3407769700100323,0.002610181061960204,1.3391248214618514,1.2625369458680535,1.613797765185078,0.17033329597456326,1.33506581842384,-0.18449331221001225,0.7289205696727036,-10599.116636142804,0.8816968525109086
target_sentence_shuffle,target_shuffle,36,0.18860063426195142,0.019514869990514806,0.008866701733592608,2.049511157494558,0.5068221845294172,0.6816625212394768,90819.59359384744,0.18188355647284446,0.026523263752651002,0.012036728885325365,3.3257480569918045,0.6803077167696082,0.49637986867576955,79800.97001462923,-0.006717077789106962,0.9643846489893462,0.007008393762136196,1.3591309480505631,0.003170027151732757,1.3575204451013834,1.2762368994972464,1.6227030747447941,0.17348553224019103,1.3423005889135053,-0.18528265256370724,0.7281900547685484,-11018.623579218212,0.8786757004386698
target_sentence_shuffle,target_shuffle,37,0.20097393742997677,0.019273490247760768,0.008767154125348675,1.8252094790585875,0.44979847198377026,0.7274086660459005,100266.49138995426,0.19276578304874717,0.028144415071676435,0.01278624922413285,2.9742329987763894,0.6449632205573999,0.5382514170742736,84395.41953956625,-0.008208154381229599,0.9591581152902046,0.008870924823915667,1.4602656139816734,0.004019095098784176,1.4584264220592684,1.1490235197178018,1.629529669278739,0.1951647485736296,1.4338937562670016,-0.1891572489716269,0.7399573887391235,-15871.071850388005,0.8417111077651798
target_sentence_shuffle,target_shuffle,38,0.1996746404948581,0.01981965453556233,0.009017299682965052,1.8449074466939213,0.4533155698915813,0.7228818652822282,107103.74550846554,0.19478589596746398,0.03019850624435577,0.013725367035212543,3.0777782956987396,0.6531966376764532,0.524507165611777,88898.90654405496,-0.004888744527394129,0.9755164475756473,0.010378851708793442,1.5236646122487678,0.004708067352247491,1.5221149918771777,1.2328708490048184,1.6682562050537861,0.1998810677848719,1.440931397594034,-0.19837469967045118,0.7255779827956714,-18204.838964410577,0.8300261220745856
target_sentence_shuffle,target_shuffle,39,0.1979902251212447,0.020849441933385972,0.00948618166588755,1.9208062673160116,0.4710196637746584,0.7062538220067175,114407.5157106099,0.1952749561951085,0.03179059569119683,0.014450016452730252,3.2910033343703646,0.6714873890997448,0.49846205432698026,94313.2775363812,-0.0027152689261361884,0.9862858435285898,0.010941153757810854,1.5247696217118474,0.004963834786842702,1.5232700532364307,1.370197067054353,1.713344750258051,0.2004677253250864,1.4256037289763066,-0.20779176767973723,0.7057831600967016,-20094.23817422871,0.8243626037204022
target_sentence_shuffle,target_shuffle,40,0.19576982194551715,0.022070670233393597,0.010039997033142178,2.0586664911582653,0.4964682466724364,0.6764457588536815,124860.80576620114,0.19932706184953197,0.03354263410431424,0.01525634225339867,3.273880859283884,0.668681177215333,0.4991697728205899,102646.29669534598,0.003557239904014825,1.0181705222370108,0.011471963870920643,1.5197832122036525,0.005216345220256491,1.5195564502178338,1.215214368125619,1.5902920037525425,0.17221293054289666,1.3468760221742313,-0.17727598603309164,0.7379302276442017,-22214.509070855158,0.8220858103987307
target_sentence_shuffle,target_shuffle,41,0.17244574107571664,0.01998332516946791,0.009064916433030534,2.4751491099707894,0.5606716902782172,0.5975248169762941,141843.88107480135,0.17980534994619857,0.02948975439113329,0.01338147842875359,3.98624271575582,0.7172545779156769,0.4096157180687834,117885.94313328111,0.007359608870481926,1.0426778233172358,0.009506429221665377,1.4757180869335162,0.004316561995723056,1.4761833190781861,1.5110936057850304,1.6105060901972297,0.15658288763745976,1.2792773210262869,-0.18790909890751073,0.6855208460477195,-23957.937941520242,0.8310964296804173
target_sentence_shuffle,target_shuffle,42,0.1833279115695138,0.020763049419091687,0.009429750407340953,2.228905643273619,0.5256954371050011,0.6428471579123649,154884.33893490062,0.19280474792618407,0.03171268177410718,0.014413835951762821,3.380213708035727,0.6718061605670027,0.4823899190084306,125308.3868000433,0.009476836356670265,1.0516933634081418,0.010949632355015494,1.5273614743420065,0.004984085544421868,1.5285490418721226,1.151308064762108,1.516535129351484,0.1461107234620016,1.277937971585513,-0.16045723890393432,0.7503959737089501,-29575.952134857318,0.8090449148168016
target_sentence_shuffle,target_shuffle,43,0.1822428298579369,0.022454410494467062,0.01019861188097071,2.4032563122955333,0.5505864234304655,0.6101298137726073,160686.86780073537,0.19897606047941327,0.034724648150266726,0.01580000919152469,3.3189564105294633,0.663374436629644,0.48725329255369326,130451.04006651574,0.016733230621476358,1.0918183208273737,0.012270237655799664,1.5464511151284375,0.005601397310553979,1.5492313438710448,0.9157000982339301,1.381024734460343,0.11278801319917853,1.2048506980888494,-0.12287652121891407,0.7986059385298155,-30235.827734219638,0.8118338595552532
target_sentence_shuffle,target_shuffle,44,0.18917043126159308,0.023273410783564152,0.010583176788633963,2.2255399993194667,0.5228327284141135,0.6430275623859835,173006.28948165342,0.21215796042708496,0.036826219346230475,0.016792539530640527,2.7631232366552,0.6070597720150314,0.5616809693058975,139906.81237399147,0.022987529165491877,1.1215175596474811,0.013552808562666323,1.5823301400521441,0.006209362742006563,1.5867201185837247,0.5375832373357334,1.2415518200072233,0.08422704360091782,1.1610974964311034,-0.08134659308008596,0.8734943914703762,-33099.47710766195,0.8086804982244763
target_sentence_shuffle,target_shuffle,45,0.1832392077158481,0.02414015816172599,0.010975269372785368,2.3635897549053313,0.5507605489096286,0.6207942428652011,185126.20669793995,0.21063127494635114,0.03714245436401846,0.016944519012294323,2.6756570221974387,0.5996058325646472,0.5761585564304665,153037.16748720518,0.027392067230503053,1.1494880248108847,0.013002296202292471,1.5386168604880512,0.005969249639508956,1.5438818342597238,0.31206726729210743,1.1320310627693826,0.04884528365501861,1.0886869688662917,-0.04463568643473459,0.9280990651110873,-32089.039210734772,0.8266639835434393
target_sentence_shuffle,target_shuffle,46,0.17140158086740642,0.023431648607729748,0.010633828720478578,2.7051512385455068,0.6050190526100735,0.5710126206177764,194417.07777805286,0.20403084106838856,0.034059055957540926,0.0155239768503046,2.5485504159150616,0.5885244636786389,0.597335523444369,169230.98000924013,0.03262926020098214,1.190367323537309,0.010627407349811178,1.4535492797059022,0.004890148129826022,1.459867114367634,-0.15660082263044517,0.942110141422042,-0.01649458893143463,0.9727370752024269,0.026322902826592665,1.046098635783335,-25186.09776881273,0.8704532644114461
target_sentence_shuffle,target_shuffle,47,0.16083521314514931,0.02047520188524114,0.009278102614726058,2.8693917632330894,0.6290659902618343,0.5513371681397621,216625.63208323208,0.18351478346859,0.027792474775143492,0.012632326655176662,2.663996484376873,0.6076284907736071,0.5815098347760564,194082.4263561079,0.022679570323440673,1.1410112243382422,0.007317272889902353,1.3573724415298387,0.003354224040450604,1.3615204722747205,-0.20539527885621656,0.9284185305440078,-0.021437499488227152,0.9659217000743114,0.030172666636294365,1.0547263423887123,-22543.20572712418,0.8959347261432913
target_sentence_shuffle,target_shuffle,48,0.7049689644429431,0.38089305280652,0.19022603900876478,4.242491651651043,0.7156625432663305,0.34225892993213197,118.26929562691848,0.924591959319864,0.48880068155620326,0.25534319347516177,3.9420662251360774,0.6824605817778598,0.3803551674575698,104.34728707648637,0.21962299487692094,1.3115356929920348,0.10790762874968324,1.283301645838138,0.06511715446639699,1.3423146210916705,-0.3004254265149653,0.9291865603556395,-0.033201961488470655,0.9536066798495723,0.03809623752543784,1.1113082353523422,-13.92200855043211,0.8822855207124081
control,control,0,1.4390506360417419,0.7707816136393445,0.4465593551286172,3.6665594210805645,0.634265351882867,0.44082950208445315,33.10863497389326,1.4334614234468546,0.7713657918411235,0.44704255517752256,3.629517443501092,0.6320077508751721,0.44551104998516244,33.090804289724495,-0.005589212594887316,0.9961160417459268,0.0005841782017790287,1.0007579036531762,0.0004832000489053412,1.001082051114493,-0.03704197757947236,0.9898973469876166,-0.0022576010076948982,0.9964406048635804,0.004681547900709293,1.0106198606889105,-0.01783068416876432,0.9994614491299981
control,control,1,0.6575103687061801,0.3545459807412229,0.18002003825178825,1.8085232331420722,0.4056151742020763,0.7281563262478791,785.1108761386511,0.7038916390714762,0.3801046624856784,0.1975084194597967,1.5617641401636009,0.3375112581376164,0.7917294219060798,752.1446706636389,0.04638127036529616,1.0705407436471195,0.025558681744455525,1.0720884825430819,0.01748838120800844,1.0971468586316533,-0.24675909297847132,0.8635576870358346,-0.06810391606445992,0.8320972182580062,0.06357309565820068,1.0873069330931993,-32.9662054750122,0.9580107644959037
control,control,2,0.6320798849455771,0.3414007721166169,0.17115473672786907,2.0194200467023347,0.44948734027585285,0.6812002414421396,775.8390264440819,0.6529953092986824,0.34300954178520665,0.17445902204824826,1.720688202267872,0.383948128494686,0.749639799329253,762.0766763085747,0.02091542435310534,1.0330898433097158,0.001608769668589749,1.0047122613625359,0.0033042853203791855,1.0193058362422864,-0.29873184443446266,0.8520704769059132,-0.06553921178116684,0.8541911953698201,0.06843955788711331,1.100469074616184,-13.762350135507177,0.9822613330002418
control,control,3,0.6345113466379075,0.3469782277546954,0.1729453415000647,2.1703087142607593,0.489522039289288,0.6541587204749001,803.2038869951856,0.6976445402742634,0.4025011814627806,0.2050257145696609,2.020260529054227,0.46453324655427425,0.6845771230185461,682.3768576227267,0.06313319363635583,1.099498919869252,0.05552295370808519,1.1600185523634021,0.03208037306959621,1.1854942884853519,-0.1500481852065323,0.9308632065929054,-0.024988792735013754,0.9489526707066291,0.030418402543646028,1.0465000336929189,-120.82702937245892,0.8495686695136921
control,control,4,0.8339973876659063,0.48173963636553496,0.24832402924561903,2.404043530052318,0.5266084206327517,0.6128223629702682,612.1246668511808,0.8996764040308709,0.5239379339203027,0.27382936106464384,2.399930605256057,0.5285026767424843,0.6147168546163927,508.7877324514561,0.06567901636496465,1.0787520648568225,0.04219829755476778,1.0875956520249062,0.025505331819024812,1.102709882307421,-0.004112924796261019,0.9982891637585406,0.001894256109732595,1.003597086629289,0.001894491646124541,1.0030914205479369,-103.33693439972467,0.8311831886610629
control,control,5,0.5013338396608671,0.23120433385390318,0.11026205658019705,3.6238750534671866,0.6438035209369781,0.43433071113833555,943.4155431780822,0.4827439487545708,0.2193942502478873,0.10428311580488236,3.590308224923851,0.639772318124371,0.43453781764591765,887.8360670705692,-0.018589890906296314,0.9629191380341798,-0.011810083606015875,0.9489192810095527,-0.0059789407753146895,0.9457751745097208,-0.0335668285433357,0.99073731073807,-0.00403120281260716,0.9937384579572757,0.00020710650758209992,1.0004768405762485,-55.57947610751296,0.9410869616157865
control,control,6,0.47647798994963886,0.19719174924010818,0.09368937302279146,3.600225611629053,0.6408602686365693,0.43419308908737614,1080.40248620135,0.4576093820368139,0.19624774979942833,0.0928241628179739,3.6203069085849267,0.6440159837897815,0.43828758854943584,983.5600160901658,-0.018868607912824964,0.9603998331260177,-0.0009439994406798546,0.9952127842807175,-0.000865210204817557,0.9907651190536001,0.020081296955873462,1.0055777884835893,0.003155715153212224,1.0049241859835079,0.0040944994620596975,1.0094301350342918,-96.84247011118418,0.9103644508893356
control,control,7,0.6200086956945476,0.24918505747466924,0.12370837417410896,2.6190092847716606,0.5500310069035994,0.5711461151151296,1177.9414511744862,0.5897982298823926,0.2531005829471112,0.12427084232771612,2.9748361472680767,0.5860579491797759,0.515463406786762,1050.1636218596263,-0.03021046581215503,0.9512741256326028,0.00391552547244195,1.0157133237085223,0.0005624681536071652,1.0045467265765775,0.35582686249641604,1.1358631542714455,0.03602694227617653,1.065499838778044,-0.055682708328367636,0.902507069809893,-127.7778293148599,0.8915244648301852
control,control,8,0.43135247610186106,0.08676070248956218,0.04155905147315442,1.8737322701305459,0.4369168509602313,0.7157168471761338,2099.8232079639547,0.399137705694508,0.08742282436264068,0.04128755421964314,2.221621788193335,0.5045396039157728,0.6458990421099159,1853.4416954438996,-0.032214770407353044,0.925316829755091,0.0006621218730785,1.0076315872632604,-0.00027149725351127696,0.9934671931894278,0.347889518062789,1.1856666096898492,0.06762275295554149,1.1547725907246866,-0.06981780506621793,0.902450521679646,-246.38151252005514,0.8826655922338557
control,control,9,0.3076775207765565,0.037268650851730534,0.01738099561393336,1.7125574987661991,0.40173816493310205,0.7543165107857643,3310.3423629344024,0.29094209494636564,0.04257773423643241,0.01969455640612261,2.07537586004558,0.485986960173894,0.6751004472015744,2794.888515437826,-0.016735425830190886,0.9456072520706179,0.005309083384701874,1.1424544023522896,0.002313560792189251,1.1331086459282858,0.3628183612793807,1.2118576231977956,0.08424879524079193,1.2097107085994965,-0.07921606358418998,0.8949829912876144,-515.4538474965766,0.8442898676378412
control,control,10,0.3691538085392667,0.03877660885610277,0.018488595971597355,1.4217662184374873,0.30162225170618906,0.834559311772616,3561.931296956353,0.38442856633396394,0.045438139698739506,0.021738126403887947,1.5086246812777684,0.33682942341044836,0.8086021859452655,2974.9196255571533,0.015274757794697225,1.041377760273144,0.006661530842636737,1.171792506822487,0.0032495304322905927,1.1757586371678437,0.08685846284028109,1.0610919444510905,0.0352071717042593,1.1167260422730283,-0.025957125827350547,0.9688972066309031,-587.0116713991997,0.8351984857482236
control,control,11,0.25739813438724707,0.01222331257388041,0.005623570739859751,1.2503680131428674,0.22175373064996015,0.8927536858644424,6965.760553104622,0.25440498340966955,0.013301603733359762,0.006120825039330868,1.300556564002326,0.2513293881362822,0.8747917421342318,6088.395232480513,-0.002993150977577519,0.9883715125376054,0.001078291159479352,1.0882159522530168,0.0004972542994711171,1.0884232316770135,0.050188550859458614,1.040139023336231,0.029575657486322043,1.1333716343734215,-0.01796194373021054,0.9798802917136118,-877.3653206241088,0.8740460120707034
control,control,12,0.2697664106830141,0.014025725455895772,0.006456694256415596,1.2548298762184205,0.22465509944705128,0.8911108577760549,7140.369741890135,0.24541264761440104,0.015442671523980956,0.007063797421653972,1.3827092767839746,0.29231619013554083,0.8471874038611118,6277.875724358746,-0.02435376306861306,0.9097227745742617,0.0014169460680851838,1.1010247970017508,0.0006071031652383763,1.0940269339129864,0.12787940056555414,1.1019097512643163,0.06766109068848955,1.3011776311943248,-0.04392345391494312,0.950709326979234,-862.4940175313886,0.8792087736757623
control,control,13,0.22782279154093057,0.01224697639375093,0.0055885165372668855,1.3168969567290956,0.26030867823381815,0.8690846404372212,8234.672867484178,0.21199044692681307,0.014162102468101203,0.006441243928403617,1.4733974978527993,0.33237148571368125,0.819097827301155,7158.998493078203,-0.015832344614117505,0.9305058791178775,0.001915126074350272,1.1563754196644893,0.0008527273911367317,1.152585643130472,0.1565005411237037,1.1188403848326147,0.0720628074798631,1.2768359778380383,-0.04998681313606623,0.9424833775547325,-1075.674374405975,0.8693725431822027
control,control,14,0.1608723623653509,0.005149288488226893,0.0023328929593354752,1.2469454681375214,0.22398213849795667,0.8941143056560773,14091.915607016395,0.14350696776816807,0.005847305255918816,0.0026441296158546956,1.38594214136002,0.2986280006584473,0.846291204133605,12405.660764628528,-0.017365394597182837,0.8920548294141598,0.0006980167676919231,1.1355559643147362,0.0003112366565192204,1.1334123171576906,0.13899667322249853,1.1114697288478836,0.07464586216049063,1.3332670303968828,-0.04782310152247227,0.9465134365696929,-1686.254842387867,0.8803388489249624
control,control,15,0.13805558359868583,0.0033797729641050767,0.001527674677355706,1.2175227520106588,0.20571480834621605,0.9051647015701593,18562.94164689991,0.13176963406597153,0.0038394035360821543,0.001734507979798905,1.2708408577083594,0.23845617619481863,0.8853785251270825,16735.932553575996,-0.006285949532714302,0.9544679804335808,0.0004596305719770776,1.1359945107918774,0.00020683330244319897,1.1353909339296122,0.05331810569770057,1.043792286927374,0.03274136784860257,1.1591590226812452,-0.019786176443076786,0.9781407997796064,-1827.0090933239153,0.9015776094071257
control,control,16,0.09662618412438975,0.002677080489830577,0.001207434621690262,1.3880075235354579,0.30113884182855455,0.8456283669897651,22977.23511972251,0.10174509243349233,0.002997033370460615,0.0013519909437805788,1.4253415751798035,0.3193853717681952,0.8339843209409684,21182.25510211054,0.005118908309102582,1.052976409597836,0.00031995288063003816,1.1195155994472066,0.00014455632209031677,1.1197218618497402,0.03733405164434567,1.0268975859354301,0.018246529939640654,1.0605917517241708,-0.011644046048796652,0.9862303034000233,-1794.9800176119716,0.9218800691963477
control,control,17,0.12997332506753487,0.0022800700153850655,0.0010301536109407206,1.1700760407117472,0.17709736005631577,0.9238716949452295,27073.095868172408,0.08601130688478871,0.0025092304140554634,0.0011309097007614621,1.5743455534851432,0.3852001439847001,0.7915025785608765,24856.853194960346,-0.04396201818274616,0.6617612255394327,0.00022916039867039786,1.1005058599181616,0.00010075608982074158,1.0978068587566525,0.40426951277339596,1.3455070428808513,0.20810278392838433,2.1750755847519914,-0.132369116384353,0.8567234854044781,-2216.242673212062,0.9181385577769289
control,control,18,0.10656467139989222,0.00222956790434324,0.0010076014283159074,1.1742913452807178,0.18076322343712584,0.9221862511198309,31363.838137905066,0.09388004938730297,0.002423600955859029,0.0010929467763084455,1.4018676951292681,0.31576772150818105,0.8417637249497872,29045.443200344816,-0.012684622012589242,0.8809678494116481,0.00019403305151578874,1.0870271993289737,8.534534799253812e-05,1.084701494568623,0.22757634984855035,1.1937988819912095,0.13500449807105522,1.7468582132043382,-0.08042252617004364,0.9127914495870031,-2318.3949375602497,0.9260806369626576
control,control,19,0.10072371577794606,0.002016067485534855,0.0009107655771527501,1.1685445504998557,0.17654823771038777,0.9244850675876819,36051.871535572966,0.10409625547425232,0.002137043822935928,0.0009642441941231095,1.2655456839123655,0.24341836311414022,0.8875996840326165,35282.51537563957,0.0033725396963062565,1.0334830746584829,0.0001209763374010733,1.0600060946417043,5.347861697035938e-05,1.0587183104557232,0.09700113341250982,1.083010214176202,0.06687012540375245,1.3787640492456705,-0.03688538355506543,0.9601016989357406,-769.3561599333989,0.9786597442195404
control,control,20,0.11382943041776147,0.0019692336346153663,0.0008902094235558877,1.1354081288068296,0.1505333001059591,0.938094095875018,38126.44525836696,0.10872227091673645,0.0021196732410403403,0.0009563658886836413,1.2416133221908479,0.22881780121709144,0.8963514477837093,38227.88111839507,-0.005107159501025027,0.9551332244812563,0.00015043960642497408,1.0763950009303813,6.615646512775353e-05,1.074315618665527,0.10620519338401824,1.093539222318703,0.07828450111113233,1.5200477306649658,-0.041742648091308676,0.955502706737187,101.4358600281048,1.0026605118662575
control,control,21,0.1105753754251464,0.0019513970324040613,0.0008827851377537499,1.1214114823065706,0.13829265587527229,0.9439969666729056,41185.4737443663,0.11204201483141255,0.0021089977096463257,0.000951527507925265,1.2484759405187447,0.23403042453590947,0.8938687997041116,43143.138987476246,0.0014666394062661514,1.0132637072188437,0.00015760067724226437,1.0807629987872547,6.874237017151508e-05,1.0778698758664655,0.12706445821217405,1.11330761296443,0.09573776866063718,1.6922838241337406,-0.050128166968793963,0.9468979575788083,1957.6652431099428,1.0475329057827756
control,control,22,0.13942108787842014,0.001964261921665515,0.0008904902825829231,1.089735740356863,0.10969325694729204,0.9577612449413159,47127.331120366885,0.14134051737851666,0.0022148621121812683,0.0010017551154166693,1.13837678224309,0.15426550544408352,0.9368838130426784,50110.73490379452,0.00191942950009652,1.0137671390195762,0.0002506001905157535,1.1275798235581982,0.00011126483283374622,1.1249478336653689,0.048641041886226866,1.0446356305330073,0.04457224849679148,1.4063353549325484,-0.020877431898637444,0.978201841001726,2983.4037834276314,1.0633051715958153
control,control,23,0.1548751747593049,0.0021643254592776176,0.000981585593146761,1.0936254314084375,0.11272777877653989,0.9560240864422965,55192.68469430886,0.14323816263217368,0.0024851062901790327,0.001124225464197659,1.156606068706594,0.16823756767651601,0.9293424153664653,58064.30749583914,-0.011637012127131224,0.9248619919484098,0.00032078083090141506,1.14821284311846,0.00014263987105089804,1.1453157736844,0.0629806372981565,1.057588855826065,0.055509788899976126,1.4924233361194907,-0.026681671075831193,0.9720910053886872,2871.622801530277,1.0520290472810863
control,control,24,0.1769596998407415,0.0026920271362541035,0.0012259328047699025,1.087781124546373,0.10859817839167388,0.9586404491349741,60052.71844974836,0.16049443200383262,0.0033603571904810793,0.0015237239818229886,1.1556475256600127,0.1679380126399149,0.92974979352201,59773.92367333641,-0.01646526783690888,0.9069547029485578,0.0006683300542269757,1.248262747421142,0.0002977911770530861,1.242909868021738,0.06786640111363962,1.0623897579955515,0.05933983424824102,1.5464164788536097,-0.02889065561296411,0.969862886924912,-278.7947764119526,0.995357499483637
control,control,25,0.171004405527355,0.0029932226394202366,0.00136430756759931,1.098635913152684,0.11838207968054434,0.9538399907250139,64932.253188181785,0.1568114083742479,0.0037596934615441568,0.0017051783711334867,1.1835219612800842,0.1877288433296994,0.918494298222748,63428.3381571606,-0.014192997153107095,0.9170021549429983,0.0007664708221239202,1.2560687637376384,0.00034087080353417676,1.2498489419685164,0.0848860481274003,1.0772649492976532,0.06934676364915507,1.585787678630942,-0.035345692502265935,0.9629437926204346,-1503.9150310211844,0.9768387056173355
control,control,26,0.15971147966335406,0.003530859135898817,0.0016069582445608077,1.135871114048116,0.150385147860496,0.9378776195037001,67134.05435117787,0.1557925495968582,0.0042898737205875415,0.001947089043734529,1.2006354808327206,0.19941177012940306,0.9117758274180542,65451.168005327025,-0.0039189300664958515,0.9754624396710131,0.0007590145846887246,1.2149659769082075,0.00034013079917372124,1.2116612544932803,0.06476436678460473,1.0570173552109576,0.049026622268907055,1.3260070755993825,-0.026101792085645892,0.9721692984843476,-1682.8863458508422,0.9749324487830323
control,control,27,0.18062264248032228,0.004978492672395839,0.002272021325403939,1.1552154842101847,0.16554207046040853,0.929861388316407,69683.11062708289,0.1745259751758626,0.0057880069171389655,0.0026344037501674356,1.210176021630058,0.20498734191506804,0.9080646739937513,66561.63477680655,-0.00609666730445968,0.9662463840540362,0.0008095142447431267,1.1626022768033835,0.0003623824247634966,1.159497809088377,0.05496053741987339,1.0475760047974096,0.03944527145465951,1.2382794376300559,-0.02179671432265562,0.9765591790373219,-3121.4758502763434,0.955204699931074
control,control,28,0.16381188303949762,0.006552395885412259,0.0029778289213929776,1.2983928121928605,0.25855610980030813,0.8756612414101114,71000.46616119139,0.1634043416193922,0.007805555549104571,0.003541913891490056,1.4077682439337595,0.31378159800460004,0.8394403359943374,65625.74676536833,-0.00040754142010540617,0.9975121376206593,0.0012531596636923123,1.191252128903108,0.0005640849700970785,1.189428265960887,0.10937543174089903,1.0842390921396816,0.055225488204291906,1.213591890153866,-0.03622090541577394,0.9586359385298308,-5374.719395823064,0.924300223837673
control,control,29,0.16070007049884347,0.008074879824152488,0.0036655960496654316,1.4315197805925823,0.32650056985407816,0.8321886683148298,74962.39379688782,0.16470095782247374,0.009641786066129579,0.004373462820711382,1.5625901190090914,0.37753721013516844,0.7940188340169334,67762.58562116664,0.00400088732363027,1.0248966121183758,0.001566906241977091,1.194047004402013,0.0007078667710459507,1.1931109593806575,0.13107033841650906,1.0915602705546692,0.051036640281090284,1.1563140925075373,-0.03816983429789644,0.9541331962905192,-7199.808175721177,0.9039543988519202
control,control,30,0.16981082435319833,0.009990079518583035,0.004540938592640487,1.4759319814192908,0.3469741428007846,0.8190403801609086,73825.66810982702,0.17502986480147684,0.011927367723704573,0.005417739175186731,1.6213334979925098,0.3990729475406193,0.7784433730040723,66782.2718494665,0.005219040448278506,1.0307344391450124,0.0019372882051215384,1.1939211995584191,0.0008768005825462444,1.193087962645914,0.14540151657321898,1.0985150524567526,0.05209880473983469,1.1501518364398615,-0.04059700715683634,0.9504334485317915,-7043.396260360518,0.9045942090238536
control,control,31,0.1737306534673356,0.010138985685759298,0.004607683145452457,1.4733047159478059,0.34676973485985746,0.819981157634007,76342.55934740427,0.1883527583073696,0.013723327999215074,0.006241026212106648,1.6178248360453256,0.3970791139128974,0.7793352951046184,65881.6058856539,0.014622104840034011,1.0841653706304573,0.003584342313455776,1.3535207981540638,0.0016333430666541915,1.3544825053588445,0.1445201200975197,1.0980924845566986,0.05030937905303995,1.1450800747424708,-0.04064586252938862,0.9504307359359091,-10460.953461750367,0.8629735032310513
control,control,32,0.1767241777074783,0.012790501005984101,0.0058112454340569775,1.6204967762012779,0.40217617152293567,0.7793761557354871,77046.49200729586,0.19307838658247337,0.017816314545137855,0.008101314270967164,1.8298951481605013,0.46110713803917347,0.7283560045203673,66356.89637069202,0.016354208874995058,1.0925408684089208,0.005025813539153753,1.3929332819261315,0.0022900688369101863,1.3940753942511348,0.2093983719592234,1.1292186291471433,0.058930966516237804,1.1465302290086834,-0.051020151215119824,0.934537192547407,-10689.595636603844,0.8612578540812527
control,control,33,0.1824440935787195,0.01503302803271995,0.006830791334069497,1.7336811089143092,0.43641949723404017,0.7511812783723263,78349.09146311878,0.19986093875993732,0.020648022340226623,0.009395039275816863,1.9161135642463647,0.4836349947888482,0.7102610928143687,68635.20974762857,0.017416845181217833,1.095464012226888,0.005614994307506673,1.3735105325362207,0.0025642479417473663,1.3753954432164304,0.18243245533205554,1.1052283804633458,0.04721549755480803,1.1081883322192168,-0.04092018555795762,0.9455255519046352,-9713.881715490206,0.8760179405518338
control,control,34,0.18595096578670864,0.016982255875058857,0.007716915404641478,1.8676053594283741,0.47349876802497237,0.7208435122891161,81218.27026355648,0.20226501214409118,0.02371451198005454,0.010792505833600252,2.108556710950492,0.5259955954118841,0.6724459660964106,71714.27536666514,0.01631404635738254,1.0877330552561233,0.006732256104995685,1.3964288462692784,0.0030755904289587743,1.3985517873774218,0.24095135152211777,1.1290162026493316,0.05249682738691175,1.1108700400737521,-0.04839754619270553,0.9328598435464214,-9503.994896891338,0.8829820572877198
control,control,35,0.17584529998592244,0.017494193747037746,0.007940020709691353,2.102146459759541,0.5249663756192955,0.6734928838351569,90264.1240491922,0.18274300375387958,0.0239496798554616,0.010876464550137577,2.7008377513424513,0.6190152249966706,0.577566764953313,79304.52339017947,0.006897703767957147,1.0392259774214614,0.006455486108423853,1.3690073518334014,0.0029364438404462234,1.3698282342629482,0.5986912915829103,1.2847999904108052,0.09404884937737512,1.1791521395351234,-0.09592611888184388,0.8575692168617179,-10959.600659012736,0.878582983278717
control,control,36,0.18976032813459426,0.020165256386156946,0.009163299955060267,2.0919515652102962,0.5212688217503344,0.6747245788943821,91106.46721431118,0.1952669238609981,0.027993576893896678,0.012728436983795888,2.760171378488628,0.6256702757561511,0.5687350864830666,79915.30990120085,0.005506595726403829,1.029018687833787,0.007828320507739732,1.3882083300327148,0.003565137028735621,1.3890669349285867,0.6682198132783319,1.3194241321786238,0.10440145400581669,1.2002833272361344,-0.1059894924113155,0.8429144339371258,-11191.157313110336,0.8771639637086882
control,control,37,0.20100620033274838,0.02017474488689675,0.009176908739002343,1.8908334603986585,0.4722992809352708,0.714002444102972,99926.52924621606,0.20585512463656355,0.029547773207279478,0.01344503532870045,2.5981236110750743,0.601979420587192,0.5904979519415355,84487.75573746074,0.004848924303815172,1.024123257366012,0.00937302832038273,1.4645921607170262,0.004268126589698107,1.465094152031092,0.7072901506764158,1.3740626371853597,0.1296801396519212,1.2745719607996173,-0.12350449216143644,0.8270251128937987,-15438.773508755316,0.8454987516807011
control,control,38,0.20144427493918654,0.021053581881953776,0.009579102226515146,1.9062750495818752,0.47404812860922574,0.7104215915048048,105997.14190749607,0.20867307035803162,0.032289878724692835,0.014703290898141597,2.6745639592038226,0.6092893529591289,0.5786412589910955,88461.68170954174,0.00722879541884508,1.0358848392191413,0.011236296842739059,1.5337000090629058,0.005124188671626451,1.534934125236461,0.7682889096219474,1.403031508904794,0.13524122434990316,1.285290071169339,-0.13178033251370924,0.8145040436687904,-17535.460197954337,0.8345666696064544
control,control,39,0.20154439314692676,0.022395634884690256,0.010191133453979595,1.9785832136528432,0.4901192106034647,0.6953974834950629,112896.77848874345,0.21007643258916478,0.03483278131236947,0.01586401048748276,2.884332009954961,0.6303497712788475,0.5484383887236645,93299.35711719478,0.008532039442238015,1.042333300906941,0.012437146427679215,1.555337970553626,0.005672877033503165,1.556648292122137,0.9057487963021178,1.4577764483448106,0.1402305606753828,1.2861152096067328,-0.14695909477139846,0.7886689292667961,-19597.42137154867,0.8264129266230332
control,control,40,0.19955240658536763,0.023641091192706985,0.01075760856281871,2.1062481631131487,0.5133387648807329,0.6691470392193392,123395.43588963922,0.21102960611277133,0.03626182878775607,0.01651647200517703,3.0192177450489583,0.6428772434550818,0.5293713315406918,101225.53660282945,0.011477199527403698,1.0575147136671403,0.012620737595049086,1.5338475068954769,0.00575886344235832,1.535329335250887,0.9129695819358097,1.4334577463013465,0.12953847857434886,1.2523450154854232,-0.13977570767864733,0.7911136125738405,-22169.89928680977,0.820334527553857
control,control,41,0.17438075593846405,0.021185297532402694,0.0096095171764633,2.62686622071772,0.5906755488453976,0.5775044607819103,139298.18279961066,0.18792757773068042,0.03175108744024213,0.014421825284378742,3.6808986890128046,0.695695760650079,0.44334133312363944,116363.45067845208,0.013546821792216363,1.0776853025910675,0.010565789907839438,1.4987321934082087,0.004812308107915442,1.500785629292749,1.0540324682950848,1.4012509125819501,0.10502021180468135,1.1777967820215145,-0.13416312765827088,0.7676846903011124,-22934.73212115858,0.8353551233747847
control,control,42,0.17988695993814105,0.021902098443362945,0.009943810546700904,2.4252077389017366,0.5642739425979085,0.6111249128924015,151356.94514032608,0.20289489913168388,0.03476162458415634,0.01582546594259071,3.0972244568201144,0.6459410051955554,0.5162110612329087,122511.9749076831,0.023007939193542826,1.1279022070322764,0.012859526140793394,1.5871367153453333,0.005881655395889807,1.591489084257513,0.6720167179183778,1.277096558425723,0.08166706259764689,1.144729459277365,-0.09491385165949273,0.8446899321922283,-28844.97023264297,0.8094242044466462
control,control,43,0.17868500704194726,0.02362212756002682,0.01072548841383425,2.640630131096589,0.5915306469015263,0.5751159370849608,157214.28141999856,0.20754950838128236,0.03776747718522097,0.01721137370875725,3.116121003822321,0.6444664511686434,0.5114372488553817,127981.4453101306,0.028864501339335102,1.1615384626612655,0.014145349625194151,1.59881776472717,0.0064858852949229995,1.6047170108311781,0.4754908727257319,1.1800671995388812,0.05293580426711708,1.0894895379357072,-0.06367868822957912,0.8892767803423586,-29232.83610986796,0.8140573754125281
control,control,44,0.18431925644381972,0.024265126781330366,0.011030513611403725,2.4033940327681935,0.5595393509117049,0.614535969724757,169322.7361130409,0.22316702007995443,0.04014680635537566,0.018344592159369233,2.5993831365952413,0.5861864755287041,0.5850561920132242,137224.26512188392,0.03884776363613471,1.2107634567566992,0.015881679574045293,1.6545063504308655,0.007314078547965508,1.6630768796423843,0.19598910382704782,1.0815468047077694,0.02664712461699914,1.0476233254596539,-0.029479777711532762,0.9520292071338178,-32098.470991156995,0.8104302367891819
control,control,45,0.1803358810089561,0.02507717023951705,0.011400804506063844,2.493410589731082,0.5793464344799801,0.6028699032057134,181860.7721378699,0.22297703783200443,0.04055255996013605,0.01853916368247366,2.527404676950066,0.5792629668263215,0.5977716978659492,149869.23154441037,0.04264115682304834,1.236454091017495,0.015475389720618998,1.6171106855834751,0.007138359176409814,1.626127671164517,0.03399408721898389,1.0136335697610221,-8.346765365863096e-05,0.9998559279048064,-0.005098205339764239,0.9915434402784972,-31991.540593459533,0.8240877336141159
control,control,46,0.16934382525284575,0.024114550174362512,0.010943234847210936,2.8384794725257976,0.6307573992784551,0.5566076794532531,191153.3129871113,0.21585071740157108,0.036622418372961096,0.016727116485011018,2.356258948542041,0.5585232804497022,0.6272089618956068,167687.57179370362,0.04650689214872533,1.2746299847544584,0.012507868198598584,1.5186855283072083,0.005783881637800081,1.5285349091951237,-0.4822205239837567,0.8301130839056282,-0.07223411882875286,0.8854803464655835,0.07060128244235375,1.126842091921149,-23465.74119340768,0.8772412529675074
control,control,47,0.15597928244230647,0.020966207942363313,0.009496129001475118,3.2620317103986767,0.6779514685976425,0.5069930653383665,211926.00126019158,0.1995350345900818,0.029534078310057017,0.01345512848904884,2.2909401120561097,0.551496119105856,0.6390938976994298,193551.28876926043,0.04355575214777532,1.2792406239117458,0.008567870367693704,1.4086514065795002,0.003958999487573722,1.4169066664471206,-0.971091598342567,0.70230467249977,-0.1264553494917865,0.8134743335622894,0.1321008323610633,1.2605574738416567,-18374.712490931153,0.9132965639814453
control,control,48,0.7195800502954782,0.3885138671642058,0.19448575174660232,4.455429063309747,0.738242759966063,0.3202296205516454,116.15932867539976,0.9327462057851483,0.4779787773705647,0.2507157730663555,3.900675040457131,0.6726757375776545,0.3680394159884044,108.35836240965916,0.2131661554896701,1.2962368890033045,0.08946491020635894,1.2302746896993415,0.05623002131975319,1.2891215465065369,-0.5547540228526162,0.8754880809523228,-0.0655670223884085,0.9111850112931229,0.047809795436759006,1.1492984794887178,-7.800966265740598,0.932842533142208
question_only,question_only,0,1.4390506360417419,0.7707816136393445,0.4465593551286172,3.6665594210805645,0.634265351882867,0.44082950208445315,33.10863497389326,1.4334614234468546,0.7713657918411235,0.44704255517752256,3.629517443501092,0.6320077508751721,0.44551104998516244,33.090804289724495,-0.005589212594887316,0.9961160417459268,0.0005841782017790287,1.0007579036531762,0.0004832000489053412,1.001082051114493,-0.03704197757947236,0.9898973469876166,-0.0022576010076948982,0.9964406048635804,0.004681547900709293,1.0106198606889105,-0.01783068416876432,0.9994614491299981
question_only,question_only,1,0.6334089999910144,0.3373306810368822,0.16993634467661445,1.8668498367540431,0.41893336136951065,0.7147042157044438,786.2840502248341,0.6757606567414801,0.3620921148746542,0.18618407190531783,1.6290667740628002,0.35759135648767343,0.773211409706949,758.5760985385833,0.042351656750465705,1.06686304859893,0.024761433837772018,1.0734040371323097,0.01624772722870338,1.0956106667971872,-0.23778306269124294,0.8726287149556938,-0.06134200488183722,0.8535757460753156,0.05850719400250526,1.0818621084300672,-27.707951686250794,0.9647608880298044
question_only,question_only,2,0.6054334489818922,0.3242145441930499,0.16100972167114347,2.155345939812999,0.4747084190034549,0.654001278520914,765.7563631914829,0.6227724480084348,0.3247283290591228,0.16338354784225206,1.8213322971819892,0.40828926811652455,0.7251760047705242,765.6183354787204,0.017338999026542568,1.0286389842759291,0.0005137848660728972,1.0015847064059082,0.002373826171108595,1.014743371676291,-0.33401364263100985,0.8450301473828213,-0.06641915088693034,0.8600843207558385,0.07117472624961019,1.1088296438952991,-0.13802771276255044,0.9998197498324555
question_only,question_only,3,0.62718008114328,0.3443469057346442,0.17114860286788436,2.274601586788367,0.5048240339840494,0.6346223076809021,772.6586006197099,0.6418965381895061,0.3593794906420329,0.18000499953407378,2.217754806156234,0.49910739502257034,0.6464219186238448,697.7123766484409,0.014716457046226039,1.0234644841053882,0.01503258490738868,1.043655350624609,0.008856396666189426,1.051746824202674,-0.05684678063213289,0.9750080273559586,-0.005716638961479059,0.9886759770184628,0.011799610942942684,1.0185931234989885,-74.94622397126898,0.903002148800053
question_only,question_only,4,0.8186006824368234,0.47879491792259543,0.24637139940906427,2.474119140298307,0.5375587701208631,0.6016368591830733,606.8016492035167,0.823955661269127,0.478939706837185,0.24603775995282584,2.7605902607975565,0.5728034543384865,0.5586259424653578,521.6428897021325,0.005354978832303625,1.0065416251735295,0.00014478891458957754,1.0003024027786624,-0.0003336394562384326,0.9986457865724783,0.2864711204992494,1.1157871162435586,0.03524468421762339,1.0655643367303513,-0.04301091671771551,0.9285101701098467,-85.15875950138422,0.8596596439492808
question_only,question_only,5,0.4120831274906487,0.17163196530992467,0.08051027273295852,3.554501233712075,0.6444847209197379,0.449827055333736,1114.3395339904305,0.4192450927051761,0.1761230024045557,0.08276202694684276,3.638680200112108,0.6496851090730842,0.4309495530017558,1015.0137275203273,0.007161965214527444,1.0173799040429594,0.0044910370946310285,1.0261666705586874,0.0022517542138842384,1.0279685329141166,0.08417896640003297,1.0236823567820508,0.005200388153346336,1.008069063522432,-0.01887750233198021,0.958033866329066,-99.3258064701032,0.9108657608920864
question_only,question_only,6,0.4531565865351162,0.1882829155325288,0.08899331801043586,3.7889325657374555,0.6502302358251544,0.39108823091530837,1129.057671445366,0.43036782083055497,0.18226753020237244,0.08579847349725589,3.855090850238029,0.6624406385628149,0.40416776619756917,1054.154903531522,-0.02278876570456123,0.9497110570989241,-0.006015385330156359,0.9680513480784444,-0.003194844513179973,0.9641001753213715,0.06615828450057348,1.0174609295234789,0.012210402737660497,1.018778583436906,0.013079535282260801,1.0334439501045989,-74.90276791384395,0.9336590416874296
question_only,question_only,7,0.5321742362811714,0.2207988289790955,0.10625959142286212,3.234564962654942,0.6083814293590712,0.4652587415074196,1265.5596281246014,0.5137452916005286,0.22034448685477287,0.10570127956272857,3.712745141343627,0.6489910120048279,0.40125551393035025,1115.2494937829915,-0.018428944680642823,0.9653704681188825,-0.000454342124322632,0.997942280185899,-0.0005583118601335535,0.9947457744411373,0.4781801786886848,1.1478344643587077,0.04060958264575665,1.0667502009183154,-0.06400322757706933,0.8624351960146651,-150.3101343416099,0.8812303023885558
question_only,question_only,8,0.39672586305124374,0.08520973124942564,0.04008134736012681,2.113540790679334,0.48490294619067104,0.6649073473943964,2156.1503520908127,0.3593132775503916,0.08229944264136194,0.03834023373674478,2.6730043348571524,0.5711381868752327,0.5708992078819111,1929.1352456537413,-0.037412585500852136,0.9056966308825564,-0.0029102886080637075,0.9658455839919202,-0.001741113623382029,0.9565605016045279,0.5594635441778184,1.264704398724536,0.08623524068456162,1.1778402077381374,-0.09400813951248532,0.8586146778468638,-227.01510643707138,0.8947127661032839
question_only,question_only,9,0.2791666115006328,0.034215639122509627,0.015816893289296585,1.862572767711815,0.44360547787748217,0.719548211881494,3508.0072303797533,0.2804303497360181,0.038543637063754126,0.017799351623155824,2.1244779215965397,0.5054049161192922,0.6671742484819618,2965.0942867180543,0.001263738235385281,1.0045268244206844,0.004327997941244499,1.1264918046575587,0.0019824583338592383,1.1253380355088725,0.2619051538847248,1.1406147230453372,0.06179943824181,1.1393117112447806,-0.05237396339953215,0.927212711343538,-542.912943661699,0.8452360819099772
question_only,question_only,10,0.33219528504028356,0.034683621189254596,0.01629595001318107,1.5106667617805778,0.3392947301513054,0.8080327416493479,3824.8054926150626,0.3303267893634244,0.037165320030764004,0.0174130272073999,1.646387487665287,0.3919969405010898,0.7716527531954078,3336.551962470601,-0.0018684956768591499,0.9943753094580288,0.0024816988415094082,1.0715524721855374,0.0011170771942188296,1.0685493752893649,0.1357207258847093,1.0898416045929609,0.052702210349784395,1.1553287029395565,-0.03637998845394008,0.9549770862247035,-488.25353014446137,0.8723455268281792
question_only,question_only,11,0.23260576369789482,0.012021331830591332,0.005498550354349541,1.3144878215707065,0.2598259800451984,0.8699503442861504,7257.550943155634,0.20119640096279368,0.012862150769512167,0.005851098731299187,1.5316721799505926,0.361787640629035,0.8028412827943281,6471.98130551052,-0.03140936273510114,0.8649673927394157,0.0008408189389208353,1.0699439088530285,0.00035254837694964625,1.064116604043946,0.21718435837988603,1.1652235607015384,0.1019616605838366,1.39242288459648,-0.06710906149182227,0.922858744831221,-785.5696376451142,0.8917583019674205
question_only,question_only,12,0.23250370671260295,0.01337373389716051,0.006112826787692094,1.3632976731568551,0.28597069552564464,0.8536052902668164,7526.697607996518,0.18375142280198528,0.013705601977529796,0.006220322060713768,1.7970082365213185,0.4517338984433963,0.736506185075811,6835.280921161121,-0.04875228391061767,0.7903161003292282,0.00033186808036928667,1.0248149157068942,0.00010749527302167383,1.0175851984257962,0.43371056336446334,1.3181334288929314,0.16576320291775165,1.579651011483822,-0.11709910519100541,0.8628182058767866,-691.4166868353968,0.9081381074615217
question_only,question_only,13,0.19399736146080657,0.011319121967675325,0.005143126955142074,1.4694772997598802,0.33644990285694215,0.8206536993153765,8815.233907769378,0.18500240780091784,0.012321957194475666,0.005593234383372447,1.617827467681245,0.4005617937427229,0.7802552069476454,7925.911778886963,-0.008994953659888727,0.953633628864279,0.0010028352268003412,1.088596556214837,0.000450107428230373,1.0875162971998662,0.1483501679213648,1.1009543787743472,0.06411189088578073,1.19055404783948,-0.040398492367731076,0.9507727895427951,-889.3221288824152,0.8991153112683028
question_only,question_only,14,0.1368205519297415,0.005133710209507347,0.0023216585714929128,1.3492602134669394,0.2837417185568384,0.8583943690443862,14897.107577132252,0.12761491479829382,0.00574184603927398,0.0025930782110922257,1.5492778355764274,0.3793968712261741,0.7987174184869875,13426.860238725778,-0.009205637131447675,0.9327174389918587,0.0006081358297666331,1.1184593215881058,0.0002714196395993129,1.1169076460316352,0.20001762210948804,1.1482424369383812,0.09565515266933572,1.3371205092945726,-0.059676950557398634,0.9304783993110709,-1470.2473384064742,0.9013065233775063
question_only,question_only,15,0.11293819887580132,0.003352274112077707,0.0015128134665459703,1.3830603676419484,0.30189393326260994,0.8474452117815363,19508.592577715608,0.11343767466362724,0.0037641235222925546,0.0016981826536419664,1.4613962010558044,0.34596321234389893,0.8238917340649466,18115.87650333231,0.0004994757878259148,1.004422558459346,0.0004118494102148475,1.1228567221302588,0.00018536918709599615,1.1225327445006787,0.07833583341385597,1.0566394896748854,0.04406927908128899,1.1459760340457332,-0.023553477716589666,0.9722064891156247,-1392.7160743832974,0.9286101204464038
question_only,question_only,16,0.09259631926701634,0.002668562409784372,0.0012036853772043887,1.420776401854776,0.32203659159111553,0.8356996639486155,24191.66887185409,0.09937595043628472,0.0030674008917025136,0.0013833064631965097,1.4887274224529834,0.3607962856378335,0.8161336133636625,22127.448983331004,0.006779631169268385,1.0732170697697498,0.00039883848191814156,1.1494581799197683,0.000179621085992121,1.1492259424635305,0.06795102059820746,1.0478266816006037,0.038759694046717974,1.120358043333194,-0.019566050584952976,0.9765872221445184,-2064.2198885230864,0.9146722824515545
question_only,question_only,17,0.103282947468585,0.002402095590197158,0.0010841300716020186,1.2647967869667722,0.24213720952074175,0.8878394687886838,27585.976947049883,0.08887649168998131,0.0030038463426645856,0.0013541585282557111,1.6716417004729123,0.43172511236684413,0.7678545588956119,24536.992709981732,-0.014406455778603694,0.8605146722420355,0.0006017507524674276,1.2505107430664433,0.00027002845665369257,1.2490738542152953,0.40684491350614005,1.321668206068511,0.18958790284610239,1.7829771525804219,-0.11998490989307187,0.8648574273706968,-3048.984237068151,0.8894734000930782
question_only,question_only,18,0.10073670706453905,0.002257380800145602,0.0010201453524718573,1.1984775957223752,0.19970011768258863,0.9126999317365481,31836.278343364782,0.11141755154224428,0.0026147469617742985,0.0011808804097533931,1.2503811889854637,0.23818620561245354,0.8932964886224057,30014.89524123343,0.010680844477705231,1.1060273339067586,0.00035736616162869656,1.1583100912559088,0.0001607350572815358,1.1575609355416918,0.051903593263088466,1.043307937876603,0.03848608792986491,1.1927194053527976,-0.019403443114142327,0.9787406107523169,-1821.3831021313526,0.9427890696743151
question_only,question_only,19,0.10451767868957537,0.0021953814192234187,0.0009928891641945992,1.163316386559172,0.17366776090988728,0.9266246542700575,36229.600212472746,0.1294406615042631,0.002242423791772125,0.0010143430956786048,1.146661933850583,0.1632522138065757,0.9335009294142343,36941.04132611899,0.024922982814687716,1.2384571024340505,4.704237254870647e-05,1.0214278808754422,2.145393148400565e-05,1.0216075784045855,-0.016654452708589007,0.9856836429865525,-0.010415547103311579,0.9400260183601029,0.00687627514417688,1.0074207772386397,711.441113646244,1.0196370125387504
question_only,question_only,20,0.1092808560024758,0.0020320557937888177,0.0009186485436553093,1.1444789807811682,0.15832598277114626,0.934322119752529,39174.521742029676,0.13178769141350286,0.002165572279336719,0.000979720610917889,1.1358476796806702,0.15366764912665073,0.9379718630270726,40884.926803950795,0.02250683541102705,1.2059540548374839,0.00013351648554790112,1.0657051272363203,6.107206726257974e-05,1.066480338555911,-0.008631301100497923,0.9924583140045096,-0.004658333644495527,0.9705775794728554,0.003649743274543593,1.00390630083178,1710.4050619211193,1.0436611600055874
question_only,question_only,21,0.11125508873506346,0.0020319001610454857,0.0009194168851726081,1.1316849940749458,0.147804972779837,0.9396623784634922,42387.392106331274,0.1447763276598155,0.002214187202567408,0.0010020896945064361,1.1239720198073977,0.14364805240020403,0.942972401201768,44444.596080251875,0.033521238924752034,1.301300725248409,0.00018228704152192235,1.0897125970689507,8.267280933382803e-05,1.089918740429037,-0.007712974267548134,0.9931845219218037,-0.004156920379632972,0.9718756392127835,0.003310022738275742,1.0035225659908664,2057.203973920601,1.048533393343945
question_only,question_only,22,0.14197851463680464,0.0020808658845950746,0.0009445556845235625,1.0899759855118605,0.11041829293293831,0.9576613359732253,47612.88719855868,0.17852889201977398,0.002295567838285385,0.0010426805685336271,1.0819529091873104,0.10425748106895116,0.9612603665184918,51334.96510036428,0.036550377382969346,1.257435975261549,0.00021470195369031062,1.1031791400765414,9.812488401006458e-05,1.1038846989266435,-0.008023076324550127,0.9926392173477334,-0.006160811863987148,0.9442047897926381,0.003599030545266446,1.0037581453997046,3722.0779018055982,1.0781737491844072
question_only,question_only,23,0.15709859509083476,0.00250160288287391,0.0011362416202643777,1.103245400000141,0.12192205272374762,0.9518052789466733,53519.7500828808,0.18558766368453036,0.0026858130078620296,0.0012204360070626752,1.0944597323614234,0.11631422598824159,0.9557093161537714,57315.379872316975,0.0284890685936956,1.1813451519158513,0.00018421012498811944,1.073636837075778,8.41943867982975e-05,1.0740990157574128,-0.008785667638717687,0.9920365245667839,-0.005607826735506027,0.9540048202012615,0.0039040372070980878,1.0041017183792198,3795.629789436178,1.0709201702840214
question_only,question_only,24,0.1871828720083577,0.002805640893432409,0.0012816629031983107,1.0762424859823083,0.09715678761364331,0.9638044497831593,60205.10303047505,0.19003511043490665,0.003439462805013855,0.0015652825962215733,1.1123266920673265,0.13296501679844516,0.9479378868551284,59123.05081388258,0.002852238426548942,1.0152377105604318,0.0006338219115814459,1.2259098489187334,0.0002836196930232626,1.2212903963235706,0.03608420608501817,1.033527951696731,0.03580822918480185,1.3685612715586006,-0.015866562928030903,0.9835375703727202,-1082.0522165924704,0.9820272342023109
question_only,question_only,25,0.18837167614527064,0.002984157448364597,0.0013658398278932893,1.0744332020136542,0.09507318600557756,0.9646174913191494,66618.67079261961,0.17637425400943735,0.003813820344227703,0.001733169959575398,1.1461999263774234,0.16126358409455968,0.9336442651462746,63130.25387824192,-0.011997422135833297,0.9363098402993596,0.000829662895863106,1.2780224934310227,0.0003673301316821087,1.2689408544922491,0.07176672436376919,1.066794961499887,0.06619039808898212,1.6962046910198507,-0.03097322617287479,0.967890665001849,-3488.416914377689,0.9476360474792879
question_only,question_only,26,0.17582109592530928,0.0036287480908255695,0.0016569197442697359,1.1077753749393253,0.12628294404546317,0.9498476038164279,67720.09598733514,0.15937980890014355,0.004358646480829748,0.001978181471642193,1.2048538650694631,0.20477240554916873,0.9102327746580164,64766.22570890863,-0.01644128702516573,0.9064885420060362,0.0007298983900041788,1.201143306323305,0.0003212617273724572,1.1938909396726138,0.0970784901301378,1.0876337318243485,0.07848946150370556,1.6215365194038158,-0.03961482915841141,0.9582934893974573,-2953.8702784265115,0.9563811858893564
question_only,question_only,27,0.19732388475591425,0.0050826653930362295,0.0023281032891808717,1.124017329100129,0.14033331704857244,0.942874517758599,70117.11148720136,0.16658601209769158,0.006112011806352379,0.0027756944540474615,1.2724172329973866,0.2478143109914374,0.8851151022150563,64237.222243013006,-0.03073787265822267,0.8442262947686792,0.001029346413316149,1.2025209870246303,0.0004475911648665898,1.1922557155236082,0.14839990389725766,1.1320263487529434,0.10748099394286495,1.7658979079351307,-0.05775941554354269,0.9387411426901354,-5879.889244188351,0.9161418786445357
question_only,question_only,28,0.17793296325341337,0.006735974985927654,0.0030711492418055153,1.232655094202205,0.218901311056863,0.8994629482428259,71612.12243930287,0.16361069898572672,0.008272236427632583,0.0037477963032233053,1.4898549826072238,0.35453833356974496,0.8150537197117421,62878.76749702891,-0.014322264267686652,0.9195075268419585,0.0015362614417049284,1.2280681629142498,0.00067664706141779,1.220323731255622,0.25719988840501884,1.2086551944769872,0.13563702251288196,1.6196263597344491,-0.08440922853108379,0.9061559692960225,-8733.35494227396,0.8780464166569537
question_only,question_only,29,0.1752089336531833,0.00836396891684213,0.003809133232186235,1.3253874615754224,0.27442816053263386,0.8664442679904925,75272.44356326306,0.1683800455334079,0.010512484643934453,0.004762396911045741,1.6670587736146232,0.420460086007269,0.7674551552650588,64396.3114135528,-0.006828888119775389,0.9610243154937873,0.002148515727092324,1.2568775359158832,0.0009532636788595061,1.250257373397813,0.34167131203920076,1.2577897572924186,0.14603192547463512,1.5321317068542517,-0.09898911272543365,0.8857524755101668,-10876.132149710262,0.8555097770863601
question_only,question_only,30,0.1866930912217536,0.01022903790217363,0.0046668836699799154,1.3416527535205376,0.2837797891712038,0.8610578740178493,74835.68615013314,0.17611476674087628,0.012561811894970357,0.005696400528593104,1.7555127531145587,0.44867227290280604,0.7462238893439558,63819.881040729466,-0.01057832448087731,0.943338425580753,0.0023327739927967266,1.2280540959842339,0.0010295168586131886,1.2206004970758182,0.4138599995940211,1.3084702792930072,0.16489248373160226,1.58105788369073,-0.1148339846738935,0.8666361598449541,-11015.805109403678,0.852800105456318
question_only,question_only,31,0.194917719261816,0.010208133230745115,0.004660981600777658,1.3067034396270034,0.2655234584905721,0.8730068914196925,78708.26838644734,0.18613417300082954,0.014346532019868376,0.0065146127611944715,1.7588347106567104,0.45119819505905107,0.7457326028208395,62246.008030810124,-0.008783546260986458,0.9549371586369568,0.004138398789123261,1.40540211360621,0.0018536311604168132,1.397691155594747,0.45213127102970696,1.3460090922829597,0.185674736568479,1.699278088731932,-0.12727428859885292,0.8542115877313037,-16462.260355637212,0.7908445873207417
question_only,question_only,32,0.19804542744871076,0.012821636194249083,0.005851720901637769,1.3850717882854127,0.30576017519052956,0.8469855481619039,79799.13988800583,0.1920505960100498,0.018523914068474454,0.008416506991746564,1.976126525991661,0.5105426359785087,0.6995560661377841,62725.851259644354,-0.005994831438660947,0.9697300184262865,0.005702277874225371,1.444738704670024,0.002564786090108795,1.4382960383419297,0.5910547377062483,1.426732204571498,0.20478246078797913,1.6697486376657866,-0.14742948202411976,0.8259362484461611,-17073.28862836147,0.7860467086196293
question_only,question_only,33,0.2092263813164524,0.015224530271545881,0.006956032602478901,1.407973397526807,0.3153986225591097,0.8397182885749028,81389.14220413001,0.19906152757720638,0.021814176433148518,0.009913625705982532,2.163522565417354,0.5500334096214176,0.6643738500015475,63347.00714829778,-0.010164853739246027,0.9514169595810997,0.006589646161602637,1.4328308356735069,0.0029575931035036307,1.425183904547034,0.7555491678905473,1.5366217637465167,0.23463478706230784,1.7439309187743532,-0.17534443857335535,0.7911865908366412,-18042.13505583223,0.7783225800490535
question_only,question_only,34,0.21122698747859814,0.01706948619102716,0.007797089519330114,1.4778968017342007,0.34601612133795895,0.8185748431993496,84756.34149453464,0.20216516368965667,0.02470331487875715,0.011222604725095175,2.49691490554998,0.6073936323313549,0.6103011098559653,65937.32160672481,-0.009061823788941464,0.957099119302562,0.00763382868772999,1.4472207658069762,0.0034255152057650617,1.4393325478479349,1.0190181038157795,1.6895055883593149,0.26137751099339596,1.7553911360573555,-0.20827373334338428,0.7455654359837095,-18819.01988780983,0.7779632820864107
question_only,question_only,35,0.19836241545300343,0.01770028499330002,0.008068314819116629,1.5997889773437501,0.39173523920902736,0.7846895529291866,94244.55049210126,0.19153649404039239,0.024842259988877707,0.011272159798119241,3.044389806292352,0.6753291569441092,0.5375602951708697,73697.06022634332,-0.006825921412611041,0.9655886353370513,0.007141974995577689,1.403494915300946,0.0032038449790026124,1.3970897330399783,1.4446008289486016,1.9029946132928592,0.28359391773508186,1.7239428301267379,-0.24712925775831696,0.6850611087703574,-20547.490265757937,0.7819768871678151
question_only,question_only,36,0.20319105628398915,0.01977382139330159,0.00901657380609655,1.6753133456401255,0.4158162488734076,0.7651663069103735,96165.8208215699,0.19718739211886302,0.028343458804987117,0.012871387654300959,3.2720871716916493,0.7001202198349207,0.5127879543029243,74639.17105756054,-0.006003664165126127,0.9704531081441616,0.008569637411685527,1.4333829683095611,0.003854813848204408,1.4275253471746054,1.5967738260515238,1.9531195046019612,0.28430397096151305,1.6837250149076877,-0.2523783526074491,0.6701653610086609,-21526.64976400936,0.7761507198701001
question_only,question_only,37,0.21022313283197658,0.01963577552979407,0.008958999153614977,1.6264385827000816,0.3966531729589897,0.7769439925467286,105658.78993845727,0.20641710169228877,0.030911738792972827,0.014046580745514903,3.2381317190300822,0.699034962258217,0.517624590330385,78295.09376378471,-0.0038060311396878044,0.981895279128431,0.011275963263178757,1.5742560686994551,0.005087581591899926,1.5678738777734118,1.6116931363300007,1.9909339052031139,0.3023817892992273,1.7623329646948986,-0.25931940221634364,0.6662315370159538,-27363.696174672557,0.7410182703151248
question_only,question_only,38,0.20944308433500636,0.02041531402689234,0.009312491201617812,1.6618766954297133,0.40577944240076275,0.7675842913080402,112706.57016236382,0.2072414095882704,0.03289504320384558,0.014955213062437744,3.3323371160579267,0.7061141778730196,0.5070222278239535,83027.27933491439,-0.0022016747467359654,0.989487956813108,0.012479729176953239,1.6112925404381662,0.0056427218608199325,1.6059304365553355,1.6704604206282134,2.0051650794671474,0.3003347354722568,1.740142806874615,-0.2605620634840867,0.6605427359114873,-29679.290827449426,0.736667607002025
question_only,question_only,39,0.21064419524544137,0.021763916508675984,0.009926587394070596,1.7115737602309609,0.4200295966022306,0.7551934218570552,119656.65148848927,0.2065778670764038,0.03484646023581453,0.015843268352766393,3.6433432137242057,0.7285652139992784,0.4734405744415935,87665.39128230547,-0.00406632816903757,0.9806957501711348,0.013082543727138546,1.601111648279031,0.005916680958695797,1.5960438086339659,1.9317694534932448,2.128651010185177,0.3085356173970478,1.734556850020018,-0.2817528474154617,0.6269130010120514,-31991.260206183797,0.7326411878635823
question_only,question_only,40,0.21093252242804741,0.02339710777895036,0.0106739301610842,1.7811443358449728,0.43718419252952523,0.7381089690551539,129761.05711466903,0.211064759257705,0.03644419974041896,0.016575461827421534,3.6871589566962277,0.7291847951402338,0.46689042305364453,94912.42030986756,0.00013223682965757266,1.0006269153145981,0.0130470919614686,1.557636955950984,0.005901531666337334,1.5528921002594414,1.906014620851255,2.070106774892543,0.2920006026107086,1.6679120782467918,-0.27121854600150935,0.6325494508631617,-34848.63680480147,0.7314399436958505
question_only,question_only,41,0.18544920050753608,0.021332983664665503,0.009694412059707447,2.168853986258627,0.5195225727789424,0.6562615191001879,145062.93589069406,0.19169722224211233,0.0322639557005435,0.01464420419418977,4.547233066972096,0.7793847273289775,0.37985255059671436,109224.24082894636,0.006248021734576253,1.033691284278622,0.010930972035877999,1.5123977126777122,0.004949792134482323,1.5105819829491662,2.3783790807134686,2.09660636252152,0.25986215455003503,1.500194155488806,-0.2764089685034736,0.5788127743905482,-35838.6950617477,0.7529438182007263
question_only,question_only,42,0.1904303501431687,0.021661777311006443,0.009853651544503572,2.028400311978854,0.4917149392722231,0.6835069936220769,157894.86866262575,0.20498732380381834,0.03538282408318767,0.01608762153066068,3.8166253269518764,0.732666656513237,0.44899356047056554,114154.75486094129,0.014556973660649647,1.0764425085005043,0.01372104677218123,1.6334220213581498,0.006233969986157106,1.6326558186443885,1.7882250149730226,1.8815937388742539,0.24095171724101394,1.4900231780554634,-0.23451343315151135,0.6568968052405403,-43740.11380168446,0.7229795105302375
question_only,question_only,43,0.18932856423689162,0.02381362903741051,0.010833553642477733,2.196871200027205,0.5223964342913797,0.650463807210303,163049.77816930795,0.21410160540631684,0.03917189768434707,0.01783069768811474,3.7526583861300424,0.7238801923252649,0.4522621610393711,118072.06022939361,0.02477304116942522,1.1308468231835205,0.015358268646936558,1.644936083499253,0.006997144045637005,1.6458770847412185,1.5557871861028376,1.7081831588860845,0.20148375803388519,1.385691296507045,-0.19820164617093183,0.6952918148948661,-44977.717939914335,0.7241473220944202
question_only,question_only,44,0.19446474283068946,0.024326066445087176,0.0110775859664477,2.0605343034159445,0.49747317224688176,0.6772352539768856,175217.9082078937,0.22708421620823344,0.04310321784238005,0.019662406221129247,3.2962167477891144,0.6847633992134363,0.5008837569095541,124594.89178000469,0.03261947337754398,1.1677397810089223,0.01877715139729287,1.7718942739019428,0.008584820254681547,1.7749721174729467,1.23568244437317,1.5996903047539959,0.18729022696655456,1.3764830696683907,-0.17635149706733144,0.7396008314208492,-50623.016427889,0.7110853739457643
question_only,question_only,45,0.1906535311798802,0.025076489455374367,0.011417811366483455,2.1024248562324956,0.5115824582244074,0.6709059894785617,186983.79032830632,0.22174899785102653,0.04278229101042377,0.019514689738290292,3.3085389883076646,0.6886613341359397,0.5016561201276886,136884.1537392937,0.03109546667114632,1.1630993482131986,0.017705801555049406,1.7060717802965297,0.008096878371806837,1.7091445208024514,1.206114132075169,1.5736776410810365,0.17707887591153226,1.346139460146442,-0.16924986935087316,0.7477293808583161,-50099.63658901263,0.7320642794701742
question_only,question_only,46,0.1842081345802627,0.02451612715719431,0.011145667395853542,2.2307659107309674,0.5419124900526824,0.6494915100579987,194843.18871330205,0.20907224809519329,0.03727064116305907,0.016988930891532306,2.9071564927876588,0.6542213061606117,0.5529856482035829,157258.89950495106,0.02486411351493059,1.1349783687373582,0.012754514005864765,1.5202499531253115,0.005843263495678763,1.5242632214494696,0.6763905820566913,1.3032100225315668,0.11230881610792931,1.2072452991364047,-0.09650586185441579,0.8514132050060987,-37584.289208350994,0.8071049367619741
question_only,question_only,47,0.17146339659426696,0.0216954869957213,0.009843807994262321,2.4760253320078713,0.5839866333789331,0.6100244541569623,214280.96651747514,0.1890823663290095,0.03186331197202047,0.014480163817755298,3.442541946768138,0.7109594244415957,0.4936776876401956,175521.26449074576,0.01761896973474253,1.1027564488024897,0.010167824976299169,1.468660831482408,0.004636355823492977,1.4709921023169474,0.9665166147602666,1.390350051053437,0.12697279106266257,1.2174241391909666,-0.11634676651676668,0.8092752417960619,-38759.702026729385,0.8191173828611211
question_only,question_only,48,0.7251739223430654,0.3943660620396643,0.19772303823863646,4.182866884541704,0.7118561913345961,0.35205034409272706,118.81377031704626,0.9882270726571036,0.5101861345604852,0.27005595660382187,4.154593071298971,0.7117015419411786,0.3559748212593957,118.54827034361018,0.2630531503140382,1.3627449115416899,0.11582007252082094,1.2936867131023013,0.0723329183651854,1.3658294906257678,-0.02827381324273226,0.9932405658549128,-0.00015464939341747197,0.9997827519149236,0.003924477166668661,1.0111474885098362,-0.26549997343607856,0.9977654107539168
