condition,condition_family,layer,centroid_norm_base,abs_disp_l2_mean_base,rel_disp_l2_mean_base,pairwise_l2_mean_base,pairwise_cosine_distance_mean_base,cos_to_centroid_mean_base,cos_to_centroid_std_base,angular_disp_to_centroid_base,effective_rank_pr_base,spectral_entropy_base,spectral_entropy_norm_base,top1_pc_variance_share_base,cov_trace_base,centroid_norm_instruct,abs_disp_l2_mean_instruct,rel_disp_l2_mean_instruct,pairwise_l2_mean_instruct,pairwise_cosine_distance_mean_instruct,cos_to_centroid_mean_instruct,cos_to_centroid_std_instruct,angular_disp_to_centroid_instruct,effective_rank_pr_instruct,spectral_entropy_instruct,spectral_entropy_norm_instruct,top1_pc_variance_share_instruct,cov_trace_instruct,centroid_norm_instruct_minus_base,centroid_norm_instruct_over_base,abs_disp_l2_mean_instruct_minus_base,abs_disp_l2_mean_instruct_over_base,rel_disp_l2_mean_instruct_minus_base,rel_disp_l2_mean_instruct_over_base,pairwise_l2_mean_instruct_minus_base,pairwise_l2_mean_instruct_over_base,pairwise_cosine_distance_mean_instruct_minus_base,pairwise_cosine_distance_mean_instruct_over_base,cos_to_centroid_mean_instruct_minus_base,cos_to_centroid_mean_instruct_over_base,cos_to_centroid_std_instruct_minus_base,cos_to_centroid_std_instruct_over_base,angular_disp_to_centroid_instruct_minus_base,angular_disp_to_centroid_instruct_over_base,effective_rank_pr_instruct_minus_base,effective_rank_pr_instruct_over_base,spectral_entropy_instruct_minus_base,spectral_entropy_instruct_over_base,spectral_entropy_norm_instruct_minus_base,spectral_entropy_norm_instruct_over_base,top1_pc_variance_share_instruct_minus_base,top1_pc_variance_share_instruct_over_base,cov_trace_instruct_minus_base,cov_trace_instruct_over_base
target,target,0,33.10863497389326,47.6450022176564,1.439050636041742,65.50036864607243,0.7707816136393445,0.5534406448713828,0.3511671860666215,0.4465593551286172,3.666559421080565,1.4604499442481127,0.634265351882867,0.4408295020844531,2758.619491536674,33.090804289724495,47.4343914201512,1.4334614234468546,65.1523084471549,0.7713657918411235,0.5529574448224774,0.3539805842493919,0.4470425551775225,3.629517443501092,1.455251625821866,0.6320077508751721,0.4455110499851624,2729.298975499888,-0.01783068416876432,0.9994614491299981,-0.21061079750519696,0.995579582585723,-0.005589212594887538,0.9961160417459267,-0.3480601989175369,0.9946861337407237,0.0005841782017790287,1.0007579036531762,-0.0004832000489053412,0.9991269162205881,0.002813398182770377,1.008011563418766,0.00048320004890528567,1.001082051114493,-0.03704197757947281,0.9898973469876164,-0.00519831842624674,0.996440604864469,-0.0022576010076948982,0.9964406048635804,0.004681547900709293,1.0106198606889105,-29.320516036786103,0.9893713083204331
target,target,1,778.773576280881,513.5496923187504,0.6594338944719502,692.0903991379885,0.3550582204876475,0.8196701806175108,0.1813924340472195,0.1803298193824891,1.7983519286422922,0.9297490407499736,0.4037848779525551,0.7306232672651185,308317.69820108707,744.7153133071674,527.7592835353211,0.7086725277497271,698.7313970750805,0.3852438652182056,0.7996985864289509,0.2081789289101941,0.2003014135710491,1.564681216069537,0.777982633627709,0.3378735648010732,0.7908095157519573,321465.02035733726,-34.05826297371357,0.9562667969085912,14.20959121657063,1.0276693598090016,0.04923863327777689,1.074668035248826,6.640997937092038,1.0095955643155323,0.03018564473055807,1.085016042405708,-0.019971594188559982,0.9756345971077175,0.026786494862974602,1.1476715112321276,0.01997159418856001,1.1107503698270138,-0.2336707125727553,0.8700639686526538,-0.15176640712226452,0.8367662665178118,-0.06591131315148185,0.8367662665166395,0.060186248486838845,1.0823765833670296,13147.322156250186,1.0426421260698289
target,target,2,777.6723753220481,487.721638262075,0.6271556682981057,661.3905168917938,0.3360059226388007,0.8317778462993737,0.1606427967057344,0.1682221537006263,1.996373196946668,1.026804508425606,0.4459355320026216,0.6861484000106941,280164.34525440657,765.50188504523,499.50884967414567,0.6525246500792501,666.3030279815159,0.3421359832076621,0.8260133791194418,0.1728441202618781,0.1739866208805581,1.7002063600415045,0.8706366984663356,0.3781127138863949,0.7546813262388786,289290.0702570876,-12.1704902768181,0.9843501059533212,11.78721141207069,1.0241679074442374,0.02536898178114444,1.0404508530536718,4.912511089722102,1.0074275499334455,0.006130060568861395,1.018243906296952,-0.0057644671799318425,0.9930697033990851,0.0122013235561437,1.0759531320748739,0.005764467179931815,1.0342669919037903,-0.29616683690516354,0.8516475590040056,-0.1561678099592705,0.8479089167619942,-0.0678228181162267,0.847908916760919,0.06853292622818452,1.0998806179917004,9125.725002681022,1.0325727565168734
target,target,3,784.4949481644143,505.6392729654543,0.6445411460565351,696.344267456173,0.3533466733445984,0.8235716020950814,0.1484558148927053,0.1764283979049186,2.137893725773787,1.111122233086254,0.4825542545493788,0.6600622114957435,302165.2824648028,675.219050843243,476.6918475008607,0.7059810396426854,651.8766045003402,0.4071652875988155,0.7921053059873799,0.1849175302880067,0.20789469401262,1.9894487404577077,1.0531612712217409,0.4573821286458159,0.6906362062628799,267489.2408251847,-109.27589732117121,0.8607054161701624,-28.947425464593607,0.942750836392069,0.06143989358615032,1.0953234622195336,-44.46766295583279,0.9361412665630474,0.05381861425421708,1.1523110823250304,-0.031466296107701464,0.9617928835469604,0.03646171539530141,1.245606515449786,0.03146629610770141,1.178351651322487,-0.1484449853160792,0.9305648435526037,-0.05796096186451316,0.9478356564745639,-0.02517212590356288,0.9478356564734528,0.030573994767136403,1.0463198683905983,-34676.04163961811,0.8852414765959842
target,target,4,604.8531331913023,513.5603288575185,0.8490661628020191,708.8467042937639,0.4907140825144915,0.7462019843374879,0.1749438702126113,0.2537980156625121,2.3185893632251835,1.1807434860374624,0.5127903805292792,0.6273325241994336,311196.55107886856,506.81619085631024,461.9864442782461,0.9115463408887524,637.5361837563988,0.5314709277462577,0.7213532809493315,0.1911839186739556,0.2786467190506685,2.3406561507859087,1.1936523539916568,0.5183966306494034,0.6245096491079914,251684.68722193327,-98.03694233499203,0.8379161205337001,-51.573884579272374,0.8995758011643811,0.06248017808673334,1.0735869368288895,-71.31052053736505,0.8993992352572001,0.0407568452317662,1.0830561964348753,-0.024848703388156368,0.9666997623824535,0.016240048461344303,1.0928300513788494,0.024848703388156423,1.097907398220564,0.02206678756072522,1.0095173332154947,0.012908867954194436,1.010932830124268,0.005606250120124279,1.0109328301231526,-0.0028228750914421896,0.9955001933049142,-59511.86385693529,0.8087643849180938
target,target,5,959.7190267684032,469.2013524848709,0.4888944987000834,670.2247406072534,0.2253326462373344,0.892778613629417,0.0686024177028321,0.1072213863705829,3.511162980656608,1.4668896193192982,0.6370620672315328,0.4513279388310515,266971.1412503939,910.9821442052672,425.9313585436736,0.4675518189385061,608.0029086750748,0.2117726206922415,0.8995955168440872,0.0691581331729154,0.1004044831559127,3.4992997534801726,1.4646606514841405,0.6360940388003841,0.4523911053220802,220596.55317343425,-48.736882563135964,0.9492175509667186,-43.2699939411973,0.9077794773777993,-0.021342679761577277,0.9563450195915858,-62.22183193217859,0.9071627348823266,-0.01356002554509289,0.9398221883403861,0.006816903214670211,1.0076356031714848,0.0005557154700833039,1.008100523096466,-0.0068169032146701974,0.9364221686889427,-0.011863227176435398,0.996621282679617,-0.0022289678351576914,0.9984804801896474,-0.0009680284311487375,0.998480480188761,0.001063166491028722,1.0023556407626348,-46374.588076959626,0.8262936291175209
target,target,6,1090.1980670135963,516.0125939728073,0.4733200411796101,733.8331336689282,0.1956144743003784,0.9071214919283918,0.0468191829776138,0.0928785080716082,3.585480939711259,1.4726956250323024,0.6395835834745893,0.4373255065569811,321659.2607632777,1006.7887912136767,452.4903056737924,0.4494391570731713,643.8467692334539,0.192655662119303,0.9090109459016024,0.0524246371559219,0.0909890540983976,3.6450290941646384,1.4871206434642896,0.6458482893809541,0.4367539227884206,249281.42532268804,-83.40927579991956,0.9234916311781718,-63.52228829901486,0.8768977946643619,-0.023880884106438793,0.9495460110924687,-89.98636443547434,0.8773748958628067,-0.0029588121810754098,0.9848742676499652,0.0018894539732106086,1.0020829117036925,0.005605454178308093,1.1197255872634209,-0.0018894539732106086,0.9796567148480301,0.059548154453379354,1.0166081358271446,0.01442501843198718,1.009794976087242,0.0062647059063647426,1.009794976086349,-0.0005715837685604797,0.9986930015263478,-72377.83544058967,0.7749860045414471
target,target,7,1191.503160172568,700.5656688321776,0.5879679485958834,989.0952394119978,0.2279659686637424,0.8879977101756211,0.0449852534650522,0.1120022898243788,2.8926239660488653,1.3340607873835963,0.5793752384842031,0.529584457841842,601466.4360918063,1052.3371291755534,609.4861624782312,0.5791738650861142,865.5496717316034,0.2362785593622039,0.8846178957376933,0.0643837779621753,0.1153821042623066,3.1684375509285303,1.3906355294129855,0.6039453367626668,0.4892707606139539,460670.78303627,-139.16603099701456,0.8832012908997575,-91.07950635394639,0.8699914791631538,-0.00879408350976918,0.9850432603822109,-123.54556768039436,0.8750923442379106,0.008312590698461492,1.0364641737806328,-0.003379814437927786,0.9961938928443232,0.0193985244971231,1.4312196331351574,0.0033798144379278,1.0301762976649604,0.275813584879665,1.0953506532877528,0.05657474202938917,1.0424079191618418,0.02457009827846368,1.0424079191608242,-0.040313697227888134,0.9238767365018641,-140795.65305553627,0.7659127016789253
target,target,8,2120.691562687688,884.3791079042464,0.4170239196799632,1222.453911274766,0.0854275181616664,0.9592914160216616,0.0122104826058235,0.0407085839783383,1.984188510204378,1.0570683565412369,0.4590789542403982,0.691780843638338,955164.6346477596,1882.9496764250052,733.3881299735552,0.3894889699686376,1021.4654613781548,0.0866759106309652,0.9592012223223826,0.017432503571721,0.0407987776776174,2.348205591908636,1.2016473289807497,0.521868804170121,0.6227626350632334,651060.1228785345,-237.74188626268278,0.887894170729204,-150.9909779306912,0.8292689452055213,-0.02753494971132564,0.9339727329468517,-200.9884498966111,0.8355860715542048,0.001248392469298809,1.0146134699350822,-9.019369927898424e-05,0.99990597883107,0.005222020965897498,1.4276670409390135,9.01936992791022e-05,1.0022155940949673,0.36401708170425806,1.183458920274455,0.1445789724395128,1.1367735317623575,0.06278984992972286,1.1367735317609573,-0.06901820857510466,0.9002311075672291,-304104.5117692251,0.6816208423782659
target,target,9,3301.521928747175,1008.6844502275706,0.3055210511990555,1379.4965943474365,0.0383469219476102,0.9821536179575964,0.0051093662639934,0.0178463820424037,1.7678510457860852,0.9576739282522774,0.4159125025025747,0.7409398624657972,1204898.537617927,2733.417452635136,812.3232844065129,0.2971822996240097,1133.5853820527009,0.0456258484277535,0.9788831234454536,0.0077530070762145,0.0211168765545464,2.151062834547039,1.1508243036946628,0.499796644734744,0.6607465990920465,788543.3777577773,-568.1044761120388,0.8279264871254035,-196.36116582105763,0.8053294409597004,-0.008338751575045766,0.9727064582185353,-245.9112122947356,0.8217384419052782,0.007278926480143305,1.1898177509239987,-0.0032704945121427853,0.9966700784344301,0.0026436408122211003,1.5174107069469436,0.003270494512142702,1.1832581249907472,0.38321178876095385,1.2167670119454774,0.19315037544238545,1.2016869936030072,0.08388414223216928,1.2016869936013725,-0.08019326337375077,0.8917681887059433,-416355.1598601496,0.6544479498802614
target,target,10,3598.8251119938845,1424.8874497815218,0.3959312846386359,1922.7669532501468,0.0399969634160296,0.9806586993925054,0.0029851321269862,0.0193413006074946,1.361604237891426,0.6332679886550902,0.2750247930388767,0.8538853108143777,2466991.592340243,2997.28994620511,1123.2858539698211,0.3747671643819514,1522.6350570085626,0.0455363359041483,0.9782456327474618,0.0023420791671085,0.0217543672525382,1.5617625607538512,0.8211884871444713,0.3566376285693233,0.7937271867125263,1479359.7735740268,-601.5351657887745,0.8328523484556041,-301.6015958117007,0.7883330393162309,-0.021164120256684515,0.9465459763379208,-400.1318962415842,0.7918978711563446,0.005539372488118699,1.138494825953717,-0.0024130666450435934,0.9975393410087159,-0.0006430529598776998,0.7845814076874682,0.0024130666450436003,1.1247623773027857,0.2001583228624253,1.1470018359896137,0.1879204984893812,1.2967471936915407,0.08161283553044657,1.2967471936888733,-0.060158124101851396,0.9295477702439848,-987631.8187662163,0.5996614573666517
target,target,11,6963.086312175005,1796.0867748229098,0.2579440630633056,2489.4143007401126,0.0126128713222227,0.9941860485841996,0.0015508992594909,0.0058139514158004,1.2598107015332314,0.5258419720792785,0.2283702668271544,0.8893327299186876,4189867.744753442,6066.038397425166,1496.1947879679317,0.2466510578968667,2058.035583105916,0.0136285742791653,0.9937258655575054,0.0015044545994285,0.0062741344424945,1.343175709716238,0.6324427333733559,0.274666389223858,0.8602988858002139,2747769.96587195,-897.047914749839,0.8711709327541517,-299.8919868549781,0.8330303462734714,-0.011293005166438885,0.9562191700274818,-431.3787176341966,0.8267147748344071,0.0010157029569426,1.0805290825470086,-0.0004601830266941498,0.9995371258444543,-4.6444660062400006e-05,0.970053076788689,0.00046018302669410035,1.0791515086218855,0.08336500818300663,1.0661726464781434,0.10660076129407736,1.2027239493100086,0.04629612239670361,1.2027239493070296,-0.02903384411847376,0.9673532265903497,-1442097.7788814916,0.6558130550332314
target,target,12,7499.087954298168,1797.0243446937834,0.2396323867176145,2522.8527116481314,0.0130388960635326,0.9940239130472952,0.0018824331171022,0.0059760869527046,1.3266590785109094,0.6130246743530948,0.266233233342087,0.8658213941913427,4260697.370941704,6317.209704827626,1432.6546758221857,0.2267859929879084,2022.1820609610152,0.015214538158223,0.9930456755984072,0.0023401252213753,0.0069543244015928,1.49353014102146,0.7902374083941436,0.343195745859103,0.8135683533707575,2589167.648382438,-1181.878249470542,0.8423970679270218,-364.3696688715977,0.7972372105322325,-0.012846393729706085,0.9463912457467996,-500.6706506871162,0.8015458261294857,0.0021756420946904,1.166857844630606,-0.0009782374488880308,0.999015881371618,0.0004576921042730997,1.2431385736214247,0.0009782374488882,1.1636919702585296,0.16687106251055073,1.125782927364223,0.17721273404104876,1.289079284168727,0.07696251251701602,1.2890792841659882,-0.05225304082058524,0.939649168786909,-1671529.7225592663,0.6076863534220401
target,target,13,8574.569189237709,1873.818769873095,0.2185321184678293,2688.7097792046407,0.0115509773902131,0.9947299327533408,0.0018783936808232,0.0052700672466592,1.3516942564727707,0.6478634673145434,0.2813635288814139,0.8575171371735979,4750307.119931433,7048.529794621862,1664.2867314463626,0.2361182799732561,2423.069630606725,0.0147138527505365,0.9932683334545792,0.0022498033134379,0.0067316665454209,1.384286985559445,0.6881391962132025,0.2988550556967329,0.8469878991598614,3801701.080817632,-1526.0393946158474,0.8220272807954896,-209.53203842673247,0.8881791335450632,0.0175861615054268,1.0804740357053522,-265.64014859791587,0.9012016281368617,0.0031628753603234003,1.2738188511847854,-0.0014615992987615511,0.9985306571646895,0.00037140963261470005,1.1977272577142635,0.0014615992987617003,1.2773397812733598,0.03259272908667432,1.0241125009813243,0.04027572889865916,1.062167001119146,0.01749152681531896,1.0621670011170103,-0.010529238013736508,0.9877212506219656,-948606.0391138014,0.8003063770058948
target,target,14,14943.223931904471,2178.301753293615,0.1457718738084918,3158.911731578422,0.0047686252596408,0.9978423923743438,0.0007676978420443,0.0021576076256561,1.3003425398596624,0.5923131372999256,0.2572383270881608,0.8750446734865954,6926641.161308894,12975.02054527024,1768.2650995719753,0.136282258159241,2633.052623331658,0.0055316922889135,0.9975001809801548,0.000966543105018,0.0024998190198453,1.4403474885108667,0.7532905348775427,0.3271499225672658,0.8295406463781718,4553660.927150953,-1968.2033866342317,0.8682879012184226,-410.0366537216398,0.8117631530610206,-0.009489615649250799,0.9349009146808889,-525.8591082467638,0.8335315599388379,0.0007630670292727007,1.1600182414355118,-0.00034221139418899593,0.9996570486503642,0.0001988452629737,1.259015006718243,0.00034221139418919976,1.158606870387998,0.14000494865120428,1.1076677447353267,0.1609773975776171,1.2717775234737572,0.06991159547910503,1.2717775234709607,-0.045504027108423606,0.9479980525702055,-2372980.2341579413,0.657412564200232
target,target,15,19663.87116834396,2623.7526739087284,0.1334301191991431,3792.418082798292,0.0031726972084015,0.998567004263662,0.0005712564181981,0.0014329957363379,1.23863590710618,0.5100358031296968,0.2215057348723206,0.897275955186771,10056846.878243126,17484.439262923457,2227.993254187103,0.1274272065968774,3336.293365986563,0.003650302824001,0.998352350251251,0.0007962036351542,0.0016476497487489,1.3194974082022832,0.6184639872316939,0.2685954969106078,0.8683961640751187,7159410.665586088,-2179.4319054205043,0.889165674105459,-395.75941972162536,0.8491628331979765,-0.006002912602265709,0.9550108128565677,-456.12471681172883,0.8797272065333126,0.00047760561559950006,1.1505361473462499,-0.00021465401241094195,0.9997850379468837,0.00022494721695609998,1.3937762594805834,0.00021465401241100007,1.1497938938811962,0.08086150109610313,1.065282703844711,0.10842818410199717,1.2125893583067,0.047089762038287214,1.212589358303603,-0.028879791111652287,0.967813925085501,-2897436.212657038,0.7118941704357337
target,target,16,24013.983748286413,1989.0205275714925,0.0828275953053155,3019.8540259214087,0.002552908818678,0.9988496308152646,0.0004780235896296,0.0011503691847354,1.6765921864341902,0.9586050250413868,0.4163168727002028,0.7645577809938318,5473737.046713026,21630.031493959777,2023.6654758867776,0.0935581382048329,3018.566864238439,0.002954010535549,0.9986680479016736,0.0006291766676043,0.0013319520983262,1.5629413766709646,0.8733348839301642,0.3792845209444872,0.7943852717638287,5608243.109331283,-2383.9522543266357,0.9007264983888086,34.64494831528509,1.01741809490402,0.0107305428995174,1.1295527518194073,-1.2871616829697814,0.9995737669198835,0.0004011017168710001,1.1571155666740935,-0.0001815829135909386,0.9998182079574455,0.00015115307797470006,1.3162042207490594,0.00018158291359080003,1.15784751090557,-0.11365080976322561,0.9322132056419321,-0.08527014111122255,0.9110476798215698,-0.037032351755715565,0.9110476798203319,0.02982749076999691,1.0390127358722134,134506.06261825655,1.0245729857810812
target,target,17,27483.04030191609,3096.217320361163,0.1126591995044048,4587.95879903318,0.0022253773798481,0.9989957929972684,0.0002940824146023,0.0010042070027317,1.2481474922957445,0.533608538642657,0.231743243828964,0.8939250518033544,13503919.85937982,25010.097314695475,2255.039599999004,0.0901651669573466,3525.007071361835,0.0026097587171667,0.9988235092096508,0.0004417534085875,0.001176490790349,1.4714836449634083,0.796949805530696,0.3461109028958509,0.8205106265963592,7929510.613636236,-2472.9429872206165,0.9100193079057485,-841.1777203621587,0.7283208401327466,-0.0224940325470582,0.8003355904638835,-1062.951727671345,0.768317072094165,0.00038438133731859975,1.1727263607631846,-0.00017228378761757757,0.9998275430288845,0.0001476709939852,1.502141526152661,0.0001722837876173,1.1715620245398428,0.22333615266766382,1.178934103577533,0.26334126688803905,1.4935102192262668,0.1143676590668869,1.4935102192226213,-0.07341442520699515,0.9178740711429768,-5574409.245743585,0.5872006570098532
target,target,18,32541.092754400557,2853.8088030212903,0.0876986161638769,4519.512785513517,0.002024373903326,0.999087402264172,0.0003086340541107,0.000912597735828,1.3322410633872783,0.6468891036952897,0.2809403681382048,0.8643760300647785,13740154.595872736,29838.16699682992,2928.966713509885,0.0981617508146886,4346.206712756014,0.0024155049075639,0.9989105244544356,0.0004707390058518,0.0010894755455643,1.361389704628682,0.685046873529794,0.2975120770190643,0.854788880731882,12070846.431843229,-2702.925757570636,0.9169380764816167,75.15791048859455,1.026336000649036,0.010463134650811695,1.1193078649056512,-173.306072757503,0.9616538151384358,0.00039113100423790025,1.1932108502298266,-0.00017687780973640876,0.9998229606235297,0.00016210495174110004,1.5252335186502886,0.00017687780973630002,1.1938179348889144,0.029148641241403705,1.0218794045923416,0.03815776983450425,1.0589865706741277,0.016571708880859515,1.0589865706719952,-0.009587149332896505,0.9889085895485014,-1669308.164029507,0.8785087786034858
target,target,19,37266.83237576191,3302.744307016727,0.0886242295485464,5335.347762341914,0.0018944971957921,0.9991458581167596,0.0002692810372486,0.0008541418832404,1.2668519731857786,0.5612739519235524,0.2437581801564298,0.8870906890003379,20330731.78946562,36381.04945832025,3975.4461711095455,0.1092724434918787,5860.464037870403,0.0020141735689024,0.9990910614063436,0.000392610031367,0.0009089385936562,1.2149359081327875,0.484952273889814,0.2106120965367806,0.9063280364686924,23124814.520098697,-885.7829174416547,0.9762313333070465,672.7018640928186,1.203679668045647,0.0206482139433323,1.2329861037696093,525.1162755284895,1.0984221270888614,0.00011967637311030024,1.0631705194987593,-5.4796710415971894e-05,0.9999451564444063,0.00012332899411839998,1.4579936037105694,5.479671041580005e-05,1.0641541065095192,-0.05191606505299107,0.9590196280600994,-0.07632167803373846,0.8640206306153367,-0.033146083619649214,0.8640206306133316,0.019237347468354482,1.0216858859030653,2794082.7306330763,1.1374314884268373
target,target,20,40211.48669960989,4073.6002739843207,0.1013043935533933,6550.141862910415,0.001796031116547,0.9991897872868836,0.0002710942079592,0.0008102127131163,1.1811852025625298,0.4287227308383945,0.1861919162696078,0.9194396212384316,31199987.138933785,39671.85149196435,4396.276159482834,0.1108160066684387,6878.791393308499,0.0019748827685378,0.9991086724094872,0.000362601832804,0.0008913275905128,1.177351622128429,0.4219633464767932,0.1832563529403012,0.9209461998477864,32526213.200173683,-539.6352076455441,0.9865800732095096,322.6758854985137,1.0792114748124044,0.009511613115045406,1.0938914175419088,328.6495303980846,1.0501744141236133,0.00017885165199080016,1.0995815992515061,-8.111487739637102e-05,0.9999188193480074,9.150762484480004e-05,1.3375491649051494,8.111487739650004e-05,1.1001155313700206,-0.0038335804341007584,0.9967544628676512,-0.006759384361601339,0.9842336692776538,-0.002935563329306584,0.9842336692746634,0.0015065786093547695,1.0016385835171253,1326226.0612398982,1.0425072630746353
target,target,21,43334.95472799066,4084.6711640099966,0.0942581154093522,6560.802591652674,0.0017804728005026,0.9991970771771508,0.0002625029083692,0.0008029228228491,1.2140910754666856,0.481771774408457,0.2092308231623311,0.9066343520863066,31228992.33836094,44267.625895259866,4564.199661170484,0.103104685848066,6863.001509054975,0.0019539290229474,0.9991187473390452,0.0003566347124624,0.0008812526609547,1.2447251589336772,0.5290027534940361,0.229742976754086,0.8951369289414363,30163502.169220224,932.6711672692036,1.0215223754847211,479.52849716048786,1.1173970872822294,0.0088465704387138,1.0938547349392707,302.19891740230105,1.0460612727148335,0.0001734562224448002,1.0974214384507388,-7.832983810562855e-05,0.9999216072175403,9.413180409319997e-05,1.3585933707150166,7.832983810559992e-05,1.097555873091386,0.03063408346699159,1.0252321132120923,0.04723097908557916,1.0980360029237364,0.0205121535917549,1.0980360029207674,-0.011497423144870345,0.9873185666091294,-1065490.1691407152,0.9658813785089091
target,target,22,48905.44343096075,5400.343903601495,0.1104241884898784,8590.688958834353,0.0018363895934728,0.999170778554688,0.0003455322350982,0.000829221445312,1.15390699931818,0.3800177366983696,0.1650396060734648,0.9304098244512604,52622433.88170915,51439.30537099274,6768.8903953856325,0.1315898483964111,9205.824251835167,0.0020340416604882,0.9990804766084462,0.0004334754152957,0.0009195233915537,1.1473729053411412,0.3714088270310853,0.1613008041097596,0.9331406711286472,60977230.46823198,2533.8619400319876,1.051811450060953,1368.5464917841373,1.2534183963490642,0.021165659906532713,1.1916759379878177,615.1352930008143,1.0716048847709974,0.00019765206701539994,1.1076307917504526,-9.030194624182197e-05,0.9999096231103032,8.794318019750004e-05,1.2545151219190636,9.03019462417e-05,1.1088996740778014,-0.006534093977038857,0.9943374171558937,-0.008608909667284281,0.9773460319429913,-0.003738801963705185,0.9773460319396408,0.002730846677386767,1.0029351008605207,8354796.5865228325,1.158768722201328
target,target,23,56930.42062211485,7234.983013175918,0.127084657624424,11028.748395495584,0.0020480571803416,0.9990743036725972,0.0003690724615354,0.0009256963274026,1.1421841532722965,0.3563833316256311,0.1547753143673082,0.9352085457647076,84855684.73410754,58902.823189206414,8015.577713953471,0.1360813842183081,10965.596115183182,0.002239128571243,0.9989873385665607,0.000444668342911,0.0010126614334392,1.1531707097422057,0.3808515866268515,0.1654017424961398,0.9307382773881973,85732514.36272807,1972.4025670915653,1.0346458456750867,780.594700777553,1.107891711612312,0.008996726593884091,1.0707931764619574,-63.15228031240258,0.9942738488495941,0.00019107139090139991,1.0932939722787607,-8.69651060364518e-05,0.9999129543150929,7.559588137560002e-05,1.204826661562021,8.696510603660012e-05,1.093945608692938,0.010986556469909203,1.009618901153044,0.024468255001220407,1.0686571251481953,0.010626428128831578,1.0686571251442887,-0.004470268376510322,0.9952200304437443,876829.6286205351,1.0103331866494043
target,target,24,63611.45338629327,9237.113521131005,0.1452114836150148,13145.66654736093,0.0024221113062223,0.9989019308595372,0.0004621872680805,0.0010980691404627,1.1261910597864182,0.3310806200023916,0.143786486332146,0.9419910605224492,118564033.73335776,62251.92100296156,9544.255241278546,0.1533166380652653,12973.400546033212,0.0029219500360342,0.99867586244121,0.0006336302990875,0.0013241375587899,1.1497892921345234,0.3755954162263918,0.163119016695277,0.9321446519778958,117489789.47832304,-1359.5323833317161,0.9786275535149985,307.1417201475415,1.033250833114145,0.008105154450250507,1.0558162085216558,-172.2660013277182,0.9868956054295852,0.0004998387298119,1.2063648880716056,-0.0002260684183271744,0.9997736830690352,0.00017144303100700005,1.370938451740737,0.00022606841832719998,1.205878126240814,0.023598232348105208,1.0209540220924498,0.04451479622400023,1.1344530411431035,0.019332530363131012,1.1344530411386402,-0.009846408544553431,0.9895472378049087,-1074244.255034715,0.9909395436271119
target,target,25,67798.57271388569,9684.038739974592,0.1428354366815634,13622.985727797,0.0027654629309481,0.9987454660281264,0.0005404876353579,0.0012545339718734,1.14443100265319,0.364456086097832,0.1582812670883449,0.9343338419102316,132103265.5683465,65109.29036265547,9153.069671265324,0.1405800865019905,12507.533082817365,0.0033498585400997,0.9984832948564836,0.0006446778755619,0.0015167051435163,1.215899322569578,0.485250240035761,0.2107415015897594,0.9059354315932768,108816385.05423954,-2689.2823512302202,0.9603342335453113,-530.969068709268,0.9451706996464718,-0.0022553501795729014,0.9842101495752403,-1115.4526449796358,0.9181198110849067,0.0005843956091516,1.2113192700579534,-0.0002621711716428443,0.9997374995115771,0.00010419024020400002,1.1927708095343135,0.0002621711716428998,1.2089789326648681,0.07146831991638791,1.0624487800047682,0.12079415393792903,1.3314367863352747,0.052460234501414515,1.3314367863305159,-0.02839841031695478,0.9696057136709677,-23286880.51410696,0.8237221433253746
target,target,26,68384.83493219076,9431.53717125523,0.1379185484706862,13304.883816003785,0.0033900520926019,0.9984631592877912,0.0006534401866688,0.0015368407122089,1.19944896888432,0.4572066224228812,0.1985623132078808,0.9122217605233024,128141191.59861068,67411.101963904,9434.312563914184,0.1399519113181963,13143.467612376597,0.0039589999022564,0.9982066454190804,0.0007816254379196,0.0017933545809196,1.2511079306676716,0.5373915180488429,0.2333861709102242,0.8927700772854615,123026252.68699592,-973.7329682867567,0.9857609809360176,2.7753926589539333,1.0002942672661472,0.0020333628475101007,1.0147432152458271,-161.41620362718822,0.9878678982951336,0.0005689478096545003,1.1678286329960195,-0.00025651386871072823,0.999743091302544,0.00012818525125079996,1.1961698295724832,0.00025651386871070004,1.1669098596269636,0.05165896178335161,1.0430689117439982,0.0801848956259617,1.175379996028626,0.03482385770234342,1.1753799960252775,-0.019451683237840856,0.978676584926388,-5114938.911614761,0.9600835699449651
target,target,27,70418.06743065259,11505.50699511528,0.1633885651071843,16359.650293194523,0.0048444843289482,0.9977961193429014,0.0010137339379168,0.0022038806570986,1.1965278080903248,0.4525634247428681,0.1965457980770651,0.913366744485433,192733799.5928711,68289.06115652372,10828.77442411047,0.1585726065158532,15509.47539241896,0.0056057828972971,0.997454391157811,0.0011909279027646,0.002545608842189,1.2638620463215695,0.5538747120821771,0.2405447311230418,0.8881100679079977,172517802.8465885,-2129.006274128871,0.9697661927995183,-676.7325710048099,0.9411818556720601,-0.004815958591331104,0.9705245064785144,-850.1749007755625,0.948032208174448,0.0007612985683488997,1.1571474930040777,-0.00034172818509037306,0.9996575170223001,0.00017719396484780015,1.1747933624843776,0.00034172818509039995,1.1550574813725287,0.06733423823124474,1.05627469564427,0.101311287339309,1.2238609701958283,0.04399893304597671,1.223860970192306,-0.025256676577435244,0.9723477160396983,-20215996.746282607,0.8951092294709767
target,target,28,71402.69029089597,10596.765023690125,0.148408484057375,15138.599894243536,0.0064158789957792,0.997091333429396,0.0011766575448049,0.0029086665706039,1.3984231045315991,0.7111740283029222,0.3088589561648661,0.8422254258652657,159573498.2046033,67224.26573884168,10133.030451936453,0.1507347137312302,14771.10763558129,0.0076007866688089,0.99655793731345,0.0013561949051685,0.0034420626865501,1.5278379110751343,0.8390253437962608,0.3643840769876948,0.803710698678154,144462473.37138644,-4178.42455205429,0.9414808526817224,-463.73457175367184,0.9562380999562651,0.002326229673855207,1.0156745059934726,-367.49225866224697,0.9757248185942223,0.0011849076730296995,1.1846836065057536,-0.0005333961159460499,0.9994650478857229,0.00017953736036360008,1.1525825079724334,0.0005333961159461999,1.1833816636645547,0.1294148065435352,1.0925433841325083,0.1278513154933386,1.1797750064034973,0.05552512082282873,1.1797750064013368,-0.038514727187111686,0.9542702867839716,-15111024.833216876,0.9053036688219889
target,target,29,75458.89154393392,11283.082843373217,0.1495262203368564,16247.358061086796,0.007792620205814,0.9964687649635224,0.0013497726304203,0.0035312350364774,1.5361119583173837,0.8460346337066768,0.3674281729178486,0.8012183606665413,175213573.31211448,69561.39639361107,10715.405041650429,0.1540424085367354,15792.866673047569,0.0093200107220608,0.9957808787211124,0.0015872268106077,0.0042191212788876,1.7124939872089755,0.980643323522358,0.4258879841210254,0.7551080854228012,155616745.03625333,-5897.495150322851,0.9218449273550594,-567.677801722788,0.9496877041848365,0.0045161881998790065,1.030203319449088,-454.4913880392269,0.9720267512828589,0.0015273905162468005,1.196004742270286,-0.0006878862424100074,0.999309676060509,0.00023745418018740016,1.1759216135072605,0.0006878862424102,1.1948004689887772,0.17638202889159182,1.1148236806148435,0.1346086898156812,1.1591054130074674,0.05845981120317684,1.1591054130056828,-0.04611027524374012,0.9424498020660398,-19596828.275861144,0.8881546223536427
target,target,30,74297.9927193926,11860.118871684195,0.1596290618035576,17071.81582638456,0.0094678114397466,0.9957040354911008,0.0018851324319035,0.0042959645088991,1.5609181533958203,0.8698286285883666,0.3777617735974007,0.7945861376072696,191876208.56023905,68601.89504257067,10997.54559895375,0.1603096473082742,16182.429830392346,0.0112966476305735,0.994882112118761,0.0021264923289913,0.005117887881239,1.825901903682972,1.0550723708231635,0.4582121086570814,0.7287009846434278,162062889.2679729,-5696.097676821926,0.923334433834103,-862.5732727304458,0.9272711106808698,0.0006805855047166132,1.004263543843601,-889.3859959922156,0.9479032573314394,0.0018288361908268998,1.1931635628014454,-0.0008219233723397723,0.9991745304387226,0.0002413598970878001,1.128033390055284,0.0008219233723398998,1.1913245254810552,0.2649837502871517,1.1697614636036504,0.1852437422347969,1.2129657913584813,0.08045033505968069,1.212965791356665,-0.06588515296384179,0.9170824283907617,-29813319.29226616,0.8446221159153958
target,target,31,75282.01426875015,12450.368261936545,0.1653830384703818,17957.981740079555,0.0099682742736363,0.9954750375012232,0.0019574378417656,0.0045249624987768,1.5539908180561128,0.8669398262777501,0.3765071826945906,0.7967413252528678,209986197.58721617,67058.74839924331,11305.623288467335,0.168592816870929,16629.662504925403,0.0128692965090276,0.9941671460891024,0.0023699171844669,0.0058328539108976,1.899337018874537,1.094699213788367,0.475421827892116,0.712431930560962,167986651.2146225,-8223.265869506838,0.8907671912158128,-1144.744973469209,0.9080553322290922,0.003209778400547203,1.019408147469141,-1328.319235154151,0.9260318194783805,0.0029010222353913,1.2910255230208485,-0.001307891412120843,0.9986861635261066,0.00041247934270129995,1.2107241071412624,0.0013078914121208004,1.289039171304804,0.34534620081842426,1.2222318155323437,0.22775938751061697,1.2627164892023137,0.09891464519752541,1.2627164892004166,-0.08430939469190579,0.8941822244929469,-41999546.37259367,0.7999890142534274
target,target,32,76015.71580815702,12966.733705920253,0.1705796435390381,18690.449800940463,0.0126744836284063,0.994244958898152,0.0030330647795735,0.0057550411018478,1.699627941566431,0.9789789432360956,0.4251651529469131,0.7589446805355401,220042822.56027275,67812.57148774435,11874.223105321387,0.1751035662682014,17559.552193379706,0.0164672245427979,0.992531924002002,0.0037530393398877,0.007468075997998,2.1368660740226337,1.2154704729839243,0.527872119333254,0.6656943016820581,181271716.1570245,-8203.14432041267,0.8920862056852141,-1092.5106005988655,0.9157451193664865,0.004523922729163299,1.0265208827634902,-1130.897607560757,0.939493290979875,0.0037927409143916,1.2992422432573105,-0.0017130348961500452,0.9982770494516294,0.0007199745603142,1.237375266075941,0.0017130348961501996,1.2976581512688985,0.4372381324562027,1.2572552037782885,0.23649152974782872,1.2415695775486701,0.10270696638634086,1.2415695775470186,-0.09325037885348197,0.8771315205891448,-38771106.40324825,0.8238019947565964
target,target,33,77293.72881818644,13856.347312163747,0.1792687133099404,19951.861215870205,0.0148363701860952,0.9932606809528216,0.003783528683058,0.0067393190471785,1.7813762533466757,1.0306730080323792,0.4476156000350881,0.7394418758146554,244999940.1430794,69506.98793457249,12575.726263440974,0.1809275101271631,18536.427334026183,0.0192696947203203,0.9912565081918864,0.004880270210108,0.0087434918081135,2.3180903823870285,1.2906718662082184,0.5605316694420013,0.6344789725527562,198376765.4614906,-7786.740883613951,0.8992577922857072,-1280.6210487227727,0.9075787420831617,0.0016587968172226963,1.0092531305970023,-1415.4338818440228,0.929057551747696,0.0044333245342251006,1.2988146343963056,-0.00200417276093523,0.9979822288344178,0.0010967415270500005,1.289872660585646,0.002004172760935,1.2973850541289755,0.5367141290403528,1.3012918399640307,0.25999885817583923,1.2522612469215055,0.11291606940691318,1.2522612469199232,-0.10496290326189917,0.858051177927788,-46623174.6815888,0.809701281337616
target,target,34,80723.96137577448,14737.862409089232,0.1825710998062108,21173.31556932817,0.0165734434186429,0.9924718054588236,0.0040849852175244,0.0075281945411763,1.9190294966826853,1.1090169867214938,0.4816399576701166,0.7087744851791613,270094655.39341664,73042.68666676279,13459.727556736305,0.184272076657621,19813.877710600816,0.0214864903989994,0.9902495645749284,0.005504804738548,0.0097504354250714,2.556979755324073,1.3732291895038318,0.596385859389989,0.5966079294367135,222465800.47589388,-7681.27470901169,0.9048451713952077,-1278.1348523529268,0.9132754251006803,0.0017009768514101853,1.009316791388157,-1359.4378587273532,0.9357947575911708,0.004913046980356502,1.296440929923684,-0.0022222408838952212,0.9977609027554535,0.0014198195210236002,1.3475702956243436,0.0022222408838951,1.2951890882262826,0.6379502586413879,1.3324337951776368,0.2642122027823379,1.238239996271086,0.11474590171987242,1.2382399962696318,-0.11216655574244783,0.841745776563985,-47628854.91752276,0.823658654599636
target,target,35,90762.6661210391,15861.500539663122,0.174757983844487,22857.245129450963,0.0172871567774119,0.992153660665352,0.0047101414204365,0.0078463393346479,2.096078462539704,1.1958880599426265,0.5193675854070678,0.6734060346990692,310032683.77359897,80146.2195701202,14312.364511070173,0.1785781611139903,21220.18976342377,0.0232067157757252,0.9894750730308932,0.0060606308700563,0.0105249269691066,3.062825653900476,1.5123798028846271,0.6568182029347213,0.5284913507955654,249723192.5243548,-10616.446550918903,0.8830306886670667,-1549.1360285929495,0.9023335765289547,0.0038201772695032887,1.0218598154112428,-1637.0553660271944,0.928379148197615,0.0059195589983132985,1.3424252509068242,-0.002678587634458829,0.9973002290455091,0.0013504894496197996,1.2867195117483174,0.0026785876344586988,1.341380549435225,0.9667471913607719,1.4612170816296426,0.31649174294200066,1.2646499731387233,0.13745061752765342,1.2646499731373462,-0.14491468390350382,0.7848034076958519,-60309491.24924418,0.8054737632330238
target,target,36,91965.714181419,17249.13720886706,0.1875605203787144,25014.989759005108,0.0197917923683441,0.9910084841118918,0.0054246129375728,0.0089915158881082,2.1160564403006457,1.2034997575117177,0.5226733036592406,0.669104764496166,370751400.2308738,81058.77751995035,15216.22611318138,0.1877184257983206,22572.462413235,0.0270707466036033,0.98771110262363,0.0073671311496966,0.01228889737637,3.239606247258662,1.5503157008272814,0.6732935540772609,0.5071540850363875,281111815.1187928,-10906.936661468644,0.8814021425424616,-2032.911095685682,0.8821441866297726,0.00015790541960619686,1.0008418904910612,-2442.527345770108,0.9023574516999022,0.007278954235259198,1.3677764044015395,-0.0032973814882617525,0.9966727010493625,0.0019425182121237993,1.3580934221704801,0.0032973814882617993,1.3667214213852477,1.1235498069580165,1.53096400717783,0.34681594331556376,1.2881728402100645,0.1506202504180203,1.2881728402086703,-0.16195067945977848,0.7579591596803457,-89639585.11208105,0.758221856866189
target,target,37,101411.66114512584,20189.589789979003,0.1990854854560222,29335.672393998186,0.0196178400915817,0.9910778387834044,0.0055977421271795,0.0089221612165955,1.8927192390905576,1.0808809265464734,0.4694206219936074,0.7127126886765865,522472717.5427754,86575.35059262866,17049.193976439252,0.1969289625711418,25265.11352795037,0.0283230321506481,0.9871304348006016,0.0084344299507477,0.0128695651993983,2.930994130195148,1.4749039396867254,0.6405426423433114,0.5444128699898734,356474743.4227256,-14836.310552497176,0.8537021247362709,-3140.3958135397515,0.8444546993669743,-0.0021565228848803852,0.9891678547990083,-4070.558866047817,0.8612420124080532,0.008705192059066398,1.443738557200198,-0.0039474039828028,0.9960170595796548,0.0028366878235682,1.50675571643218,0.0039474039828028,1.4424268835243725,1.0382748911045905,1.5485625494048065,0.394023013140252,1.3645387789363919,0.17112202034970397,1.3645387789347478,-0.16829981868671318,0.7638602183441022,-165997974.12004977,0.6822839383829465
target,target,38,108302.8246738418,21494.09234629089,0.1984628970760568,31347.1041396112,0.0202482863960284,0.990788865097358,0.0063480147773026,0.0092111349026419,1.906349220343009,1.0843955206666116,0.4709469908261131,0.709651572925004,599514152.7358738,91204.64541006592,18151.431591449968,0.1990187178497232,26975.890812211524,0.0302990074696804,0.986227175282979,0.0099076373607531,0.013772824717021,3.041250201760451,1.4962983455354242,0.6498341147469998,0.5297623484256048,407152639.4794534,-17098.179263775877,0.8421261927815114,-3342.660754840923,0.8444846750917702,0.0005558207736663934,1.002800628131769,-4371.213327399677,0.8605544771238989,0.010050721073652003,1.496373909158408,-0.004561689814378989,0.9953959012095618,0.0035596225834505,1.5607457932544873,0.0045616898143791,1.4952364568643433,1.1349009814174418,1.5953269051153407,0.4119028248688126,1.3798455609759648,0.17888712392088674,1.3798455609743074,-0.17988922449939926,0.7465104970335119,-192361513.25642043,0.6791376610900984
target,target,39,115659.08588874448,22780.07825112381,0.1969588301349413,33191.890432717715,0.0213214323837901,0.9902998736148468,0.0071112172213621,0.0097001263851532,1.981398257358044,1.1228024647266597,0.4876269146981587,0.6939883623844094,669683051.2672184,96319.08782976324,19347.796434403008,0.2008718818911448,28737.181657385867,0.0322526348567755,0.9853355132534788,0.0109181078230151,0.0146644867465213,3.22862642347674,1.5338926745130146,0.6661611243728229,0.506670652486767,460227763.8402538,-19339.998058981233,0.8327844465450394,-3432.2818167208025,0.8493296739860199,0.0039130517562034894,1.019867358840945,-4454.708775331848,0.8657892419727687,0.010931202472985398,1.512686121396952,-0.004964360361368048,0.9949870130304653,0.0038068906016530003,1.5353360024893856,0.004964360361368101,1.5117830595954562,1.2472281661186961,1.629468690348045,0.4110902097863549,1.3661287026877575,0.1785342096746642,1.3661287026861733,-0.1873177098976424,0.7300852290162545,-209455287.42696458,0.687232210774008
target,target,40,126216.56481545504,24603.215518852285,0.1949285781531558,35805.54961393078,0.0226303611366299,0.9897056502758864,0.0075834921722549,0.0102943497241134,2.122295637994501,1.1812113271168547,0.5129935613284669,0.6649632974955957,769370650.3783876,104807.94465392752,21314.309399137703,0.2033653982006504,31635.521928173843,0.033774252873579,0.9846370766785116,0.0113961389254238,0.0153629233214882,3.3022474299134656,1.5448991523351994,0.6709411769561883,0.4965386753745596,556931064.0799959,-21408.62016152752,0.8303818504898332,-3288.906119714582,0.866322102605066,0.008436820047494575,1.0432815964000028,-4170.027685756937,0.8835368335154806,0.011143891736949098,1.4924310163755616,-0.005068573597374781,0.99487870601026,0.0038126467531689,1.502756073991236,0.005068573597374799,1.4923646205655756,1.1799517919189646,1.555978993121064,0.36368782521834464,1.3078939533239489,0.15794761562772142,1.307893953322507,-0.1684246221210361,0.7467159123577067,-212439586.2983917,0.7238787492167645
target,target,41,142946.37799147476,24603.365737449847,0.1721160485711445,36304.10650505607,0.0204940081811853,0.9907042651976756,0.0059768254911358,0.0092957348023242,2.5873789376195107,1.337205324581285,0.5807408936372987,0.5810565585273318,771356786.9029483,120052.93154879584,22074.993639472206,0.1838771727993977,32953.498975652954,0.0298635166932148,0.9864458130411377,0.0087375321234631,0.0135541869588623,3.9683846354206103,1.6511865079027317,0.7171011889752563,0.4159827246342131,597565949.4213237,-22893.44644267892,0.839845914500581,-2528.372097977641,0.8972347066267808,0.011761124228253206,1.0683325252050704,-3350.607529403118,0.9077072030698103,0.0093695085120295,1.4571828227908135,-0.004258452156537973,0.9957015909720708,0.0027607066323273,1.4619018298191553,0.0042584521565381,1.4581081803253741,1.3810056978010996,1.5337469814414368,0.31398118332144676,1.2348040181626765,0.13636029533795757,1.2348040181614737,-0.16507383389311875,0.7159074594868894,-173790837.4816246,0.7746946154717753
target,target,42,155835.26425306767,28354.38319939308,0.1819510066306119,41663.41451210282,0.0213593848257456,0.9903006432078276,0.0070952294775445,0.0096993567921723,2.333086559612199,1.2610977529405796,0.5476877952426841,0.6256919343263637,1025122573.7709736,127630.14729427735,25115.5963700698,0.1967841995211418,37451.13311829099,0.0322971236311654,0.9853155836239664,0.0109665735394639,0.0146844163760336,3.364671308740387,1.5474084059675013,0.6720309319623927,0.4867177612031432,787355401.3635222,-28205.116958790313,0.819006839729249,-3238.7868293232787,0.8857747387221386,0.014833192890529895,1.0815230053635372,-4212.281393811827,0.8988973553142602,0.010937738805419803,1.5120811714916005,-0.0049850595838611955,0.9949661149681693,0.003871344061919399,1.545626335642291,0.004985059583861301,1.5139577488654146,1.031584749128188,1.4421545119604193,0.2863106530269217,1.227032878583826,0.12434313671970865,1.2270328785825588,-0.13897417312322052,0.7778872229292493,-237767172.4074514,0.7680597632995136
target,target,43,161680.54391561588,29180.274280401056,0.1804810496903745,43041.87711472678,0.0230061275368654,0.9895519701113868,0.0075798404496702,0.0104480298886132,2.5208140628917666,1.3188838616802598,0.5727839833989884,0.5926953833534553,1089312631.2347095,132975.96005967987,26841.692627138447,0.2018537231473406,40069.60012566496,0.0352197123466846,0.9839712003487616,0.0123998608741802,0.0160287996512382,3.3578857361151435,1.539599814349602,0.668639703711303,0.4851988202237588,908301463.1226923,-28704.583855936013,0.8224611127550543,-2338.5816532626086,0.9198574478501966,0.021372673456966085,1.1184205959158244,-2972.276989061822,0.9309445315049967,0.012213584809819197,1.5308839911765708,-0.005580769762625226,0.9943603065506591,0.0048200204245100004,1.6358999842910704,0.005580769762624999,1.534145654308767,0.8370716732233769,1.332064028658184,0.22071595266934207,1.1673505598794591,0.0958557203123146,1.1673505598783065,-0.10749656312969647,0.8186310098750857,-181011168.11201715,0.8338299190501028
target,target,44,173798.58609924366,32567.032397300965,0.1873837591446475,47699.523867063785,0.0238708481929473,0.98914617617886,0.0087449275071845,0.0108538238211399,2.3164011494695385,1.2519611403168194,0.5437198147968973,0.628583521734485,1356446133.6958206,143044.69461634444,30839.3691099707,0.2155925404481723,45799.24700837228,0.0372851416539962,0.9829927210567286,0.0151336481832767,0.0170072789432713,2.7600830466793123,1.402331790780481,0.6090249585334684,0.5638251721615347,1216460908.1263113,-30753.891482899227,0.8230486670050473,-1727.663287330266,0.9469505459922272,0.028208781303524805,1.150540161170526,-1900.2768586915045,0.9601615130585479,0.013414293461048898,1.561952945746194,-0.0061534551221313905,0.993779023493882,0.0063887206760922,1.730563022862443,0.006153455122131399,1.5669389168248178,0.4436818972097738,1.191539318356057,0.15037065046366171,1.1201080813294964,0.06530514373657104,1.1201080813283313,-0.06475834957295024,0.8969773350164256,-139985225.56950927,0.8968000113737649
target,target,45,185563.27417088175,33950.73787635878,0.1829604377701062,49525.49948096027,0.0248121346698735,0.9887180123908228,0.0092460715757125,0.0112819876091773,2.4148092149731624,1.2998465917039093,0.5645162020977569,0.614224384949219,1449221792.1107955,156334.65413591912,33277.0876413184,0.212858037299823,49206.63705149879,0.0373649442031552,0.9829501751192758,0.015323018025745,0.0170498248807241,2.68856744237323,1.3875558918000024,0.6026078671410865,0.5753201888048355,1412047851.651235,-29228.62003496263,0.842487042947698,-673.6502350403753,0.9801580090101822,0.029897599529716795,1.1634101879780172,-318.8624294614856,0.9935616514158717,0.012552809533281698,1.5059141302750225,-0.0057678372715469495,0.9941663475326055,0.006076946450032501,1.6572463125137515,0.0057678372715468,1.511243006980767,0.2737582274000676,1.1133664000043981,0.08770930009609312,1.0674766550566952,0.038091665043329614,1.0674766550556256,-0.03890419614438356,0.9366612640288832,-37173940.459560394,0.9743490329348302
target,target,46,194242.29972257867,33412.93439167694,0.1720167771870394,48370.89257362957,0.0240345216388281,0.98909091042246,0.0081027027089229,0.0109090895775401,2.7314006952508194,1.4172722465393344,0.6155135160266579,0.5701022345252245,1329170111.429297,172584.51479185835,35223.812453324725,0.2040960192506587,51481.70395099708,0.0339783219608696,0.9845126006829672,0.0132457443994888,0.0154873993170328,2.5833164733917,1.3681530054895783,0.5941813006834733,0.5928677522486624,1535359417.8280902,-21657.784930720314,0.8885011917504454,1810.8780616477816,1.0541969178887463,0.03207924206361931,1.1864890308202438,3110.811377367507,1.0643116389186382,0.009943800322041497,1.413729903596809,-0.004578309739492803,0.9953711942024291,0.005143041690565901,1.6347316289005052,0.004578309739492701,1.419678443882151,-0.1480842218591194,0.9457845119108506,-0.04911924104975607,0.9653424095683382,-0.021332215343184635,0.9653424095674512,0.022765517723437934,1.0399323425584481,206189306.39879322,1.1551263488591927
target,target,47,214712.465627835,34210.030611766146,0.1593295038168068,49311.54922873571,0.0211507726396669,0.99041661799108,0.0065180757194919,0.00958338200892,3.029712025109726,1.5030551017995712,0.6527685367080842,0.5332505161060114,1349298910.047675,199215.0512637303,36344.16104787926,0.1824368230077412,52824.94343244149,0.0272738111854977,0.987605166567602,0.0096774797041025,0.012394833432398,2.681919091737882,1.4056650028213893,0.6104725541298482,0.5796544291663922,1583805393.4327967,-15497.414364104683,0.9278224749606917,2134.1304361131115,1.0623831782067772,0.023107319190934394,1.1450285015407917,3513.3942037057786,1.0712489114346948,0.006123038545830798,1.2894947928785327,-0.0028114514234780508,0.997161344656981,0.0031594039846105995,1.4847142192101088,0.0028114514234780005,1.2933673539850332,-0.3477929333718439,0.8852059435054282,-0.09739009897818196,0.9352052370784582,-0.04229598257823597,0.9352052370776477,0.04640391306038083,1.0870208497839853,234506483.38512182,1.1737987644093153
target,target,48,118.92450487839096,84.51980589702667,0.7107013477453925,126.08189789065072,0.3843776334826583,0.8078148419797909,0.1393220433586178,0.192185158020209,4.308253647864816,1.6668925977959157,0.7239222571481426,0.3390188250291948,9070.874576485665,102.32132687243846,93.56533404250182,0.9144265120715896,139.98777903436115,0.4877017486292044,0.7458804278467287,0.1591977790935917,0.2541195721532713,4.082380049426129,1.6001906567169188,0.6949539722052985,0.3634913362250156,11544.916866412856,-16.6031780059525,0.8603889246969636,9.045528145475146,1.1070225854102709,0.20372516432619714,1.2866536907115795,13.905881143710431,1.1102924478164957,0.1033241151465461,1.2688088643688966,-0.06193441413306222,0.9233309281837447,0.019875735734973893,1.14266038061666,0.061934414133062304,1.3222642932979631,-0.22587359843868704,0.9475718894704405,-0.06670194107899685,0.9599842598328441,-0.02896828494284409,0.9599842598320941,0.024472511195820834,1.072186289928417,2474.0422899271907,1.2727457279963525
target_word_shuffle,target_shuffle,0,33.10863497389326,47.6450022176564,1.439050636041742,65.50036864607243,0.7707816136393445,0.5534406448713828,0.3511671860666215,0.4465593551286172,3.666559421080565,1.4604499442481127,0.634265351882867,0.4408295020844531,2758.619491536674,33.090804289724495,47.4343914201512,1.4334614234468546,65.1523084471549,0.7713657918411235,0.5529574448224774,0.3539805842493919,0.4470425551775225,3.629517443501092,1.455251625821866,0.6320077508751721,0.4455110499851624,2729.298975499888,-0.01783068416876432,0.9994614491299981,-0.21061079750519696,0.995579582585723,-0.005589212594887538,0.9961160417459267,-0.3480601989175369,0.9946861337407237,0.0005841782017790287,1.0007579036531762,-0.0004832000489053412,0.9991269162205881,0.002813398182770377,1.008011563418766,0.00048320004890528567,1.001082051114493,-0.03704197757947281,0.9898973469876164,-0.00519831842624674,0.996440604864469,-0.0022576010076948982,0.9964406048635804,0.004681547900709293,1.0106198606889105,-29.320516036786103,0.9893713083204331
target_word_shuffle,target_shuffle,1,782.4710769893782,515.476143849651,0.658779805424869,692.1245436897744,0.3522743932760119,0.8209124167575326,0.1816946045696793,0.1790875832424674,1.7608013903306978,0.905955780858516,0.3934515964752051,0.7394560379451032,310091.1715851854,751.0199603730371,529.8616132234041,0.7055226774002349,699.482276880047,0.3786727303043949,0.8030600657158891,0.2042966901879819,0.1969399342841109,1.539785037989947,0.7585341188845074,0.3294271821668867,0.797818619726015,323047.2148424858,-31.451116616341096,0.9598053940378821,14.385469373753153,1.0279071486535134,0.04674287197536586,1.0709537110721676,7.357733190272597,1.0106306491474017,0.026398337028383012,1.0749368603883298,-0.01785235104164351,0.9782530381095519,0.022602085618302598,1.1243960197426246,0.01785235104164351,1.0996850296224805,-0.2210163523407509,0.87447968092522,-0.14742166197400863,0.8372749916832101,-0.0640244143083184,0.8372749916820063,0.058362581780911804,1.0789263712580108,12956.043257300393,1.041781399938183
target_word_shuffle,target_shuffle,2,756.5986250478807,483.54855910935646,0.6391084296231108,653.8620927448345,0.3465613706271031,0.825812733891157,0.168446832590223,0.174187266108843,1.9777338810451384,1.014785370371598,0.4407156866685325,0.6897555955285365,275487.64876463986,752.6619173252894,496.6671298079826,0.6598807756515329,660.9660810744022,0.3470379520565794,0.8229866878853548,0.1754260827220224,0.1770133121146452,1.6865030541470456,0.8607126160601914,0.3738027396594533,0.7580631081915202,285285.03553306835,-3.9367077225912226,0.9947968346858375,13.118570698626115,1.0271297896591565,0.02077234602842215,1.032502068607731,7.103988329567642,1.0108646584782808,0.0004765814294762638,1.0013751718133286,-0.002826046005802163,0.9965778609473813,0.006979250131799397,1.0414329555708313,0.002826046005802191,1.0162241825589022,-0.29123082689809277,0.8527451899923746,-0.15407275431140666,0.8481720777509475,-0.06691294700907918,0.8481720777498593,0.06830751266298374,1.0990314730387116,9797.386768428492,1.035563796824876
target_word_shuffle,target_shuffle,3,783.6319135407299,502.794040392402,0.6416201684801193,690.9821013203801,0.3517461906011689,0.8241459957081322,0.152284353313583,0.1758540042918678,2.095732713402674,1.092070583589989,0.4742802283019962,0.6679867216934038,298730.91249502305,688.2715769510031,476.76379752536,0.6926972048408433,650.4531301403687,0.3973079165986642,0.7971971480693825,0.1844794707198666,0.2028028519306175,1.9387632070958996,1.0279692814437935,0.4464413864970904,0.7012114932211531,267355.51133277663,-95.36033658972678,0.8783097842980189,-26.030242867041977,0.9482288158254067,0.051077036360724026,1.0796063447952962,-40.52897118001147,0.9413458451346762,0.045561725997495306,1.1295301191990064,-0.026948847638749718,0.9673008814214262,0.032195117406283585,1.211414480243917,0.026948847638749718,1.1532455729177995,-0.15696950630677464,0.9251004170026812,-0.06410130214619558,0.9413029678572467,-0.027838841804905756,0.9413029678561242,0.033224771527749275,1.049738670616793,-31375.401162246417,0.8949710262650868
target_word_shuffle,target_shuffle,4,589.3572439703374,500.43519476055326,0.8491202914369191,691.7016424813012,0.4916828442605894,0.7456480431461715,0.1781810037719991,0.2543519568538285,2.35446905013142,1.1921244370218824,0.5177330647406242,0.6207517333680214,296036.65781408345,499.40289923620895,457.53356388901886,0.9161612088932076,630.8653316335075,0.5353508919771546,0.7187038550266538,0.1961224373760541,0.2812961449733462,2.295442291715805,1.1768002776503486,0.511077866885761,0.632117451306941,246614.86744836703,-89.95434473412848,0.8473687298248314,-42.901630871534394,0.9142713555706993,0.06704091745628848,1.0789533804942524,-60.8363108477937,0.9120483354216711,0.043668047716565184,1.088813445954467,-0.02694418811951771,0.9638647370322414,0.01794143360405498,1.1006921794307107,0.02694418811951771,1.1059326944116894,-0.059026758415615,0.9749299068453267,-0.015324159371533863,0.9871455035257869,-0.006655197854863237,0.9871455035247082,0.011365717938919606,1.0183096032229086,-49421.79036571641,0.8330551671180053
target_word_shuffle,target_shuffle,5,971.8863996930352,460.32024228985154,0.4736358513044741,657.6159451535326,0.2155786136200839,0.8977020631073034,0.067768758040659,0.1022979368926966,3.505437456031757,1.466853949916226,0.6370465762066058,0.4524176512718747,257244.2621689028,904.6673379737496,417.4673962065217,0.4614595649507518,594.3459607815065,0.2086065818017998,0.9011727482056308,0.0698756934704706,0.0988272517943691,3.456103920808129,1.4534655015307552,0.6312320469515493,0.457035100068054,212160.71863776716,-67.2190617192856,0.9308365033809328,-42.85284608332984,0.9069064487145724,-0.01217628635372231,0.9742918819993017,-63.2699843720261,0.9037888529949567,-0.006972031818284097,0.9676589820197163,0.003470685098327375,1.0038661881708393,0.0021069354298115933,1.031090069962864,-0.0034706850983275,0.966072775221908,-0.04933353522362793,0.9859265681264042,-0.01338844838547093,0.9908726779600474,-0.005814529255056433,0.9908726779591678,0.004617448796179258,1.010206164110061,-45083.54353113563,0.824744221111006
target_word_shuffle,target_shuffle,6,1105.0538822257429,533.1975843690636,0.4825082224000915,752.7336086389324,0.1835982110134993,0.9123396094074896,0.0372248474837372,0.0876603905925105,3.250269308839477,1.414885413011371,0.6144769273962418,0.4814176111254122,339070.90308682097,992.7336911933836,450.7118044899104,0.4540107870702977,641.993728971431,0.1872555750322411,0.9114372995441544,0.051319756211316,0.0885627004558454,3.645082802972228,1.482402985613145,0.6437994366086944,0.429416138085983,247372.08666797893,-112.32019103235928,0.8983577245969848,-82.48577987915326,0.8452997869884199,-0.02849743532979382,0.9409389643372649,-110.73987966750144,0.8528830406978394,0.00365736401874181,1.0199204774247663,-0.0009023098633351712,0.9990109934337718,0.014094908727578799,1.3786424842266432,0.0009023098633348936,1.0102932448307125,0.39481349413275124,1.1214710095123162,0.06751757260177405,1.0477194633429892,0.029322509212452608,1.0477194633420246,-0.0520014730394292,0.8919826116897612,-91698.81641884203,0.7295585802732178
target_word_shuffle,target_shuffle,7,1078.9017883825118,670.2168063756329,0.6212027949090905,949.5121857501888,0.2595316826871759,0.8716258107905526,0.059929972332241,0.1283741892094474,2.9986761921198983,1.3560935730800274,0.58894395573312,0.5113229486487991,549882.9368093758,987.162028924971,583.4068748175465,0.5909940391982881,826.6336892401046,0.2508728714685754,0.877140183820668,0.0722275740982753,0.1228598161793319,3.19041818239152,1.3918368132469787,0.6044670477029697,0.4839122981567066,419558.9407897918,-91.7397594575408,0.9149693137546118,-86.80993155808642,0.870474851223839,-0.030208755710802393,0.9513705412156515,-122.87849651008423,0.8705877624803714,-0.008658811218600515,0.9666367854209,0.0055143730301154825,1.0063265370997994,0.012297601766034297,1.205199523481396,-0.00551437303011551,0.9570445346916611,0.19174199027162153,1.063942212491775,0.035743240166951296,1.026357502812098,0.01552309196984969,1.0263575028111125,-0.027410650492092514,0.9463926847690425,-130323.99601958395,0.762996835697845
target_word_shuffle,target_shuffle,8,1994.5651416897845,785.8648345762178,0.3940030927796307,1100.9275681575457,0.0916746497427755,0.9569197811028578,0.0204497743010886,0.0430802188971422,2.290861349999105,1.1709819268649737,0.5085509892458953,0.630329760715172,775346.6781458496,1828.3757129614976,690.5846665077054,0.377703915892175,967.980957587474,0.0878881535643827,0.9588499014980674,0.0205193931824112,0.0411500985019326,2.437878024454585,1.224337064135538,0.5317228309436919,0.6060574578196949,587868.3864405211,-166.18942872828688,0.916678866358061,-95.28016806851247,0.8787575625267751,-0.01629917688745569,0.9586318554673616,-132.9466105700717,0.8792412739808443,-0.003786496178392801,0.9586963660076607,0.001930120395209567,1.0020170137897904,6.961888132260216e-05,1.0034043837987734,-0.0019301203952095947,0.9551970615383102,0.14701667445548017,1.0641752825654305,0.05335513727056429,1.045564441299589,0.023171841697796625,1.045564441298426,-0.024272302895477105,0.9614926909544946,-187478.2917053285,0.7582006901046371
target_word_shuffle,target_shuffle,9,3244.712285103197,835.0972373506127,0.2573717371443466,1167.250874442959,0.0370393416675736,0.9829768782570042,0.0065473551901701,0.0170231217429958,2.195524524108724,1.163840587932269,0.5054495451540207,0.6515276835640933,830445.106148023,2836.667824024309,683.5144284006643,0.2409568094691395,978.0551564914266,0.0411813630928052,0.981168538316258,0.0088708585491043,0.018831461683742,2.82076348901948,1.3578591555464326,0.5897107384556249,0.5497967977739334,569915.450990601,-408.0444610788877,0.8742432532609249,-151.58280894994834,0.8184848396447183,-0.01641492767520708,0.9362209391820789,-189.1957179515324,0.8379134065401133,0.004142021425231603,1.1118276199748427,-0.0018083399407461398,0.9981603433592957,0.002323503358934201,1.3548766318753755,0.0018083399407462022,1.1062284560341595,0.6252389649107561,1.284778857190533,0.19401856761416347,1.1667054488602246,0.0842611933016042,1.166705448858919,-0.10173088579015988,0.8438579229135763,-260529.65515742206,0.686277090166892
target_word_shuffle,target_shuffle,10,3473.457335557905,1179.6924767179316,0.3396306223892195,1609.5331551446352,0.0388387219259021,0.9816609889218606,0.0032301071570819,0.0183390110781394,1.5179978038963733,0.7800448037158139,0.3387691538910831,0.8057139474873005,1701858.3778692004,3114.3014652027587,912.6983450434798,0.2930667937068378,1267.8739083209966,0.0397960547393511,0.9815301009115516,0.0047489176808138,0.0184698990884483,1.910699077938642,1.0461951559705924,0.4543567832319401,0.7091123983686197,986618.7843440912,-359.15587035514636,0.8965998900638692,-266.99413167445186,0.7736748034392257,-0.04656382868238168,0.8628986151022565,-341.65924682363857,0.7877277360012275,0.0009573328134490008,1.0246489267656846,-0.00013088801030902708,0.999866666789466,0.0015188105237319005,1.4702043766355415,0.0001308880103088987,1.0071371356254746,0.3927012740422686,1.2586968657220914,0.26615035225477857,1.3411988016401188,0.11558762934085703,1.3411988016378793,-0.0966015491186808,0.8801044099821996,-715239.5935251092,0.5797302508681011
target_word_shuffle,target_shuffle,11,6448.707700431629,1307.3965405563115,0.2027377579028437,1877.6656774008836,0.0136747609606095,0.9937682473014108,0.0024632010882557,0.0062317526985891,1.4702520061609432,0.7508223024434612,0.3260779828410896,0.8195896306515053,2423135.5932597374,5939.084086417658,1286.512704444194,0.2166180316231545,1790.0087551358158,0.0138095554008231,0.9936950453853196,0.0024672109889307,0.0063049546146803,1.445981823753309,0.731939591782614,0.3178773257977079,0.8272091245367669,2150796.277013721,-509.62361401397084,0.9209727533502781,-20.88383611211748,0.984026394850921,0.013880273720310782,1.068464176889507,-87.6569222650678,0.9533160118331577,0.00013479444021360053,1.0098571696859653,-7.32019160911701e-05,0.9999263390460604,4.00990067499999e-06,1.0016279221751285,7.320191609120046e-05,1.01174660141697,-0.024270182407634122,0.9834925017568988,-0.018882710660847124,0.9748506263061574,-0.008200657043381687,0.974850626304466,0.007619493885261619,1.0092967182591066,-272339.3162460164,0.8876087178102773
target_word_shuffle,target_shuffle,12,7055.973243273349,1334.6330874120106,0.1891493974533353,1965.921762563731,0.0136479030433041,0.9937990096624324,0.0026185779976368,0.0062009903375676,1.5277291236626074,0.8049370807115477,0.3495797324323376,0.8028295846525217,2754024.8764013685,6118.916967183521,1166.183376588196,0.1905865666820739,1698.0004580081218,0.015266856022667,0.9930670924606096,0.003126432469568,0.0069329075393904,1.784639840420088,0.9979373664121026,0.4333986915178396,0.7375067572400067,1778638.0836061034,-937.0562760898283,0.8671967361861597,-168.44971082381448,0.8737857524943755,0.0014371692287385995,1.007598064001687,-267.92130455560914,0.8637172090682705,0.0016189529793629014,1.1186228370107425,-0.0007319172018227516,0.9992635158661805,0.0005078544719312001,1.1939428465356323,0.0007319172018228001,1.1180323078832388,0.2569107167574807,1.1681650973180309,0.19300028570055494,1.2397706483203719,0.08381895908550202,1.2397706483183653,-0.06532282741251505,0.9186342548129857,-975386.7927952651,0.6458322504080702
target_word_shuffle,target_shuffle,13,7790.886975902579,1404.300466199774,0.1802491129114454,2118.7963250161874,0.0133418191430792,0.9939530963148931,0.0032077614405008,0.0060469036851067,1.6376155261374628,0.8936800558099788,0.3881203168252639,0.7728680852556306,2944015.594459621,6838.070318747427,1351.970506456199,0.19771228481661,2005.766489330664,0.0150647799132239,0.9931651542139224,0.0034215864185147,0.0068348457860775,1.7114082320035315,0.9582240728460504,0.4161514272638992,0.7551040168177123,2427741.278957208,-952.8166571551519,0.8777011320916039,-52.329959743575046,0.9627359236836346,0.01746317190516458,1.096883538687079,-113.0298356855235,0.946653751306341,0.0017229607701446988,1.1291398684495966,-0.0007879421009707732,0.9992072643016141,0.00021382497801389995,1.0666586281160169,0.0007879421009708001,1.1303050521180231,0.07379270586606879,1.0450610687839983,0.0645440170360716,1.07222273409302,0.02803111043863532,1.0722227340914572,-0.017764068437918223,0.9770153939879408,-516274.3155024126,0.8246360119579544
target_word_shuffle,target_shuffle,14,13637.78828646647,1528.430222172488,0.1120731741883127,2360.410818083831,0.0052971657344079,0.9976093269457744,0.0010548232940139,0.0023906730542255,1.651977521809418,0.917529658611541,0.3984780677175666,0.7695012954709363,3627554.330577264,12156.767126039407,1507.1719168892198,0.1239780199178863,2263.401752675348,0.005879991576443,0.997346177955033,0.0011892785721233,0.002653822044967,1.73063774021327,0.9866774899278508,0.4285085892938168,0.7509485643746984,3042760.2049217788,-1481.0211604270626,0.8914031271553934,-21.2583052832681,0.9860914126305009,0.011904845729573607,1.1062238650300389,-97.00906540848337,0.9589016180296802,0.0005828258420351,1.1100259780696138,-0.00026314899074142417,0.9997362203974708,0.0001344552781094,1.1274671101263727,0.00026314899074150007,1.1100731817620617,0.07866021840385207,1.0476157922031817,0.06914783131630975,1.0753630475769829,0.03003052157625019,1.0753630475754563,-0.018552731096237896,0.9758899287026418,-584794.1256554853,0.838791077303472
target_word_shuffle,target_shuffle,15,18421.520110834168,1890.005552543549,0.1025976977563316,2917.498626499181,0.0033171423398957,0.9985040009443462,0.0007301337751961,0.0014959990556537,1.4786101637751006,0.7765684888455389,0.3372594095255645,0.817395953916814,5346644.284820228,16697.61018084692,1875.8135681159529,0.1123402419747236,2815.630340745833,0.0037382970727898,0.9983133962897274,0.0009042223505951,0.0016866037102726,1.4795460544274814,0.7888400533851241,0.3425888822894259,0.8176260745343168,4867591.418338508,-1723.9099299872469,0.906418692940906,-14.191984427596026,0.9924910355906111,0.009742544218392005,1.0949587020991005,-101.86828575334766,0.9650836902447546,0.0004211547328941,1.1269631172295065,-0.00019060465461884224,0.9998091097727817,0.00017408857539900002,1.2384338049747246,0.00019060465461889992,1.1274096081619533,0.0009358906523808663,1.0006329529407472,0.012271564539585222,1.015802295244831,0.00532947276386142,1.015802295243127,0.00023012061750282697,1.0002815289400442,-479052.86648171954,0.9104012085034704
target_word_shuffle,target_shuffle,16,23065.95831555768,2203.8572260671904,0.0955458774318827,3280.8428270967684,0.0025958099705921,0.9988290128481332,0.0006088619100754,0.0011709871518668,1.4001389994249265,0.711912077324451,0.3091794867822902,0.841904167629475,6741510.730969448,20785.63836580822,2082.117520717257,0.1001709682461463,3118.7211689912147,0.0029935215220721,0.998649189756501,0.0007261265000903,0.001350810243499,1.410459330715801,0.7321964216955092,0.317988865611666,0.8390189988691348,6129146.393361828,-2280.3199497494606,0.9011391628063675,-121.7397053499335,0.944760620647291,0.004625090814263599,1.0484070159543257,-162.1216581055537,0.9505853627712435,0.00039771155147999993,1.1532128910946704,-0.0001798230916322252,0.9998199660899725,0.00011726459001490006,1.1925963619694684,0.00017982309163220005,1.1535653830120671,0.010320331290874618,1.00737093338169,0.020284344371058194,1.0284927661941956,0.008809378829375825,1.0284927661923138,-0.0028851687603401732,0.9965730437355353,-612364.3376076194,0.9091651171310143
target_word_shuffle,target_shuffle,17,26216.323367191824,2440.7282906061896,0.0930995645888552,3778.179415429213,0.0022912890684718,0.9989670721621068,0.000380538207058,0.0010329278378933,1.382706100880791,0.6974988821531684,0.3029199156528075,0.8475380106566951,9173218.707918469,24026.084178669167,2206.912983817957,0.0918548760341603,3373.200076802229,0.0026455368655075,0.9988073818023472,0.0004741156620938,0.0011926181976529,1.4909885145857462,0.8134085171992739,0.3532588305527509,0.8147501624296248,7322634.369322706,-2190.239188522657,0.9164551353046091,-233.81530678823265,0.9042026481652482,-0.001244688554694895,0.9866305652321973,-404.9793386269839,0.8928109827253987,0.00035424779703569984,1.1546063308883863,-0.0001596903597596011,0.9998401445200653,9.357745503579996e-05,1.2459081691516698,0.00015969035975960002,1.154599723956221,0.10828241370495517,1.0783119519288302,0.11590963504610552,1.166178954562806,0.05033891489994341,1.1661789545606283,-0.03278784822707026,0.9613140085568237,-1850584.3385957628,0.7982622678560679
target_word_shuffle,target_shuffle,18,30941.486210435258,3038.943371654307,0.0982158177854236,4609.672117412739,0.0022377308778483,0.9989904847567332,0.0004406012244798,0.0010095152432667,1.3000885854507176,0.6072920552620275,0.2637435885039831,0.8753738522258754,13936605.924675152,29402.82254722007,2641.009406369881,0.0898216285912176,4013.282975109352,0.0024479709049366,0.9988959345633504,0.0005168487083815,0.0011040654366496,1.4071972544826588,0.7385556472230301,0.3207506421674467,0.8402828971269676,10507374.425137503,-1538.6636632151894,0.9502718242830798,-397.933965284426,0.8690551561453401,-0.008394189194205995,0.9145332250507786,-596.389142303387,0.8706222206020757,0.0002102400270882999,1.093952328260539,-9.455019338289183e-05,0.9999053542592993,7.624748390170006e-05,1.1730532701507335,9.455019338289986e-05,1.0936590040812906,0.10710866903194116,1.0823856698916605,0.13126359196100268,1.2161457421061608,0.05700705366346359,1.2161457421035529,-0.035090955098907806,0.9599131787971055,-3429231.4995376486,0.7539406999041209
target_word_shuffle,target_shuffle,19,36153.87552001029,2886.172496515341,0.0798302382525468,4203.165497149898,0.0019248864939412,0.9991324416650168,0.0003245240955724,0.000867558334983,1.4863818945100955,0.8237355091832099,0.3577437861860335,0.8165990647489173,10895949.837894836,36470.6584637015,3764.7071489670416,0.1032256424082383,5422.082937946599,0.0020328169578266,0.999082324912706,0.0004268772258764,0.0009176750872939,1.230116174291176,0.5113081008696059,0.2220582867601011,0.9006676968317351,20840114.855033416,316.78294369120704,1.0087620743042023,878.5346524517004,1.304394367804561,0.023395404155691496,1.2930644410753973,1218.9174407967002,1.2899998683428544,0.00010793046388539993,1.0560710790839107,-5.0116752310813695e-05,0.9999498397297287,0.00010235313030399997,1.3153945435332732,5.01167523109e-05,1.0577675866074348,-0.2562657202189196,0.8275909299176365,-0.31242740831360405,0.6207187806872404,-0.1356854994259324,0.6207187806862589,0.08406863208281778,1.1029497040969105,9944165.01713858,1.9126478338358295
target_word_shuffle,target_shuffle,20,38280.58911485809,3355.614283649743,0.0876583762486379,5152.491686705445,0.0019131214998847,0.999137446037916,0.0003341507868336,0.0008625539620839,1.3192485100569804,0.6321456012752826,0.2745373463932684,0.8687602117376667,18219516.74644797,39851.430602564746,4532.572505536481,0.1137367576772708,6841.813348441413,0.0020181608685359,0.9990883378507804,0.0004494584119736,0.0009116621492195,1.1681124416675113,0.4063979691352223,0.176496395452115,0.924666370616169,33931514.04481986,1570.8414877066534,1.041034935042234,1176.958221886738,1.350743000356589,0.026078381428632905,1.297500165339198,1689.3216617359676,1.32786499512358,0.00010503936865119998,1.054904702917523,-4.910818713554921e-05,0.9999508494168343,0.00011530762514000003,1.3450766191143047,4.910818713559995e-05,1.056933465310417,-0.15113606838946914,0.8854377569971053,-0.22574763214006033,0.6428866519275263,-0.09804095094115337,0.6428866519262015,0.055906158878502255,1.0643516566736133,15711997.298371892,1.8623717915808642
target_word_shuffle,target_shuffle,21,41787.14284385573,3117.2432843290508,0.0745981436437787,4760.209327729591,0.001836854825792,0.999172357877904,0.0003330070935384,0.0008276421220958,1.5016425939261475,0.8306972971021179,0.3607672522633959,0.8118812929729096,14143387.356924184,43666.52043942107,4420.848338757214,0.1012411406787104,6655.235576570018,0.0020089306667916,0.9990932769124996,0.0004261971851134,0.0009067230875003,1.2253184483904145,0.5000636107660851,0.2171748667563262,0.9024047016773936,31454216.01576257,1879.37759556534,1.0449750202493606,1303.6050544281634,1.4181916313627563,0.026642997034931698,1.3571536198112417,1895.026248840427,1.398097251270307,0.0001720758409996001,1.0936796079307607,-7.908096540443221e-05,0.9999208535286421,9.319009157499996e-05,1.2798441597893764,7.908096540449998e-05,1.0955497094670548,-0.27632414553573303,0.8159854104736862,-0.33063368633603285,0.6019805439477794,-0.1435923855070697,0.6019805439468353,0.09052340870448405,1.111498330466389,17310828.658838388,2.223952100156793
target_word_shuffle,target_shuffle,22,46705.31868374095,5195.421447339684,0.1112383256074069,7373.454285312076,0.0019007849915299,0.9991421458076456,0.0003915972942652,0.0008578541923542,1.2033889467021053,0.4680781023892623,0.2032837369674019,0.910788372549992,35982392.67250546,50058.082108070135,6473.124535183344,0.1293122761117485,8939.166229483153,0.0020793012761242,0.9990596433221576,0.0004769807284862,0.0009403566778425,1.1427336874321457,0.3626867020308882,0.1575128333517036,0.9350673034727044,60168043.4706153,3352.763424329183,1.0717854736637595,1277.70308784366,1.245928670232885,0.0180739505043416,1.1624795267682062,1565.7119441710774,1.212344429569459,0.00017851628459429982,1.0939171364966949,-8.250248548802297e-05,0.9999174266776413,8.538343422100005e-05,1.2180388737444576,8.250248548829998e-05,1.0961730852718878,-0.06065525926995963,0.9495962968272765,-0.10539140035837408,0.7748422756347968,-0.0457709036156983,0.7748422756326402,0.024278930922712383,1.026657049709265,24185650.798109837,1.672152377920948
target_word_shuffle,target_shuffle,23,54373.264100863445,7052.196099125698,0.1296997010524095,9702.026945492064,0.0020537038098179,0.9990716624748656,0.0004250329749566,0.0009283375251343,1.1542708906063954,0.3828906353988106,0.1662872901261333,0.9302840361386427,64947206.33675136,57497.60629097351,8267.156185093158,0.1437826149362849,11262.692923014962,0.002301306437956,0.9989581380125564,0.0005085530481927,0.0010418619874437,1.1306366580672065,0.3379449458180626,0.146767625155878,0.940099828908242,96520286.12425286,3124.3421901100664,1.0574610011331,1214.9600859674592,1.1722810978154852,0.01408291388387542,1.1085809278548464,1560.6659775228982,1.1608597859283458,0.0002476026281381001,1.1205639420026643,-0.00011352446230916691,0.9998863700497441,8.352007323609998e-05,1.196502570296165,0.00011352446230940001,1.122287915885646,-0.02363423253918895,0.9795245355899495,-0.04494568958074796,0.882614811054817,-0.019519664970255313,0.8826148110518143,0.009815792769599208,1.0105513933242705,31573079.7875015,1.4861345324661854
target_word_shuffle,target_shuffle,24,59336.43558121839,9256.876986270538,0.156006623849185,12458.559504962574,0.0025174922476166,0.998858473098951,0.00059102288584,0.0011415269010489,1.116314081319308,0.3131425001227776,0.1359960598527106,0.9462176807953352,105151660.29388104,59515.2842632262,8680.63740493213,0.1458555984802007,12047.422624635896,0.003045047831279,0.9986205972691032,0.0007231373552555,0.0013794027308968,1.1653380403289628,0.4045509591491137,0.1756942492071279,0.9258331569515036,98285702.35166466,178.84868200781057,1.0030141460344886,-576.2395813384082,0.9377501092222499,-0.010151025368984323,0.934932087372569,-411.1368803266778,0.9669996454916868,0.0005275555836624,1.2095559908684126,-0.0002378758298478001,0.9997618523171661,0.00013211446941550008,1.2235352832474418,0.00023787582984790005,1.208383900914593,0.04902395900965484,1.0439159192103644,0.0914084590263361,1.291906908162273,0.039698189354417296,1.2919069081568995,-0.020384523843831603,0.9784568347658902,-6865957.942216381,0.9347042364996692
target_word_shuffle,target_shuffle,25,63190.47660731485,9855.06895641395,0.1559581361865079,13308.063807233322,0.002777183447636,0.9987391522003812,0.0006480353214426,0.0012608477996188,1.1202206791938227,0.3205645467669659,0.1392194137547102,0.9445447375673228,121383017.12455098,62223.47197709433,8324.963513592642,0.1337913692224892,11768.58195261031,0.003480526324341,0.9984237446620768,0.0007751172362299,0.0015762553379232,1.2226838036345835,0.4960646414948567,0.2154381364685311,0.9033821489470344,96735416.32303376,-967.0046302205228,0.9846969878668619,-1530.1054428213083,0.8447392453986357,-0.022166766964018703,0.8578671975255738,-1539.4818546230126,0.8843196217780185,0.0007033428767050003,1.2532576218724203,-0.00031540753830439083,0.9996841942777459,0.00012708191478729997,1.1961033749029264,0.00031540753830439994,1.2501551235205421,0.10246312444076078,1.091466910353242,0.1755000947278908,1.5474719412871412,0.07621872271382091,1.5474719412808526,-0.04116258862028843,0.9564207104395508,-24647600.80151722,0.7969435808616757
target_word_shuffle,target_shuffle,26,63495.40265244348,9430.360656484894,0.1485203693896409,13021.490482954689,0.0034864538387288,0.9984178201984024,0.0007855776914488,0.0015821798015975,1.1712631125513555,0.4142295649938923,0.1798976143180318,0.9234322104702288,117931914.25816312,63785.16099371838,8556.311923179286,0.1341426718985928,12153.235954286827,0.004118812741057,0.9981341192339755,0.0009354663733633,0.0018658807660244,1.264789600522438,0.5565070973431955,0.2416879615161455,0.8877997068340033,105202419.4738749,289.7583412749009,1.0045634538749357,-874.048733305608,0.9073154500507294,-0.014377697491048086,0.9031937669490195,-868.2545286678615,0.9333214174057555,0.0006323589023282,1.1813759568884437,-0.00028370096442686954,0.9997158494573242,0.00014988868191450006,1.1908005819860639,0.0002837009644269001,1.1793101915225703,0.09352648797108243,1.0798509634323532,0.14227753234930318,1.3434750784871128,0.06179034719811369,1.3434750784828875,-0.0356325036362255,0.961412973000972,-12729494.784288228,0.8920606447850726
target_word_shuffle,target_shuffle,27,65680.45259203581,11340.148848434808,0.1726563749320125,15822.223985325838,0.0049349608794412,0.9977527626278704,0.0011775669557058,0.0022472373721296,1.174883052972277,0.4183093371224308,0.1816694368408787,0.9219522928952114,173699740.9807883,64742.686406484376,9987.840968156706,0.1542697951309657,14436.711787919156,0.0057371369380352,0.997394207740146,0.0013759236405854,0.0026057922598539,1.2694732731410343,0.5610860333528171,0.2436765681581123,0.8860737118503375,146800166.95225534,-937.766185551438,0.9857222940990339,-1352.307880278102,0.880750429438609,-0.0183865798010468,0.8935076691539454,-1385.5121974066824,0.9124325253711701,0.0008021760585940002,1.1625496284627657,-0.0003585548877244049,0.9996406375385224,0.0001983566848796001,1.1684462040566217,0.00035855488772429996,1.159553632834506,0.0945902201687574,1.0805103281797943,0.14277669623038636,1.3413184539728722,0.06200713131723362,1.3413184539686955,-0.03587858104487396,0.9610841240676724,-26899574.028532952,0.8451375121422425
target_word_shuffle,target_shuffle,28,67276.31444853985,9787.881903339254,0.1454877839782094,14013.237935953151,0.0063956861632842,0.9970998765832488,0.0013548897758358,0.0029001234167511,1.387986842276517,0.7054506338566152,0.3063733175390792,0.8458543961004334,130147826.27601604,63959.37815415252,9021.65544609762,0.1410528949226798,13185.67832745575,0.0077173781032681,0.9965051543058404,0.0016149102703905,0.0034948456941596,1.5866015903829729,0.8900752759335625,0.3865547808164604,0.7875910148449848,114275164.5285497,-3316.936294387335,0.9506968192063422,-766.2264572416334,0.9217168264994873,-0.004434889055529606,0.9695171035310884,-827.5596084974022,0.9409444403727585,0.0013216919399839005,1.2066536576426625,-0.0005947222774084215,0.9994035479369973,0.00026002049455469984,1.19191265444629,0.0005947222774085,1.2050679197886265,0.19861474810645596,1.1430955554157511,0.1846246420769473,1.261711639645661,0.08018146327738118,1.2617116396433317,-0.05826338125544861,0.9311188999844582,-15872661.74746634,0.8780412842715961
target_word_shuffle,target_shuffle,29,71308.10976891256,10387.74871757694,0.1456741561547544,14959.47743194226,0.0077091731125673,0.9965054308966148,0.001584865181315,0.0034945691033853,1.5109546989642024,0.8328085150265134,0.3616841425580561,0.8089637725921983,142426964.5093225,66272.03423378475,9514.340062019215,0.1435649316038183,13960.473593962914,0.009489792971305,0.9957033522525718,0.0019417318484202,0.0042966477474282,1.797363963597736,1.039612569008512,0.4514980020376603,0.7351795079322564,122008850.05457836,-5036.075535127806,0.9293758374545593,-873.4086555577251,0.9159193508329821,-0.002109224550936095,0.9855209420284479,-999.0038379793459,0.9332193358675603,0.0017806198587377005,1.230974169538884,-0.000802078644043025,0.999195108606362,0.0003568666671051998,1.2251716234840413,0.0008020786440428996,1.2295214714845326,0.28640926463353367,1.1895551632545203,0.20680405398199864,1.248321253024372,0.08981385947960419,1.2483212530224195,-0.07378426465994192,0.9087916329993115,-20418114.45474413,0.8566415107905521
target_word_shuffle,target_shuffle,30,70250.17845472206,11095.970360249252,0.1579493547820789,15965.90436587996,0.0096085650428935,0.995638018372144,0.0022544393951557,0.004361981627856,1.52650089667812,0.8480555444966613,0.3683058433223576,0.8047273128619746,162269786.92254162,65056.24631193769,9864.41339660017,0.1516289973033699,14451.12594972552,0.011626334154275,0.9947311680992104,0.0025958536964157,0.0052688319007897,1.893325103895323,1.0958666146509817,0.4759288236449184,0.7139112018035545,130299721.53945084,-5193.932142784368,0.9260652106936357,-1231.5569636490818,0.889008628928834,-0.006320357478708988,0.9599849110596931,-1514.7784161544405,0.9051241707678264,0.0020177691113814986,1.2099969247399585,-0.0009068502729336902,0.9990891767317047,0.00034141430125999997,1.151440886298467,0.0009068502729336998,1.2078986912587102,0.366824207217203,1.2403039579041346,0.24781107015432036,1.2922108955730125,0.10762298032256079,1.2922108955710274,-0.09081611105842013,0.8871467270865654,-31970065.38309078,0.8029820215493876
target_word_shuffle,target_shuffle,31,72177.48844444953,12312.546914954415,0.1705870788844448,17683.645300943852,0.0098026714048621,0.9955438609136332,0.0023597055889819,0.0044561390863666,1.435895477475044,0.76155810690462,0.3307404834773632,0.8312411700972587,198848478.27836496,62571.82494227465,10278.915849185372,0.1642738702070482,15030.740605100074,0.013662082750274,0.9938025514141684,0.0031221146228201,0.0061974485858314,1.9184176044928616,1.107293785643788,0.4808915809508593,0.7084077102889219,139305284.61350232,-9605.663502174873,0.8669160743994612,-2033.6310657690428,0.8348326240041317,-0.006313208677396598,0.9629912844534014,-2652.9046958437775,0.8499797609205506,0.0038594113454119006,1.3937101617120342,-0.001741309499464827,0.9982508962499502,0.0007624090338382,1.3230949810328025,0.0017413094994648002,1.3907664155729582,0.4825221270178175,1.3360426539297792,0.3457356787391681,1.4539846344003469,0.15015109747349614,1.45398463439786,-0.12283345980833682,0.8522288545996621,-59543193.66486263,0.7005599731997495
target_word_shuffle,target_shuffle,32,73393.29404118693,12902.559615913844,0.1758002523864533,18473.645383060742,0.0123873018389913,0.994368479691629,0.0034240884926685,0.0056315203083709,1.545120239776917,0.860989143525685,0.3739228340118118,0.79952497695798,212958422.09559745,63351.13454794678,10714.237343148332,0.1691246324095324,15732.046964664314,0.0171341917284217,0.9922258007470908,0.0044958936928718,0.0077741992529093,2.189700624472245,1.2361079676546307,0.5368348693890493,0.6556758901193258,147582227.55391607,-10042.159493240157,0.8631733372315367,-2188.322272765512,0.8303962672595238,-0.006675619976920899,0.9620272446298413,-2741.5984183964283,0.8515940756928075,0.0047468898894304015,1.3832061210541822,-0.0021426789445382344,0.9978451861766571,0.0010718052002033,1.313019129378572,0.0021426789445384,1.3804796619436783,0.6445803846953277,1.4171716660620368,0.3751188241289457,1.4356835704006987,0.16291203537723753,1.435683570398527,-0.14384908683865416,0.8200818098431534,-65376194.54168138,0.6930095842260989
target_word_shuffle,target_shuffle,33,74849.56598113573,13692.251006954108,0.1829302658936586,19523.654519145435,0.0145426739475658,0.993387191876256,0.0042008252622122,0.0066128081237438,1.6277440154258298,0.9237904960304204,0.4011971148606794,0.7773198164317819,234573083.98939627,64762.141634955886,11184.572772872649,0.1727023302582644,16355.153793888008,0.019822017537836,0.9910074603278332,0.0053489565095338,0.0089925396721668,2.4887540760184104,1.344809439883771,0.5840433189529247,0.6057203629280589,155429368.58348048,-10087.424346179847,0.8652306901990298,-2507.678234081459,0.8168542022193542,-0.010227935635394203,0.9440883355940454,-3168.500725257427,0.8377096499966076,0.0052793435902702,1.3630242696729682,-0.0023797315484228587,0.9976044269858908,0.0011481312473216,1.2733108792636783,0.002379731548423,1.3598670190533009,0.8610100605925806,1.528959131430629,0.4210189438533507,1.4557515428671728,0.18284620409224533,1.4557515428651207,-0.17159945350372308,0.7792421473413421,-79143715.4059158,0.6626052995513609
target_word_shuffle,target_shuffle,34,77941.99528391758,14373.81815470894,0.1844168615692958,20473.313175026426,0.0162324370002398,0.9926203006844712,0.0045485530170287,0.0073796993155287,1.7490165684313237,1.0077928756077152,0.4376788847778409,0.747236700503087,252652282.3553883,67759.98466232995,11939.220940898736,0.1761986960356582,17490.397759253083,0.0225008647388907,0.9897908653366144,0.0061449713902577,0.0102091346633856,2.795898011777379,1.4341129225923777,0.6228273287080149,0.5603004897614668,174850323.44487494,-10182.01062158763,0.8693642549886252,-2434.5972138102043,0.830622790158743,-0.008218165533637606,0.9554370166336172,-2982.915415773343,0.8543022621559887,0.006268427738650901,1.3861667682537215,-0.0028294353478567347,0.9971495290324983,0.0015964183732290003,1.35097279638193,0.0028294353478568995,1.383407944619053,1.0468814433460552,1.5985543317542124,0.4263200469846624,1.4230234776428257,0.18514844393017404,1.423023477640987,-0.18693621074162015,0.7498299928034682,-77801958.91051337,0.692059148703534
target_word_shuffle,target_shuffle,35,87316.14762768373,14908.125106069376,0.1707373207718423,21373.174511685203,0.0168430654807633,0.992355459064821,0.0049990637696759,0.0076445409351789,2.013560007451144,1.1552375695750994,0.5017133017537896,0.6899503208895226,268657942.6240847,74986.04545517854,12234.635109785737,0.1631588255590668,18196.86605257593,0.0231146939619587,0.9895258547970732,0.0061688743645346,0.0104741452029267,3.6622905594109056,1.611450922096296,0.6998442433243283,0.4499206637370614,185064727.0343537,-12330.102172505198,0.8587878358413065,-2673.489996283639,0.8206689320580485,-0.00757849521277551,0.9556131302783043,-3176.308459109274,0.8513880819448364,0.006271628481195397,1.3723567118459497,-0.0028296042677478095,0.9971485980724977,0.0011698105948587,1.2340059354154898,0.002829604267747801,1.3701470487725806,1.6487305519597615,1.8188137159343867,0.45621335252119666,1.3949086876456058,0.19813094157053868,1.394908687644033,-0.24002965715246116,0.6521058837342758,-83593215.58973101,0.688848895464455
target_word_shuffle,target_shuffle,36,88820.07579657991,16085.400409416568,0.1811009534179653,23130.668744939267,0.0190050921832717,0.991368072895009,0.0056963977917842,0.008631927104991,2.0629068706646647,1.1758210496481458,0.5106525935678792,0.6796494134408966,313698116.27133286,75229.0749739468,13135.718534318246,0.1746095979362684,19546.90433497218,0.0269755613159348,0.9877641711488622,0.0075423569340346,0.0122358288511378,3.678013754113245,1.6139138699347793,0.700913887979797,0.446726584935438,213173233.3523081,-13591.000822633112,0.8469827828816552,-2949.681875098322,0.8166236587202673,-0.006491355481696909,0.9641561495942013,-3583.764409967087,0.8450643840225686,0.0079704691326631,1.4193859758417446,-0.003603901746146776,0.9963647187702758,0.0018459591422504001,1.3240572741581937,0.0036039017461468002,1.417508361793916,1.6151068834485804,1.782927676675202,0.43809282028663343,1.3725846041082155,0.19026129441191786,1.3725846041066951,-0.2329228285054586,0.6572897380623264,-100524882.91902477,0.6795489749384537
target_word_shuffle,target_shuffle,37,97700.3156134042,18757.08229915576,0.1919858925878673,27123.6974917838,0.0188762769739472,0.9914203104900404,0.0058292467094017,0.0085796895099594,1.8979674187476,1.0781808266856856,0.4682479835234795,0.7114770390273288,439239210.7990655,78706.58137523929,14483.869112554316,0.1840236084388093,21625.53309535179,0.0287339443780819,0.9869584361883044,0.008341851364474,0.0130415638116957,3.4516023081966445,1.5646590235195108,0.6795227799746538,0.4686400804673001,263558738.9191815,-18993.734238164907,0.805591884540862,-4273.213186601446,0.7721813489727142,-0.007962284149058002,0.9585267227571297,-5498.16439643201,0.7972929613266225,0.009857667404134698,1.5222251938884932,-0.004461874301736057,0.9954995129154394,0.0025126046550723,1.431034193421392,0.0044618743017362985,1.520050789138331,1.5536348894490444,1.8185782717347239,0.4864781968338252,1.4512027897285114,0.2112747964511743,1.4512027897267583,-0.24283695856002874,0.6586861623915882,-175680471.87988397,0.6000346336104979
target_word_shuffle,target_shuffle,38,103968.84084518382,19941.941048797256,0.1918068999008276,29062.12633242629,0.0196010266588665,0.991089780208296,0.0066566273778943,0.0089102197917039,1.92132923992728,1.085358778698097,0.4713653284738361,0.7061800624104008,506226280.40887886,82464.40133254191,15234.84288730876,0.1847444793284011,22825.39373576332,0.0304587084842071,0.9861726033629136,0.009637205360136,0.0138273966370865,3.60580447707774,1.5838584851670756,0.6878610002237043,0.4475983331517792,294568067.451153,-21504.43951264191,0.7931645737527901,-4707.098161488497,0.7639598798346466,-0.007062420572426509,0.9631795280720283,-6236.732596662972,0.7853999901685002,0.010857681825340599,1.5539343429684693,-0.004917176845382398,0.9950386161328957,0.0029805779822417,1.447760977382031,0.0049171768453825995,1.5518580864199343,1.6844752371504599,1.876723885809565,0.4984997064689787,1.4592948583006595,0.21649567174986822,1.4592948582989085,-0.25858172925862155,0.6338303174736487,-211658212.95772588,0.5818901128823861
target_word_shuffle,target_shuffle,39,110761.3261092428,21176.96939484139,0.1911946176407707,30875.180399203506,0.0207765287749252,0.9905555241316212,0.0073659459798141,0.0094444758683789,2.010348967347573,1.129597897556312,0.490578133678221,0.6877841047370854,567921882.6487943,87217.36400408798,16265.628492249636,0.1864953003106955,24359.586280000887,0.0324025609979165,0.9852858787786152,0.0107171820579145,0.0147141212213848,3.7928419974826224,1.6102056872489068,0.6993034447014335,0.4239502149993441,335105012.5102218,-23543.962105154817,0.7874351731584214,-4911.340902591755,0.7680810312835351,-0.004699317330075198,0.9754212885852257,-6515.5941192026185,0.7889698445496143,0.011626032222991304,1.559575295150505,-0.005269645353006003,0.9946801110835051,0.0033512360781004,1.4549634338656952,0.005269645353005899,1.5579605925079723,1.7824930301350492,1.886658515056199,0.4806077896925949,1.425468027809613,0.20872531102321246,1.4254680278079692,-0.2638338897377413,0.6164001349824569,-232816870.1385725,0.5900547641293343
target_word_shuffle,target_shuffle,40,120850.75208127908,22880.92178401568,0.1893320595028398,33340.78513905632,0.0220898570221827,0.9899591899365848,0.0078496512713889,0.0100408100634152,2.154386556130554,1.1847885335270767,0.5145471223330552,0.6582820158990922,656960307.1533198,94314.00196237516,18007.03259961999,0.190926397193956,26974.757022402136,0.0346185995712277,0.9842703263621002,0.0117958777490864,0.0157296736378997,3.796920005792401,1.605167106236696,0.6971152167712078,0.41966575306028,411766637.7673191,-26536.750118903918,0.7804171702542949,-4873.889184395692,0.786988949553574,0.0015943376911161933,1.008420854314342,-6366.028116654186,0.8090618415222368,0.012528742549044996,1.567171735647561,-0.005688863574484615,0.9942534362695867,0.0039462264776975,1.5027263428349138,0.005688863574484502,1.5665741645333906,1.6425334496618467,1.7624135255514228,0.4203785727096192,1.354813167761517,0.18256809443815258,1.3548131677600277,-0.2386162628388122,0.6375166614364456,-245193669.38600075,0.626775519439749
target_word_shuffle,target_shuffle,41,136650.1787331005,22678.65404086763,0.1659613931801921,33522.87604400312,0.0199332371338667,0.9909652496807044,0.0061840801782993,0.0090347503192955,2.710187003338985,1.360166655787452,0.59071287307729,0.5604633510480478,651687857.0807612,108776.95896274432,19035.611623385157,0.1749967254545585,28600.72803876932,0.0305242876247173,0.986152868328348,0.0091075915440541,0.0138471316716518,4.151909348355511,1.6494384049287782,0.7163419974998698,0.3649733266493538,464740201.0894904,-27873.219770356183,0.7960250031959563,-3643.042417482473,0.839362494312158,0.009035332274366398,1.054442374218333,-4922.148005233797,0.8531704738348571,0.010591050490850601,1.5313261673551766,-0.0048123813523563985,0.9951437435824293,0.0029235113657548007,1.4727479722111325,0.004812381352356301,1.5326523900218754,1.4417223450165264,1.531964157173942,0.28927174914132614,1.2126737542853843,0.12562912442257979,1.2126737542842232,-0.195490024398694,0.6511992728270539,-186947655.99127078,0.7131331296723807
target_word_shuffle,target_shuffle,42,149223.48822844695,26153.76174133755,0.1752657175611565,38699.83243597733,0.0206132259587662,0.9906469748158732,0.0072307287575056,0.0093530251841267,2.393683620558852,1.266255488862957,0.5499277714928866,0.613484215743441,880664081.5939573,114566.00051068504,21269.283664608745,0.1856509223486863,32038.929214219428,0.0334748083475405,0.9847934150263388,0.0115544264935957,0.0152065849736613,3.830882915517424,1.594176715727391,0.6923421508190547,0.4092655450840674,589791349.351086,-34657.487717761906,0.7677477712844737,-4884.478076728803,0.8132399413500583,0.0103852047875298,1.0592540568171682,-6660.903221757904,0.8278828924446301,0.012861582388774297,1.623948061932572,-0.0058535597895343905,0.9940911748187427,0.0043236977360901,1.5979615443331459,0.0058535597895346,1.625846683043579,1.437199294958572,1.6004132219534632,0.32792122686443403,1.2589692441591185,0.14241437932616807,1.2589692441578235,-0.20421867065937366,0.6671166667058228,-290872732.2428713,0.6697120521636282
target_word_shuffle,target_shuffle,43,154724.47386195487,27138.645241987106,0.1753998224366249,40241.09529157625,0.0225589709581299,0.9897616317550962,0.0078650802310279,0.0102383682449037,2.581365959777777,1.320796308698792,0.5736145485860693,0.5805953736098983,951893267.3083452,119360.53310794733,23130.35884472743,0.1937856529495289,34850.94381777816,0.0371064681730664,0.9831226359134572,0.0135271337154932,0.0168773640865428,3.7035678975903457,1.5654858214981082,0.6798818537744075,0.4212544774378071,706112374.4135336,-35363.94075400755,0.7714392566908371,-4008.286397259675,0.8523033717593861,0.01838583051290399,1.1048224009373915,-5390.151473798083,0.8660535595578976,0.014547497214936499,1.644865283983574,-0.006638995841639073,0.9932923285469657,0.0056620534844653,1.719897739937666,0.0066389958416391,1.6484427675567654,1.1222019378125685,1.4347318262102366,0.24468951279931628,1.185259082862816,0.10626730518833816,1.1852590828616472,-0.15934089617209124,0.7255560353812295,-245780892.89481163,0.741797845056933
target_word_shuffle,target_shuffle,44,166935.9112284935,30295.76299545257,0.181481400691462,44647.835795786814,0.0232054300432852,0.9894560743831396,0.0090391792422107,0.0105439256168604,2.3443767816511936,1.2459997362928612,0.5411308099248965,0.6219448125900942,1188390190.6115367,127435.4404266915,26018.72936082872,0.2041718479075391,39095.964204691525,0.0396479285848365,0.9819341089647216,0.0163049371132361,0.0180658910352784,3.260235187428139,1.4841340813759916,0.6445512419461448,0.4841936733470295,902024606.3975134,-39500.470801802,0.763379428002548,-4277.033634623851,0.8588240330746633,0.022690447216077075,1.1250290505170182,-5551.871591095289,0.8756519438816968,0.016442498541551297,1.7085625437310348,-0.007521965418418097,0.9923978783756521,0.007265757871025399,1.8038072566690926,0.007521965418417998,1.713393255039329,0.9158584057769454,1.3906617796864957,0.23813434508313036,1.1911190974971184,0.10342043202124829,1.1911190974958734,-0.13775113924306465,0.7785154945337073,-286365584.21402335,0.7590306731944145
target_word_shuffle,target_shuffle,45,179876.53630182368,31667.485185701917,0.1760512284524174,46258.315176456126,0.0239096974726617,0.9891363529547772,0.0094238103227832,0.0108636470452226,2.4490414681058708,1.2972173780095286,0.563374349098543,0.6070440372073967,1266836436.61108,140557.46964226227,28248.35536884921,0.2009737044978476,42007.29831642218,0.0390523125006919,0.9822055733410524,0.0162886868785316,0.0177944266589475,3.178575786132261,1.4784400127161914,0.6420783393476154,0.4999467011946775,1039071187.3028622,-39319.06665956142,0.7814108083914513,-3419.1298168527064,0.892030270266094,0.024922476045430186,1.1415637724506114,-4251.016860033946,0.9081026439502153,0.015142615028030205,1.6333252456962668,-0.006930779613724791,0.9929930998956676,0.006864876555748398,1.7284608156239378,0.006930779613724899,1.6379790859585042,0.7295343180263902,1.2978856534386598,0.18122263470666278,1.1397010537922287,0.07870399024907238,1.1397010537910843,-0.10709733601271926,0.8235756725224977,-227765249.30821776,0.8202094266269183
target_word_shuffle,target_shuffle,46,189373.1464666228,31597.440473852832,0.1668528039133674,45614.92814051616,0.022988697064408,0.989571344307306,0.0082488015738959,0.010428655692694,2.728649349211503,1.398739886497791,0.6074650143239713,0.5682184952505477,1190655332.4531343,158424.6468239946,30624.46933340458,0.1933062181128137,44827.53282657472,0.0347252033746254,0.9841912151421734,0.0139564770426255,0.0158087848578265,2.911906851041029,1.4353308675334122,0.6233562754751681,0.5413314541003179,1174816889.2106895,-30948.499642628187,0.8365739798906341,-972.9711404482514,0.9692072798980856,0.0264534141994463,1.1585434201754428,-787.395313941437,0.9827382099229472,0.011736506310217405,1.5105337756126158,-0.00538012916513253,0.9945631720268808,0.005707675468729601,1.69193996435799,0.0053801291651325005,1.5158986279876665,0.18325750182952572,1.067160517301871,0.036590981035621306,1.026159961110577,0.015891261151196878,1.0261599611096215,-0.026887041150229773,0.9526818620373717,-15838443.242444754,0.9866977093952013
target_word_shuffle,target_shuffle,47,211676.46937009596,32953.21044969583,0.1556772490950815,47492.09046737349,0.0199010047692423,0.9909864818690388,0.0065847541671629,0.0090135181309612,3.00322943160581,1.475558196435442,0.6408267824390269,0.5332381676899258,1265727203.6938932,184028.0734948812,31806.146548765817,0.1728331223858109,46351.91917592657,0.0278005625118989,0.9873775817876336,0.0101999807059093,0.0126224182123664,2.9993950999337264,1.469235021237031,0.6380806623422496,0.5318965225192832,1229367235.8597262,-27648.395875214774,0.8693837063822422,-1147.0639009300103,0.9651911335716123,0.0171558732907294,1.1102015444732136,-1140.1712914469244,0.9759923962026854,0.007899557742656597,1.396942658567104,-0.003608900081405242,0.996358275164768,0.003615226538746401,1.549029841573421,0.0036089000814052002,1.4003875099122878,-0.0038343316720834686,0.9987232638196969,-0.0063231751984109685,0.9957147232723983,-0.002746120096777327,0.9957147232715194,-0.0013416451706426136,0.9974839663532483,-36359967.834167,0.971273456296069
target_word_shuffle,target_shuffle,48,113.50696087049973,80.3469112201466,0.7078588890404158,119.82692190701184,0.3784381807019091,0.8109556119546777,0.1354582900018669,0.1890443880453223,4.143723068299713,1.6348682949289348,0.7100142791262144,0.355302425294747,8286.685361028649,105.38794554201574,99.32925427597787,0.9425105856758224,148.66285585661353,0.4929984588170714,0.741284222614877,0.1540638826915424,0.2587157773851229,4.0424836936143125,1.5750588052166414,0.6840393477787161,0.3478663726982118,13272.170810308038,-8.119015328483982,0.928471212107001,18.98234305583128,1.2362547952069913,0.23465169663540653,1.3314950200769144,28.835933949601696,1.2406465382794172,0.11456027811516228,1.3027186049287591,-0.06967138933980066,0.9140872961310631,0.018605592689675488,1.1373529275194727,0.0696713893398006,1.3685451340757533,-0.10123937468540056,0.9755680162458545,-0.059809489712293384,0.9634163254013947,-0.025974931347498287,0.9634163254006272,-0.007436052596535181,0.9790712022544019,4985.485449279389,1.601626009927391
target_sentence_shuffle,target_shuffle,0,33.10863497389326,47.6450022176564,1.439050636041742,65.50036864607243,0.7707816136393445,0.5534406448713828,0.3511671860666215,0.4465593551286172,3.666559421080565,1.4604499442481127,0.634265351882867,0.4408295020844531,2758.619491536674,33.090804289724495,47.4343914201512,1.4334614234468546,65.1523084471549,0.7713657918411235,0.5529574448224774,0.3539805842493919,0.4470425551775225,3.629517443501092,1.455251625821866,0.6320077508751721,0.4455110499851624,2729.298975499888,-0.01783068416876432,0.9994614491299981,-0.21061079750519696,0.995579582585723,-0.005589212594887538,0.9961160417459267,-0.3480601989175369,0.9946861337407237,0.0005841782017790287,1.0007579036531762,-0.0004832000489053412,0.9991269162205881,0.002813398182770377,1.008011563418766,0.00048320004890528567,1.001082051114493,-0.03704197757947281,0.9898973469876164,-0.00519831842624674,0.996440604864469,-0.0022576010076948982,0.9964406048635804,0.004681547900709293,1.0106198606889105,-29.320516036786103,0.9893713083204331
target_sentence_shuffle,target_shuffle,1,785.5077816997139,519.1793272526529,0.6609474016020959,698.2056867628781,0.3564864248524445,0.8188415110078721,0.1814801821410043,0.1811584889921279,1.799800657566211,0.9298299405064566,0.403820012270383,0.7302744023489917,314661.6704225794,748.2787485416649,527.6134337492987,0.7051027906078773,697.8647202739744,0.3830974155878099,0.8010447437262679,0.2059525763146438,0.1989552562737321,1.572562822455161,0.784133553859097,0.3405448755161921,0.7886595538331637,321054.17298790044,-37.22903315804899,0.9526051376887797,8.434106496645768,1.016245073819244,0.04415538900578142,1.066806207116761,-0.3409664889037458,0.9995116532343276,0.026610990735365436,1.074647977816562,-0.017796767281604176,0.9782659195420158,0.0244723941736395,1.1348488517247044,0.017796767281604203,1.0982386604101082,-0.22723783511105,0.8737427758142908,-0.14569638664735962,0.8433085661138794,-0.06327513675419089,0.8433085661126981,0.058385151484172004,1.07994960701798,6392.502565321047,1.0203154790246176
target_sentence_shuffle,target_shuffle,2,780.7574100131385,494.0852093093741,0.6328280756260246,668.2425691724079,0.3409328459529074,0.8289872054914211,0.163062426364055,0.1710127945085788,1.9926294221171728,1.0239193623151903,0.4446825289673835,0.6869199703225779,287117.05342292105,765.2141000861875,501.7245792419489,0.6556656224518576,667.8025455979122,0.3461023187741512,0.8237718562164821,0.1746806697906621,0.1762281437835179,1.7029880416334735,0.8721276519334396,0.3787602267499326,0.7540349796025736,291643.83634628047,-15.543309926950997,0.980092011004173,7.639369932574823,1.0154616446488087,0.022837546825832944,1.0360880746357608,-0.4400235744957399,0.9993415211858746,0.0051694728212438035,1.0151627303781188,-0.005215349274939052,0.9937087698804217,0.011618243426607111,1.0712502793230663,0.0052153492749390795,1.030496836736078,-0.28964138048369925,0.8546436295330773,-0.15179171038175077,0.8517542338105752,-0.06592230221745088,0.8517542338094918,0.0671150092799957,1.0977042627649634,4526.782923359424,1.0157663324744821
target_sentence_shuffle,target_shuffle,3,782.0081129768114,509.4172192122962,0.6514219107946788,702.1446617746642,0.3602313724992683,0.8197587250827338,0.1531141903787993,0.1802412749172661,2.1463004192834503,1.115052635447226,0.4842612066064085,0.6585227691111472,307025.4130220081,672.9030104987115,477.089560189228,0.7090019701883037,652.7415822712745,0.4107921230287553,0.7901103015243783,0.1873049732136223,0.2098896984756216,2.007146574707759,1.0619540962036949,0.4612008040158196,0.687089236748676,268083.4388736543,-109.10510247809987,0.860480856058157,-32.32765902306818,0.9365399169799229,0.05758005939362487,1.088391345821165,-49.40307950338968,0.929639742074625,0.050560750529487,1.1403563220425765,-0.029648423558355508,0.9638327441329434,0.03419078283482299,1.2233025087290266,0.029648423558355508,1.1644929751567734,-0.13915384457569147,0.935165718961615,-0.05309853924353125,0.9523802396797287,-0.02306040259058889,0.9523802396786163,0.028566467637528792,1.0433796202294472,-38941.974148353795,0.8731636779996372
target_sentence_shuffle,target_shuffle,4,606.752901118787,513.0357948818697,0.8455432086700964,708.8401774471787,0.4894225179049603,0.7470317285782935,0.1757972994173501,0.2529682714217065,2.360254370001933,1.1951368392961168,0.519041334425597,0.620110740008598,310792.37779982924,503.4132020142363,457.197073655486,0.9081944450923554,631.9112160642833,0.5286446958654683,0.7232455701292511,0.1878461117526854,0.2767544298707489,2.4011932476173667,1.2132942013509125,0.5269269765719142,0.6141058272779893,246655.82745380493,-103.33969910455073,0.829684046151235,-55.83872122638371,0.8911601845652077,0.062651236422259,1.074095842505465,-76.92896138289541,0.8914720640413629,0.039222177960507976,1.0801397085841569,-0.023786158449042416,0.968159105510446,0.012048812335335307,1.0685380968547327,0.02378615844904236,1.0940282285769192,0.0409388776154338,1.0173451125161492,0.018157362054795678,1.0151927055185366,0.007885642146317262,1.0151927055174301,-0.006004912730608658,0.9903163865029725,-64136.550346024305,0.7936353819226144
target_sentence_shuffle,target_shuffle,5,973.109660921648,470.9676196352997,0.4839820613734715,673.1259929618377,0.2219718162121572,0.8944691198986648,0.0683809388487236,0.1055308801013351,3.554804415340263,1.4725510116531482,0.6395207786820133,0.4451990777555186,269484.5025454808,916.789746452271,424.8172149843375,0.46337474500371,605.9846709886409,0.2075107964842682,0.9017246502814368,0.065625485264579,0.0982753497185632,3.544742496295482,1.4714749107335643,0.639053433990667,0.4466577783454755,219423.6010600727,-56.31991446937707,0.9421237741941267,-46.15040465096217,0.9020093893361495,-0.020607316369761486,0.957421321955119,-67.1413219731968,0.9002544506151552,-0.01446101972788899,0.9348520006927266,0.007255530382771935,1.0081115493205466,-0.0027554535841445987,0.9597043616028716,-0.007255530382771894,0.9312473242264626,-0.010061919044781042,0.9971694872993976,-0.0010761009195838778,0.9992692267282645,-0.0004673446913462387,0.9992692267273807,0.0014587005899568961,1.0032765130518861,-50060.9014854081,0.8142345811631252
target_sentence_shuffle,target_shuffle,6,1105.4769067477491,514.783407217524,0.4656663599893618,732.4715525679761,0.1901856425093176,0.9098278279546844,0.0449936318560727,0.0901721720453154,3.5987298456266976,1.4776911462646682,0.6417531107800364,0.437838057444963,320051.2278581176,1016.3401343476454,451.0936000652182,0.4438411756264644,641.7325191958412,0.1870369330151357,0.9117616684401724,0.0483967831907599,0.0882383315598277,3.632510754132352,1.4876071668123068,0.646059583786315,0.4397844886884865,247440.540511348,-89.13677240010372,0.9193680375808664,-63.689807152305775,0.8762784381560413,-0.021825184362897376,0.9531312840284424,-90.73903337213494,0.8761193754842582,-0.003148709494181917,0.9834440210437488,0.0019338404854879476,1.0021255015785053,0.0034031513346872017,1.0756362888085518,-0.0019338404854876978,0.9785539103406047,0.033780908505654406,1.0093868975871296,0.009916020547638515,1.0067104824791686,0.004306473006278622,1.0067104824782813,0.0019464312435235054,1.0044455506080894,-72610.68734676961,0.7731279213246488
target_sentence_shuffle,target_shuffle,7,1204.2801523705314,699.6443221423694,0.5809647537287513,987.5681348441408,0.223354623538524,0.8905593082521983,0.0470371621824095,0.1094406917478016,2.902733994021649,1.33365787973136,0.5792002579141202,0.5272625408077666,602904.1796232299,1067.480915116848,611.1100675825093,0.5724786822213264,864.4136275471166,0.2272267823152792,0.8890931239053946,0.0562281226416018,0.1109068760946053,3.1165107076287484,1.382986490555568,0.6006234013950268,0.4985440935850751,459114.4968737977,-136.79923725368326,0.8864058026827019,-88.53425455986019,0.8734581961749339,-0.008486071507424975,0.9853931388196185,-123.15450729702422,0.8752951791863338,0.0038721587767552024,1.0173363717051955,-0.0014661843468036784,0.9983536364908929,0.0091909604591923,1.1953978520718251,0.0014661843468036923,1.013397067602323,0.21377671360709938,1.073646677251967,0.04932861082420792,1.0369874550084068,0.02142314348090657,1.036987455007394,-0.028718447222691457,0.9455329271454781,-143789.68274943222,0.7615049163545523
target_sentence_shuffle,target_shuffle,8,2136.7949290429847,887.2178571824786,0.4152096418442177,1226.815292546507,0.0838074482385039,0.9601049637742662,0.0127330841370081,0.0398950362257337,1.973334108790369,1.0511929781586136,0.4565273098297313,0.6939682235953041,964003.682696304,1889.116551357602,742.2024659042083,0.3928833641157973,1032.0313672891732,0.0862441406511584,0.9593265475167908,0.0170984405609239,0.0406734524832093,2.3014264450725097,1.1877037129662955,0.5158131686772659,0.6313202753120938,662007.2258087478,-247.67837768538266,0.8840888405719344,-145.01539127827027,0.8365504141916239,-0.02232627772842044,0.9462289034758417,-194.78392525733375,0.8412279937813455,0.002436692412654498,1.0290748908699732,-0.0007784162574754339,0.999189238377214,0.004365356423915801,1.3428357478519493,0.0007784162574756004,1.0195116067084553,0.32809233628214063,1.1662629429144622,0.13651073480768194,1.1298626775891134,0.05928585884753462,1.1298626775877139,-0.0626479482832103,0.9097250476980717,-301996.45688755624,0.6867268639027637
target_sentence_shuffle,target_shuffle,9,3293.141118626922,1010.230842990223,0.3067681604277679,1382.9540792909609,0.0383316135902964,0.9821640822113558,0.0053812107231813,0.0178359177886442,1.765666569741338,0.9556029034011324,0.415013067837838,0.7413845145186552,1211936.3050535903,2745.0968035228343,823.702672105583,0.3000632513390819,1150.3259541170105,0.0451574152689683,0.979081068540437,0.0075130087219162,0.020918931459563,2.0980750127551646,1.1298125152046985,0.4906713409386342,0.6709020746292307,810825.907772115,-548.0443151040877,0.8335800697989535,-186.52817088463996,0.8153608433370253,-0.006704909088685984,0.9781433996268891,-232.62812517395037,0.8317889735766069,0.006825801678671896,1.1780723804233946,-0.0030830136709187883,0.9968609993709256,0.0021317979987349,1.3961558294224266,0.003083013670918802,1.1728542206955477,0.33240844301382655,1.1882622963526654,0.1742096118035661,1.1823033513003633,0.0756582731007962,1.1823033512987513,-0.07048243988942449,0.904931329815959,-401110.39728147537,0.6690334338455693
target_sentence_shuffle,target_shuffle,10,3588.926400450445,1447.7719071490742,0.4033997205870158,1952.689025654788,0.0402025263895958,0.9804902730194356,0.0033531761621289,0.0195097269805643,1.3500551934779983,0.6210088692292919,0.2697007251192596,0.8577181523378258,2536396.3762054536,3067.94895018865,1188.4962564602895,0.3873911449495298,1596.26347168172,0.0438045310235365,0.9789393239558536,0.0021062135793109,0.0210606760441462,1.4867787410618298,0.757971862353486,0.32918299725805,0.8150421687962215,1648184.212601281,-520.9774502617947,0.8548375218292558,-259.2756506887847,0.8209140200825237,-0.016008575637485978,0.960315848471211,-356.4255539730682,0.8174693720862439,0.0036020046339406975,1.0895964745584565,-0.0015509490635819967,0.9984181902592423,-0.001246962582818,0.6281249409054489,0.0015509490635818995,1.079496195105522,0.13672354758383154,1.1012725614798788,0.13696299312419413,1.2205491739481156,0.059482272138790426,1.220549173945555,-0.04267598354160429,0.9502447471512228,-888212.1636041726,0.6498133446583092
target_sentence_shuffle,target_shuffle,11,6924.616392897304,1767.754064434493,0.2552854864635834,2445.8373914212907,0.0126303364991602,0.9941832770772432,0.0016035414638159,0.0058167229227568,1.272233284704124,0.5430613250853376,0.23584853681963,0.8848429904806638,4016348.391722935,6072.439594392044,1515.129922844647,0.2495092621825145,2096.7369353212007,0.013665377093595,0.9937075293078196,0.0015984929549,0.0062924706921803,1.332536344288656,0.6206410067287814,0.2695409644651887,0.8638870535806522,2852036.323733875,-852.1767985052602,0.8769351614366172,-252.6241415898462,0.857093163199338,-0.005776224281068887,0.9773734717078395,-349.10045610009,0.8572675120085451,0.0010350405944347992,1.0819487741614542,-0.00047574776942360675,0.9995214687458617,-5.0485089158999914e-06,0.9968516499094836,0.00047574776942350006,1.081789656247926,0.06030305958453197,1.0473993726689117,0.07757968164344387,1.1428562080536853,0.033692427645558715,1.1428562080509443,-0.02095593690001163,0.9763167735672469,-1164312.0679890597,0.7101068048806412
target_sentence_shuffle,target_shuffle,12,7466.851498770877,1773.7757909792049,0.2375533772529408,2487.5584732118336,0.0130265069568703,0.9940337488993402,0.0019618135013741,0.0059662511006598,1.3422150697733286,0.6322219188942259,0.2745704907140475,0.8605949037140548,4090397.547969975,6332.954693340881,1380.2546269517325,0.2179479711741935,1950.4785347830527,0.0151304344259358,0.9930974641019036,0.002561865969595,0.0069025358980964,1.5558690812991751,0.8441316095406597,0.3666017000236188,0.7959591245685896,2380964.878944343,-1133.8968054299958,0.8481425798254261,-393.5211640274724,0.7781449233726256,-0.01960540607874728,0.9174694702033664,-537.0799384287809,0.7840935422372902,0.0021039274690655,1.1615112535440175,-0.0009362847974365707,0.9990580955631815,0.0006000524682209002,1.305866213324938,0.0009362847974366002,1.1569301694620475,0.2136540115258465,1.1591801614630723,0.21190969064643383,1.3351824483019108,0.09203120930957132,1.3351824482991599,-0.06463577914546514,0.9248940716852465,-1709432.669025632,0.5820864233908004
target_sentence_shuffle,target_shuffle,13,8516.791654582536,1874.7786025629136,0.2201273294685061,2680.170405836571,0.0116148106033672,0.9947016656121568,0.0019861219711235,0.0052983343878432,1.3521249896705856,0.647822808844682,0.2813458711323105,0.8573638584685411,4722538.690661981,7051.315190879782,1572.9212709815722,0.223067786420326,2283.876826828479,0.0145831501345624,0.993345252504039,0.0024529932903325,0.0066547474959609,1.4387544437693938,0.7428649426342105,0.3226221453854133,0.829907940343654,3414053.191272819,-1465.4764637027538,0.8279309247967522,-301.85733158134144,0.8389904113644734,0.002940456951819881,1.013357982209234,-396.2935790080919,0.8521386632189172,0.002968339531195201,1.2555650394401694,-0.0013564131081177377,0.9986363618801406,0.0004668713192089997,1.235066790842576,0.0013564131081176996,1.2560074558476193,0.08662945409880818,1.0640691169526046,0.09504213378952853,1.1467100764140716,0.04127627425310276,1.1467100764117657,-0.027455918124887124,0.9679763523331879,-1308485.4993891618,0.7229275215941651
target_sentence_shuffle,target_shuffle,14,14853.414688436806,2212.1572974416217,0.1489325750235572,3225.1593093444494,0.0047846652315805,0.9978348145571418,0.0007883721080628,0.0021651854428581,1.2868813576658364,0.5751469239541644,0.2497831353569228,0.8797717361666367,7167752.911289469,12821.41874963988,1767.1969363713736,0.1378316215138835,2620.2379593884084,0.0055942378573414,0.9974713016472412,0.0010023547567988,0.0025286983527589,1.4162429084060275,0.7269290152669232,0.3157012600657894,0.8369094393408381,4659158.321490391,-2031.9959387969247,0.8631967139260706,-444.96036107024815,0.7988568165632484,-0.011100953509673689,0.9254632271761682,-604.921349956041,0.8124367536811696,0.0008095726257609003,1.1692015188958738,-0.0003635129099006651,0.9996356983083802,0.00021398264873600007,1.2714234119600933,0.00036351290990079997,1.16788996523691,0.12936155074019107,1.10052329219667,0.15178209131275877,1.2639014223843628,0.06591812470886663,1.2639014223815002,-0.042862296825798674,0.9512802070528992,-2508594.589799078,0.6500165922505572
target_sentence_shuffle,target_shuffle,15,19529.28545061639,2685.720572048196,0.1375227260024215,3885.857167361033,0.0031887284277201,0.9985595241615066,0.0005865729276895,0.0014404758384933,1.2253233768760938,0.4903057186843768,0.2129370680702329,0.9022651758002505,10496228.145876383,17356.392950655158,2122.6885290323094,0.1223000962853968,3198.043846038357,0.0036340359851359,0.9983597927402214,0.0008054653227651,0.0016402072597786,1.3301668194862788,0.6300442595646581,0.2736247452837511,0.8647359909206722,6787733.381034382,-2172.892499961232,0.8887367125921829,-563.0320430158868,0.7903609002084288,-0.015222629717024691,0.8893082608204991,-687.8133213226761,0.8229957274034894,0.00044530755741579997,1.1396505115973576,-0.00019973142128526522,0.9997999804543923,0.0002188923950756,1.3731716609640363,0.00019973142128529991,1.138656556957982,0.10484344261018497,1.0855638965090122,0.13973854088028137,1.2850028779063658,0.06068767721351817,1.2850028779029519,-0.03752918487957824,0.9584055930705175,-3708494.7648420017,0.6466831024153238
target_sentence_shuffle,target_shuffle,16,24154.32140300912,2148.517060781293,0.0889495931156084,3258.1658670806164,0.0025112356701537,0.9988682317710252,0.0004764574886582,0.0011317682289746,1.542527619430783,0.8518144524866602,0.3699383163203962,0.7998041919704252,6429910.4959520055,21987.900131762734,1863.0747297780592,0.0847318169817746,2818.2862629780907,0.0028177312505478,0.9987296348522112,0.0006281335072701,0.0012703651477886,1.6212155062466806,0.9179705533334264,0.3986695458623818,0.7787452286778487,5001796.206026986,-2166.421271246385,0.9103091643478548,-285.4423310032337,0.8671444894650102,-0.0042177761338338116,0.9525824010312838,-439.8796041025257,0.8649916480474741,0.0003064955803940999,1.1220497076060134,-0.0001385969188140157,0.9998612460428659,0.00015167601861189995,1.3183411341077018,0.0001385969188140001,1.1224605128004967,0.07868788681589756,1.0510123033284056,0.06615610084676615,1.077664919458178,0.028731229541985592,1.0776649194565302,-0.021058963292576505,0.9736698513148968,-1428114.2899250193,0.7778951525337563
target_sentence_shuffle,target_shuffle,17,27278.11103290616,3146.69517812418,0.1153560513896382,4664.060393141492,0.0022375184969917,0.9989902218107538,0.0002982022088858,0.0010097781892461,1.238669227966967,0.519287745678366,0.2255238024680935,0.8974158516795098,13916002.964458698,25112.8067007689,1967.0277175589056,0.0783276732464428,3064.8854764315583,0.0025060881210905,0.9988707351829218,0.0004050667165121,0.0011292648170782,1.674938114768293,0.9716405908908672,0.4219781470171186,0.7657256964103756,5845386.374623602,-2165.3043321372606,0.9206211775615545,-1179.6674605652745,0.6251090767334817,-0.0370283781431954,0.6790079263479326,-1599.1749167099333,0.6571281711828768,0.00026856962409880017,1.1200301241486301,-0.00011948662783201058,0.9998803925942185,0.00010686450762630002,1.3583625576323697,0.00011948662783210014,1.118329577709516,0.4362688868013258,1.3522077379091941,0.4523528452125012,1.8711024840759602,0.1964543445490251,1.8711024840712671,-0.1316901552691342,0.85325626349977,-8070616.589835096,0.4200477960196364
target_sentence_shuffle,target_shuffle,18,32821.874580373704,2970.5684345029754,0.0905057518036848,4671.362407565765,0.002000895147568,0.9990979474575388,0.0003319054047612,0.0009020525424613,1.3188000141712102,0.6288558598004634,0.2731086298238662,0.8688994440140496,14339124.952328151,29940.43280540851,2695.8123513971987,0.0900391911138379,3956.723890163085,0.0023341907580164,0.9989476176166404,0.0004640995647085,0.0010523823833595,1.453968348026916,0.786925977689485,0.3417576097768647,0.8259700853345635,9729669.66685664,-2881.441774965195,0.9122097134364107,-274.7560831057767,0.9075072366909639,-0.0004665606898468927,0.9948449608832182,-714.6385174026805,0.847017110844312,0.0003332956104484001,1.1665732508207305,-0.00015032984089835555,0.999849534430252,0.0001321941599473,1.3982886589150987,0.00015032984089820007,1.1666530857740989,0.13516833385570592,1.1024934276631388,0.1580701178890216,1.2513614454319089,0.06864897995299851,1.2513614454293167,-0.04292935867948611,0.9505934098862854,-4609455.285471512,0.6785399875657612
target_sentence_shuffle,target_shuffle,19,36831.42028987633,3445.869322689556,0.0935578724786973,5562.254030235407,0.0019091744898482,0.9991390365452169,0.0002852825941387,0.0008609634547831,1.237618809071226,0.5180647497133934,0.224992662069116,0.897769735992093,22103393.739585318,36240.71825766458,3578.18766421418,0.0987339058451863,5265.224359008512,0.0019790358911176,0.9991074081306968,0.0003895269710638,0.0008925918693032,1.2705067207397769,0.5671156120006893,0.2462951808930849,0.8857912782146673,18576478.516728196,-590.7020322117532,0.9839620077758957,132.31834152462397,1.03839911764888,0.005176033366489002,1.0553244021940775,-297.0296712268955,0.9465990460679615,6.986140126939992e-05,1.036592464755991,-3.1628414520090686e-05,0.9999683443301051,0.00010424437692510005,1.3654074160199574,3.162841452010001e-05,1.036736069699186,0.032887911668550984,1.0265735389818496,0.04905086228729583,1.0946809492700234,0.021302518823968886,1.0946809492672709,-0.011978457777425677,0.9866575389009128,-3526915.2228571214,0.8404355790603905
target_sentence_shuffle,target_shuffle,20,39674.36358285457,4224.398637186785,0.1064767838900477,6873.361886509297,0.0018323287517008,0.9991730534689096,0.0002861055562134,0.0008269465310902,1.158432513561615,0.3885091425926227,0.1687273767969396,0.928575008706592,34958337.14732614,39608.27566784799,4080.334071938933,0.1030172104980359,6500.762115168946,0.0019519082267678,0.9991191116555972,0.0003780779961063,0.0008808883444029,1.188796523489044,0.4414242148758278,0.1917081006990473,0.9164260402338892,30258045.19351359,-66.0879150065739,0.9983342413327296,-144.064565247852,0.9658970240214375,-0.0034595733920117916,0.9675086599483339,-372.59977134035034,0.9457907531288768,0.00011957947506700014,1.0652609275986875,-5.394181331241921e-05,0.9999460135417733,9.19724398929e-05,1.321463308118478,5.3941813312700015e-05,1.0652301088636964,0.03036400992742916,1.0262112894544442,0.05291507228320508,1.1362003270475254,0.022980723902107703,1.1362003270437162,-0.012148968472702859,0.9869165459335245,-4700291.953812551,0.8655458944170042
target_sentence_shuffle,target_shuffle,21,43040.85228932476,4199.470149895503,0.097569400384227,6796.060820870548,0.0018080920479452,0.9991844993733288,0.0002741196165407,0.0008155006266712,1.199270843420717,0.4572482585938648,0.1985803955671866,0.9123265580209944,33489416.161003187,44294.1857457687,4241.0587934018085,0.0957475280783764,6496.933123525907,0.0019407819323968,0.9991248014544496,0.0003775382491235,0.0008751985455504,1.2695654319335057,0.5647079088021653,0.2452495286799051,0.8861173581513467,27703070.429088235,1253.3334564439429,1.0291196244911442,41.58864350630574,1.009903307327316,-0.001821872305850597,0.9813274213056817,-299.1276973446411,0.9559851353263309,0.00013268988445160014,1.0733866859980987,-5.9697918879164646e-05,0.9999402533566959,0.00010341863258279998,1.3772755576949718,5.969791887919999e-05,1.0732040121779887,0.07029458851278858,1.058614439680053,0.10745965020830045,1.2350137987130374,0.0466691331127185,1.235013798709519,-0.026209199869647648,0.9712721287786782,-5786345.731914952,0.8272186739805613
target_sentence_shuffle,target_shuffle,22,48444.89237393787,5423.854456422508,0.1119592632089405,8701.304124653752,0.0018668705472479,0.999157038121976,0.0003457306183009,0.0008429618780239,1.1506611997146283,0.3735023109718689,0.162209992633195,0.931735581537404,53983600.06569067,51261.31819213524,6275.13084275121,0.1224145430523472,8605.902945673159,0.0020641289327248,0.9990677521850744,0.0004547383365864,0.0009322478149256,1.1782614733266763,0.4267608531364944,0.1853398836095035,0.920644577067708,53076898.39974292,2816.4258181973637,1.0581366926456943,851.2763863287028,1.1569504479089932,0.010455279843406703,1.0933846788791515,-95.40117898059361,0.98903599074186,0.00019725838547689982,1.1056625938322457,-8.928593690160636e-05,0.9999106387339579,0.00010900771828550003,1.315296682445784,8.928593690169992e-05,1.1059193044471807,0.027600273612047976,1.023986446764581,0.0532585421646255,1.142592269442462,0.023129890976308493,1.142592269438477,-0.01109100446969602,0.9880964034319871,-906701.6659477428,0.9832041274601099
target_sentence_shuffle,target_shuffle,23,56034.86778358635,7285.987562718683,0.1300259615291335,11296.719809991991,0.0020948795448702,0.9990531048653544,0.0003828882251226,0.0009468951346457,1.1359749462255797,0.3440012913099238,0.1493978625834929,0.937794588665777,88274503.45246978,58699.85713577078,7440.351251242772,0.1267524592782822,10238.191177120889,0.0022987157679314,0.998961578804012,0.0004641658284515,0.001038421195988,1.1920249904618725,0.4492744300380796,0.1951174058257665,0.9152005881562162,73207721.9272464,2664.989352184428,1.0475594831860218,154.3636885240894,1.021186378263112,-0.0032735022508513234,0.9748242411490055,-1058.5286328711027,0.906297699626503,0.00020383622306119993,1.097302120526709,-9.152606134232855e-05,0.9999083871899337,8.127760332890001e-05,1.212275010783108,9.152606134230003e-05,1.096659130348037,0.056050044236292784,1.0493409158551223,0.1052731387281558,1.3060254173057892,0.04571954324227359,1.3060254173008439,-0.02259400050956084,0.9759073033864679,-15066781.525223374,0.8293189886552477
target_sentence_shuffle,target_shuffle,24,62460.15602452328,8985.58220113695,0.1438610271419912,12772.592214001515,0.0025116818952077,0.9988617506608448,0.0004885158960127,0.001138249339155,1.136791613167522,0.3500258544308517,0.1520142971027898,0.937516887218213,112623777.7863136,62149.46224256492,8670.949031328984,0.1395176839581795,11991.973201458428,0.0029158896054276,0.9986806467204918,0.0006613760411676,0.0013193532795081,1.1862816137361325,0.4415250448528976,0.1917518906016991,0.9174934756983842,97153662.28162396,-310.6937819583618,0.9950257283725584,-314.6331698079648,0.9649846651263002,-0.004343343183811688,0.9698087573050996,-780.6190125430876,0.9388832744783504,0.0004042077102199,1.16093109156466,-0.00018110394035297794,0.9998186896822979,0.00017286014515489998,1.353847531292121,0.00018110394035310002,1.15910744066712,0.049490000568610526,1.0435348044393726,0.0914991904220459,1.2614069482654755,0.03973759349890929,1.2614069482607804,-0.020023411519828782,0.9786420790987344,-15470115.504689634,0.8626389932147205
target_sentence_shuffle,target_shuffle,25,65749.82953242915,8889.977080083005,0.1352091274350496,12464.685251706112,0.0028452536381309,0.9987106269690657,0.0005680766724947,0.0012893730309343,1.1716833587159607,0.41116794995801,0.1785679718022361,0.9232017412706786,113037101.97154628,64676.30974259438,8470.116551679097,0.1309616548221344,11658.47140441213,0.0033787348961055,0.998472064158802,0.000685471516692,0.001527935841198,1.2618602434700943,0.5555577841815009,0.2412756800484235,0.8889245982750753,92702982.89432798,-1073.519789834776,0.9836726604849174,-419.86052840390767,0.9527714723421998,-0.004247472612915193,0.9685859032266579,-806.2138472939823,0.9353201600350372,0.0005334812579746002,1.1874986643150574,-0.0002385628102636872,0.9997611291951629,0.0001173948441972999,1.2066531661564435,0.0002385628102637,1.1850223351622386,0.09017688475413355,1.0769635278014709,0.14438983422349094,1.3511699640910373,0.0627077082461874,1.3511699640867567,-0.03427714299560325,0.9628714489322912,-20334119.077218294,0.8201111075694704
target_sentence_shuffle,target_shuffle,26,66208.02079847817,8752.465797506356,0.1321964573468647,12421.535322433549,0.003465722346414,0.9984302672794534,0.00069171240418,0.0015697327205466,1.2292408165581803,0.5006279316902653,0.2174199482197203,0.900787331085036,111952535.22059308,66722.1922357457,8735.351878325548,0.1309212360328544,12360.31968719418,0.0039986605820178,0.99819098306178,0.000822376527081,0.0018090169382201,1.3038159026737262,0.6110671198181956,0.2653830782095555,0.874040537039344,104070466.89824314,514.1714372675197,1.0077659992107684,-17.113919180808807,0.9980446745435227,-0.001275221314010283,0.9903535893427564,-61.21563523936857,0.9950718140994363,0.0005329382356037997,1.1537740710826012,-0.0002392842176733856,0.9997603395785215,0.00013066412290099999,1.188899491931185,0.00023928421767350008,1.1524362800042431,0.07457508611554586,1.0606675967067967,0.1104391881279303,1.2206013311199695,0.04796312998983518,1.2206013311167934,-0.026746794045691913,0.9703073154742923,-7882068.322349936,0.9295945526662797
target_sentence_shuffle,target_shuffle,27,67802.5030865913,10485.944464879012,0.1546542382290415,14962.684108012516,0.0049149344964419,0.9977676924536172,0.0010359006148785,0.0022323075463827,1.2326225418726473,0.5060218370483114,0.2197624915526281,0.8995275066473278,162720107.41386458,67342.18658359704,10101.946848589543,0.1500091897973823,14562.27459365464,0.0056263642225867,0.997448538598194,0.0012621620804826,0.002551461401806,1.3050474760187185,0.6094076113738764,0.2646623628495159,0.8735428664947574,148369655.06606373,-460.3165029942611,0.9932109216911006,-383.9976162894691,0.9633797777991664,-0.004645048431659221,0.9699649457666338,-400.4095143578761,0.9732394594801705,0.0007114297261448001,1.144748566947348,-0.0003191538554231377,0.9996801321000504,0.00022626146560409993,1.2184200502788753,0.0003191538554232999,1.142970378251642,0.07242493414607121,1.058756782132981,0.10338577432556506,1.2043108948171544,0.0448998712968878,1.2043108948140542,-0.025984640152570404,0.9711130121519128,-14350452.34780085,0.9118089793826051
target_sentence_shuffle,target_shuffle,28,69143.51313361859,9846.858425168648,0.1424118905578282,14194.093948075191,0.0064702418937505,0.9970696647786844,0.0011972957671225,0.0029303352213156,1.4604479653006424,0.7699671139872959,0.3343924688516547,0.8228853420992488,139004829.20123395,66352.67793634789,9581.348717798306,0.1444003319201328,14043.995423828832,0.0076750989231625,0.9965263605325873,0.0014671626282906,0.0034736394674128,1.5960125708923198,0.8972925258182206,0.3896891926158843,0.7850191567111001,129172543.6970599,-2790.8351972707023,0.959637063973341,-265.50970737034186,0.9730360998497045,0.0019884413623045827,1.0139626077113497,-150.09852424635937,0.9894252831638672,0.0012048570294120008,1.1862151443502502,-0.0005433042460971649,0.9994550990103412,0.00026986686116810005,1.2253969882406608,0.0005433042460972,1.1854068575362078,0.1355646055916775,1.0928239888113218,0.12732541183092472,1.1653647402814404,0.055296723764229616,1.165364740279469,-0.037866185388148677,0.953983643343916,-9832285.504174054,0.9292665905157864
target_sentence_shuffle,target_shuffle,29,73477.99592215191,10593.2662840529,0.1441692325859866,15363.67232209612,0.0077424324855935,0.9964943618581146,0.001367263818344,0.0035056381418854,1.5999436394878412,0.8940574582663843,0.3882842206295375,0.7834717387440674,155882306.44141972,68511.7662086075,10046.433694104462,0.1466380776626697,14864.181191856323,0.0094836520236556,0.9957095531635568,0.0016960776540511,0.0042904468364431,1.8476548816415512,1.0675149396534005,0.4636158476407546,0.7235117805104251,136234650.17693943,-4966.22971354441,0.9324120146280799,-546.8325899484371,0.9483792273992356,0.0024688450766831016,1.017124632151964,-499.4911302397959,0.9674888190942847,0.0017412195380621005,1.2248930862590186,-0.0007848086945577704,0.9992124303703098,0.00032881383570709994,1.2404904086943964,0.0007848086945577005,1.2238704228930328,0.24771124215371,1.1548249801048305,0.17345748138701622,1.1940115590805134,0.0753316270112171,1.1940115590787737,-0.05995995823364231,0.9234688945759758,-19647656.264480293,0.8739583939126289
target_sentence_shuffle,target_shuffle,30,72422.6381344126,11253.621201491376,0.1553881699338989,16260.267762640173,0.009499888224689,0.995692481622154,0.0019255067810804,0.004307518377846,1.6197628589091926,0.9135845367592684,0.3967647230666887,0.7786402960438016,173290584.52979577,67705.53311078085,10397.571402832864,0.1535704827228846,15330.488610529192,0.0114163947087976,0.9948306442788152,0.0022496861377592,0.0051693557211847,1.9521185791046696,1.1284107604695446,0.4900625665921752,0.7014277595012219,144067235.81946194,-4717.105023631753,0.9348669815800268,-856.0497986585124,0.9239311699468731,-0.0018176872110143016,0.9883022805868951,-929.7791521109812,0.9428189519580202,0.0019165064841086005,1.201739898152286,-0.0008618373433387783,0.9991344342151366,0.00032417935667880017,1.168360536922411,0.0008618373433387002,1.200077461438386,0.332355720195477,1.2051878880702895,0.21482622371027615,1.2351465190852373,0.09329784352548648,1.2351465190834765,-0.07721253654257965,0.9008367060685273,-29223348.710333824,0.8313621666772719
target_sentence_shuffle,target_shuffle,31,73684.608026936,12125.055943387886,0.1645534429518234,17601.36106136696,0.0099009189751994,0.99550601047882,0.0020594945503364,0.00449398952118,1.547266794154038,0.8585684635338626,0.3728715460489098,0.7985773528117465,200463488.79343915,65803.78105738311,10690.6689376231,0.1624628367221098,15769.79408420962,0.0130531672082315,0.994086321091826,0.0025577739704234,0.0059136789081739,2.0154479586889837,1.158455469298037,0.5031108178467796,0.6884702713571553,150222932.45878732,-7880.826969552887,0.8930464966757781,-1434.3870057647855,0.8817005865818709,-0.002090606229713604,0.9872952750595867,-1831.5669771573394,0.895941741620344,0.0031522482330321004,1.318379358482755,-0.0014196893869939942,0.9985739017413771,0.0004982794200869998,1.2419425770093286,0.0014196893869939005,1.3159084770863505,0.46818116453494585,1.302585931723313,0.2998870057641745,1.3492872362542785,0.13023927179786976,1.349287236252232,-0.11010708145459114,0.8621209566389877,-50240556.33465183,0.7493780207206684
target_sentence_shuffle,target_shuffle,32,74596.41911040092,12718.86030919148,0.1705022903360531,18459.110718719134,0.0126092253651834,0.9942744998921704,0.0031437651364206,0.0057255001078295,1.681144159524751,0.9627411385775316,0.4181131639854757,0.763493291971008,213160210.4675127,66557.51282636733,11182.38064021972,0.1680107949555128,16558.639726817913,0.0166002956206928,0.9924747016177766,0.0039384670132428,0.0075252983822233,2.293427105226427,1.281826295622131,0.5566900869471777,0.637850028370551,161150122.013369,-8038.906284033597,0.8922346892799746,-1536.4796689717587,0.8791967494240502,-0.002491495380540304,0.9853873201549664,-1900.4709919012203,0.8970442823134498,0.0039910702555093994,1.3165198605469473,-0.0017997982743938046,0.9981898376398196,0.0007947018768222004,1.2527866558359504,0.0017997982743937994,1.3143477843303617,0.6122829457016761,1.3642060927561384,0.3190851570445993,1.3314340109270932,0.138576922961702,1.331434010925292,-0.12564326360045697,0.8354363228563069,-52010088.4541437,0.7560047049115179
target_sentence_shuffle,target_shuffle,33,75924.76123510796,13589.578024627714,0.1789874318148508,19759.31999276501,0.014711739746973,0.9933173977293844,0.0038630979067502,0.0066826022706155,1.7570473891591898,1.010230438324031,0.43873750481483,0.7449871844788598,238242099.5429696,68096.84314495805,11961.303871534508,0.1756513711813692,17606.440426055662,0.0193872574728247,0.9912054100685888,0.0050298299122615,0.0087945899314112,2.433837426613195,1.3331094081571748,0.5789620597359708,0.6155422693907975,179288977.2019982,-7827.918090149906,0.8968990094560845,-1628.2741530932053,0.880182140303226,-0.0033360606334816023,0.9813614810792197,-2152.8795667093473,0.8910448554151845,0.0046755177258517005,1.3178086212064686,-0.002111987660795678,0.9978738038147511,0.0011667320055113004,1.3020197862887675,0.0021119876607957003,1.3160426992290735,0.6767900374540052,1.385185989648514,0.3228789698331438,1.3196092273436932,0.14022455492114083,1.319609227341992,-0.12944491508806233,0.826245447189217,-58953122.34097141,0.7525495180991781
target_sentence_shuffle,target_shuffle,34,79403.35269081676,14531.712057126526,0.1830113158283197,20967.409002216536,0.0164100948159996,0.9925448419105208,0.0042243740872931,0.0074551580894792,1.8716914478710385,1.0758879589712314,0.4672522037273579,0.7186574368898783,264846711.7926216,71483.0976675943,12837.235024184683,0.1795842016231514,18895.905411975225,0.0217174911113729,0.990147787641262,0.0056199088885929,0.0098522123587379,2.7126448122166624,1.4197570700246938,0.6165926611548531,0.5737145023154305,201914400.9064297,-7920.25502322246,0.9002528891435781,-1694.4770329418425,0.8833945356004455,-0.003427114205168308,0.9812737579059618,-2071.503590241311,0.901203644664807,0.005307396295373298,1.3234226464599854,-0.002397054269258847,0.9975849410837274,0.0013955348012997994,1.3303530348240722,0.0023970542692586996,1.321529636148148,0.840953364345624,1.4493012805613446,0.3438691110534624,1.3196142388106582,0.14934045742749524,1.3196142388090608,-0.14494293457444773,0.7983142911558626,-62932310.886191905,0.7623821324409392
target_sentence_shuffle,target_shuffle,35,89592.85413027694,15546.520323831104,0.1735241105415049,22475.90253818076,0.0169583144054961,0.9923031848586916,0.004792435061597,0.0076968151413083,2.056926592891305,1.1705369112058386,0.5083577214007723,0.6805876491181467,299751889.65212095,78993.73749413414,13439.146682987968,0.17012926732307,19974.520344137265,0.0227373174064193,0.9896930037967314,0.0059239009672174,0.0103069962032685,3.3194635387593587,1.5627438193574106,0.6786910173753355,0.4960943369081345,221322412.5449387,-10599.116636142804,0.8816968525109086,-2107.373640843136,0.8644472462681719,-0.0033948432184349175,0.9804358990297009,-2501.3821940434937,0.8887082647829474,0.0057790030009232,1.3407769700100312,-0.002610181061960204,0.9973695730268877,0.0011314659056203998,1.236094154608589,0.0026101810619601996,1.3391248214618543,1.2625369458680535,1.613797765185078,0.392206908151572,1.3350658184253255,0.17033329597456326,1.33506581842384,-0.18449331221001225,0.7289205696727036,-78429477.10718223,0.7383520177363883
target_sentence_shuffle,target_shuffle,36,90819.59359384744,17128.632955212288,0.1886006342619514,24805.840677938217,0.0195148699905148,0.9911332982664074,0.0055135244177293,0.0088667017335926,2.049511157494558,1.1670012068961135,0.5068221845294172,0.6816625212394768,365147405.257252,79800.97001462923,14514.484236243585,0.1818835564728444,21539.677298598792,0.026523263752651,0.9879632711146746,0.0072961864783356,0.0120367288853253,3.3257480569918045,1.5664664072825154,0.6803077167696082,0.4963798686757695,256645421.17200583,-11018.623579218212,0.8786757004386698,-2614.148718968703,0.8473813569475075,-0.00671707778910699,0.964384648989346,-3266.163379339425,0.8683308732912939,0.0070083937621361996,1.3591309480505636,-0.003170027151732757,0.9968016137100083,0.0017826620606063003,1.32332532228399,0.0031700271517327,1.3575204451013771,1.2762368994972464,1.6227030747447941,0.3994652003864019,1.3423005889150035,0.17348553224019103,1.3423005889135053,-0.1852826525637073,0.7281900547685483,-108501984.08524615,0.7028542924772947
target_sentence_shuffle,target_shuffle,37,100266.49138995426,20150.95156692797,0.2009739374299767,29214.979189681748,0.0192734902477607,0.9912328458746512,0.0056503720886906,0.0087671541253486,1.8252094790585875,1.0356992564413294,0.4497984719837702,0.7274086660459005,521854869.5150687,84395.41953956625,16268.549133272028,0.1927657830487471,24139.17273810364,0.0281444150716764,0.9872137507758671,0.0084589059714441,0.0127862492241328,2.9742329987763894,1.4850826971848998,0.6449632205573999,0.5382514170742736,325610712.50865203,-15871.071850388005,0.8417111077651798,-3882.4024336559432,0.8073340397468972,-0.008208154381229599,0.9591581152902046,-5075.806451578108,0.8262601380400504,0.008870924823915698,1.4602656139816765,-0.004019095098784065,0.9959453572220626,0.0028085338827535,1.4970529085823951,0.0040190950987842,1.458426422059275,1.1490235197178018,1.629529669278739,0.4493834407435704,1.4338937562688046,0.19516474857362964,1.4338937562670018,-0.1891572489716269,0.7399573887391235,-196244157.00641668,0.6239487863957738
target_sentence_shuffle,target_shuffle,38,107103.74550846554,21385.90188005563,0.1996746404948581,31106.526670371928,0.0198196545355623,0.990982700317035,0.0063195441345348,0.009017299682965,1.8449074466939213,1.0437976736544556,0.4533155698915813,0.7228818652822282,594855520.8304945,88898.90654405496,17316.253161711593,0.1947858959674639,25761.50358571296,0.0301985062443557,0.9862746329647876,0.010018556644274,0.0137253670352125,3.07777829569874,1.504040840707634,0.6531966376764532,0.524507165611777,371760006.54235154,-18204.838964410577,0.8300261220745856,-4069.6487183440368,0.8097041340052454,-0.004888744527394212,0.9755164475756468,-5345.023084658969,0.8281703662611117,0.0103788517087934,1.5236646122487665,-0.00470806735224738,0.9952490922881536,0.0036990125097392003,1.5853290094042782,0.0047080673522475,1.5221149918771817,1.2328708490048188,1.6682562050537864,0.46024316705317836,1.440931397595832,0.1998810677848719,1.440931397594034,-0.19837469967045118,0.7255779827956714,-223095514.28814298,0.6249584874379697
target_sentence_shuffle,target_shuffle,39,114407.5157106099,22651.569791105994,0.1979902251212447,32924.79346719009,0.0208494419333859,0.9905138183341125,0.0070164685088931,0.0094861816658875,1.920806267316012,1.084562856314596,0.4710196637746584,0.7062538220067175,663704950.1404226,94313.2775363812,18417.02113953395,0.1952749561951085,27390.967358835933,0.0317905956911968,0.9855499835472696,0.0109035808365498,0.0144500164527302,3.2910033343703646,1.546156852274565,0.6714873890997448,0.4984620543269802,417972669.656171,-20094.23817422871,0.8243626037204022,-4234.548651572044,0.813057165987908,-0.0027152689261361884,0.9862858435285898,-5533.826108354155,0.8319252597933933,0.0109411537578109,1.5247696217118514,-0.004963834786842813,0.99498862641191,0.0038871123276566994,1.5539983997898568,0.004963834786842701,1.5232700532364334,1.3701970670543526,1.7133447502580508,0.4615939959599691,1.425603728978019,0.2004677253250864,1.4256037289763066,-0.20779176767973728,0.7057831600967015,-245732280.48425156,0.6297567459271457
target_sentence_shuffle,target_shuffle,40,124860.80576620114,24443.977712823,0.1957698219455171,35489.507697032546,0.0220706702333935,0.9899600029668578,0.0073750793412986,0.0100399970331421,2.0586664911582653,1.1431603839328428,0.4964682466724364,0.6764457588536815,763101064.9303277,102646.29669534598,20460.18473001864,0.1993270618495319,30420.646911755128,0.0335426341043142,0.9847436577466012,0.0116426364870423,0.0152563422533986,3.273880859283884,1.5396953106217357,0.668681177215333,0.4991697728205899,515904846.99956346,-22214.509070855158,0.8220858103987307,-3983.7929828043634,0.8370235389015873,0.0035572399040147973,1.0181705222370105,-5068.8607852774185,0.857172975501679,0.011471963870920698,1.5197832122036574,-0.005216345220256602,0.9947307515398418,0.0042675571457437,1.5786455910064316,0.0052163452202564995,1.5195564502178387,1.215214368125619,1.5902920037525425,0.3965349266888929,1.3468760221757659,0.17221293054289666,1.3468760221742313,-0.17727598603309164,0.7379302276442017,-247196217.9307642,0.6760635919786934
target_sentence_shuffle,target_shuffle,41,141843.88107480135,24460.373188999936,0.1724457410757166,36013.25408860575,0.0199833251694679,0.9909350835669696,0.0058776362038709,0.0090649164330305,2.4751491099707894,1.2909942760983977,0.5606716902782172,0.5975248169762941,770194639.3770337,117885.94313328112,21196.523258817277,0.1798053499461985,31702.69079697212,0.0294897543911332,0.9866185215712464,0.0088819519263589,0.0133814784287535,3.98624271575582,1.651539698990374,0.7172545779156769,0.4096157180687834,554735828.3663354,-23957.937941520227,0.8310964296804173,-3263.8499301826596,0.866565816270929,0.0073596088704818985,1.0426778233172358,-4310.563291633625,0.8803061983505277,0.009506429221665297,1.4757180869335127,-0.004316561995723167,0.995643950781134,0.0030043157224880004,1.5111435306251637,0.004316561995723001,1.476183319078182,1.5110936057850304,1.6105060901972297,0.3605454228919762,1.2792773210275772,0.15658288763745976,1.2792773210262869,-0.18790909890751073,0.6855208460477195,-215458811.01069832,0.720254076054112
target_sentence_shuffle,target_shuffle,42,154884.33893490062,28394.622391760066,0.1833279115695138,41614.75028363628,0.0207630494190916,0.990570249592659,0.0068918663292426,0.0094297504073409,2.228905643273619,1.2104584769329645,0.5256954371050011,0.6428471579123649,1036656877.299258,125308.3868000433,24160.05193001912,0.192804747926184,36102.39551799431,0.0317126817741071,0.9855861640482372,0.0110359226396144,0.0144138359517628,3.380213708035727,1.546890850703145,0.6718061605670027,0.4823899190084306,731283231.442848,-29575.952134857318,0.8090449148168016,-4234.5704617409465,0.8508671676165769,0.009476836356670182,1.0516933634081413,-5512.354765641969,0.8675384394218141,0.010949632355015497,1.527361474342009,-0.004984085544421868,0.9949684683671185,0.0041440563103718,1.601296675065653,0.004984085544421901,1.528549041872129,1.151308064762108,1.516535129351484,0.3364323737701804,1.2779379715868884,0.1461107234620016,1.277937971585513,-0.16045723890393432,0.7503959737089501,-305373645.85641,0.7054245695528667
target_sentence_shuffle,target_shuffle,43,160686.86780073537,29284.029509014217,0.1822428298579369,43124.65058905896,0.022454410494467,0.9898013881190292,0.0073709754642832,0.0101986118809707,2.4032563122955333,1.2677720909958976,0.5505864234304655,0.6101298137726073,1107946090.1724515,130451.04006651574,25956.6340378774,0.1989760604794132,38805.68384879402,0.0347246481502667,0.9841999908084752,0.012556052762607,0.0158000091915246,3.3189564105294638,1.5274760888567416,0.663374436629644,0.4872532925536932,853312964.6284068,-30235.827734219638,0.8118338595552532,-3327.395471136817,0.8863750813352863,0.016733230621476303,1.0918183208273735,-4318.966740264943,0.8998492351527435,0.012270237655799699,1.5464511151284406,-0.005601397310553979,0.9943408875974675,0.0051850772983238,1.7034451982298904,0.005601397310553898,1.5492313438710374,0.9157000982339305,1.3810247344603432,0.25970399786084397,1.204850698090087,0.11278801319917853,1.2048506980888494,-0.12287652121891413,0.7986059385298154,-254633125.54404473,0.7701755276699328
target_sentence_shuffle,target_shuffle,44,173006.28948165342,32727.674392212397,0.189170431261593,47789.00844891587,0.0232734107835641,0.989416823211366,0.0085351534799849,0.0105831767886339,2.2255399993194667,1.2038668465757425,0.5228327284141135,0.6430275623859835,1378680911.957532,139906.81237399147,29682.34396312088,0.2121579604270849,44209.696686627976,0.0368262193462304,0.9832074604693596,0.0152067428071693,0.0167925395306405,2.7631232366552,1.3978067815981752,0.6070597720150314,0.5616809693058975,1133714596.2835078,-33099.47710766195,0.8086804982244763,-3045.3304290915185,0.906949378908018,0.022987529165491905,1.1215175596474813,-3579.3117622878926,0.9251017780351312,0.013552808562666298,1.5823301400521443,-0.006209362742006452,0.99372421956315,0.0066715893271844014,1.7816601471839666,0.0062093627420066,1.5867201185837319,0.5375832373357334,1.2415518200072233,0.19393993502243267,1.1610974964323595,0.08422704360091782,1.1610974964311034,-0.08134659308008596,0.8734943914703762,-244966315.6740241,0.8223183380944858
target_sentence_shuffle,target_shuffle,45,185126.20669793995,33922.37944277085,0.1832392077158481,49232.89870513863,0.0241401581617259,0.9890247306272146,0.008976581333942,0.0109752693727853,2.3635897549053317,1.2681730297285287,0.5507605489096286,0.6207942428652011,1442391642.8190408,153037.16748720518,32234.413702008304,0.2106312749463511,47734.61011703378,0.0371424543640184,0.9830554809877056,0.0155359805983504,0.0169445190122943,2.6756570221974387,1.3806434517356403,0.5996058325646472,0.5761585564304665,1327416369.8383555,-32089.039210734772,0.8266639835434393,-1687.9657407625455,0.9502403496308315,0.027392067230502998,1.1494880248108845,-1498.2885881048496,0.9695673294177077,0.013002296202292499,1.5386168604880543,-0.005969249639509067,0.9939645092224161,0.0065593992644084,1.730723537019094,0.005969249639508999,1.543881834259731,0.312067267292107,1.1320310627693824,0.11247042200711155,1.0886869688674097,0.04884528365501861,1.0886869688662917,-0.04463568643473459,0.9280990651110873,-114975272.98068523,0.9202884503989671
target_sentence_shuffle,target_shuffle,46,194417.0777780529,33323.39447877977,0.1714015808674064,47953.43253212034,0.0234316486077297,0.9893661712795214,0.0079785395116426,0.0106338287204785,2.7051512385455068,1.3931078515173356,0.6050190526100735,0.5710126206177764,1318140754.40265,169230.98000924013,34528.33918611291,0.2040308410683885,50557.25339177116,0.0340590559575409,0.9844760231496954,0.0136210254315207,0.0155239768503046,2.5485504159150616,1.3551276569287496,0.5885244636786389,0.597335523444369,1478840151.3796892,-25186.09776881276,0.870453264411446,1204.9447073331394,1.0361591226278117,0.03262926020098211,1.1903673235373087,2603.8208596508193,1.0542989463352122,0.0106274073498112,1.453549279705904,-0.004890148129826022,0.9950572919584497,0.0056424859198781,1.7072078680486764,0.0048901481298261,1.4598671143676447,-0.15660082263044517,0.942110141422042,-0.037980194588586036,0.9727370752033363,-0.01649458893143463,0.9727370752024269,0.026322902826592665,1.046098635783335,160699396.9770391,1.121913685196589
target_sentence_shuffle,target_shuffle,47,216625.63208323208,34841.02970880933,0.1608352131451493,49890.02013152723,0.0204752018852411,0.990721897385274,0.0064863622373632,0.009278102614726,2.8693917632330894,1.448477971686437,0.6290659902618343,0.5513371681397621,1398349119.7280731,194082.4263561079,35616.994447799705,0.18351478346859,51938.51248861462,0.0277924747751434,0.9873676733448232,0.0101459576464154,0.0126323266551766,2.663996484376873,1.399116304933778,0.6076284907736071,0.5815098347760564,1529637268.034175,-22543.20572712418,0.8959347261432913,775.9647389903766,1.0222715788102605,0.0226795703234407,1.1410112243382424,2048.4923570873943,1.0410601629682021,0.007317272889902297,1.3573724415298367,-0.003354224040450826,0.9966143636773348,0.003659595409052199,1.5641984325833271,0.0033542240404506006,1.3615204722747223,-0.20539527885621656,0.9284185305440078,-0.04936166675265907,0.9659217000751802,-0.021437499488227152,0.9659217000743114,0.030172666636294365,1.0547263423887123,131288148.3061018,1.0938879614925008
target_sentence_shuffle,target_shuffle,48,118.26929562691848,83.37618286350572,0.7049689644429431,124.03109537616122,0.38089305280652,0.8097739609912352,0.1381601492671391,0.1902260390087647,4.242491651651043,1.6478739037392591,0.7156625432663305,0.3422589299321319,8822.222667402144,104.34728707648635,96.47866260776178,0.924591959319864,144.26510264478202,0.4888006815562032,0.7446568065248382,0.156962922445963,0.2553431934751617,3.942066225136077,1.571423562157744,0.6824605817778598,0.3803551674575698,12431.026523582992,-13.922008550432125,0.8822855207124078,13.102479744256058,1.157148951826025,0.21962299487692094,1.3115356929920348,20.2340072686208,1.1631365683521055,0.10790762874968318,1.2833016458381379,-0.06511715446639699,0.9195860109065407,0.018802773178823895,1.1360940421490986,0.06511715446639701,1.342314621091671,-0.30042542651496573,0.9291865603556394,-0.0764503415815152,0.9536066798503258,-0.033201961488470655,0.9536066798495723,0.03809623752543789,1.1113082353523425,3608.803856180848,1.4090583509658252
control,control,0,33.10863497389326,47.6450022176564,1.439050636041742,65.50036864607243,0.7707816136393445,0.5534406448713828,0.3511671860666215,0.4465593551286172,3.666559421080565,1.4604499442481127,0.634265351882867,0.4408295020844531,2758.619491536674,33.090804289724495,47.4343914201512,1.4334614234468546,65.1523084471549,0.7713657918411235,0.5529574448224774,0.3539805842493919,0.4470425551775225,3.629517443501092,1.455251625821866,0.6320077508751721,0.4455110499851624,2729.298975499888,-0.01783068416876432,0.9994614491299981,-0.21061079750519696,0.995579582585723,-0.005589212594887538,0.9961160417459267,-0.3480601989175369,0.9946861337407237,0.0005841782017790287,1.0007579036531762,-0.0004832000489053412,0.9991269162205881,0.002813398182770377,1.008011563418766,0.00048320004890528567,1.001082051114493,-0.03704197757947281,0.9898973469876164,-0.00519831842624674,0.996440604864469,-0.0022576010076948982,0.9964406048635804,0.004681547900709293,1.0106198606889105,-29.320516036786103,0.9893713083204331
control,control,1,785.1108761386511,516.2185416451572,0.6575103687061801,693.3005574125337,0.3545459807412229,0.8199799617482117,0.1802608202667694,0.1800200382517882,1.808523233142072,0.933963453609884,0.4056151742020763,0.7281563262478791,311023.8173525732,752.1446706636389,529.4283450523052,0.7038916390714762,699.2031434568289,0.3801046624856784,0.8024915805402033,0.2024110986307393,0.1975084194597967,1.5617641401636009,0.7771483917053409,0.3375112581376164,0.7917294219060798,322465.3464014403,-32.9662054750122,0.9580107644959037,13.209803407148001,1.0255895562469495,0.04638127036529616,1.0705407436471195,5.9025860442951625,1.008513747726272,0.025558681744455525,1.0720884825430819,-0.01748838120800844,0.9786721846571694,0.022150278363969905,1.1228790500901231,0.017488381208008497,1.0971468586316535,-0.2467590929784711,0.8635576870358347,-0.15681506190454308,0.8320972182591668,-0.06810391606445992,0.8320972182580062,0.06357309565820068,1.0873069330931993,11441.529048867116,1.036786665234377
control,control,2,775.8390264440819,490.39224257106446,0.6320798849455771,662.8704166051222,0.3414007721166169,0.8288452632721309,0.1624484337682616,0.171154736727869,2.0194200467023347,1.034982849208721,0.4494873402758528,0.6812002414421396,282921.26681918703,762.0766763085747,497.63249495543033,0.6529953092986824,662.7070620207122,0.3430095417852066,0.8255409779517517,0.1696990284383585,0.1744590220482482,1.720688202267872,0.8840732371548264,0.383948128494686,0.749639799329253,286348.8080953077,-13.762350135507177,0.9822613330002418,7.240252384365874,1.0147642066000169,0.02091542435310534,1.0330898433097158,-0.16335458440994444,0.9997535648290844,0.0016087696685896935,1.0047122613625357,-0.0033042853203791855,0.9960133869760799,0.007250594670096894,1.0446332076023306,0.0033042853203792133,1.0193058362422864,-0.29873184443446266,0.8520704769059132,-0.15090961205389453,0.854191195370895,-0.06553921178116678,0.8541911953698202,0.06843955788711331,1.100469074616184,3427.541276120639,1.0121148237269528
control,control,3,803.2038869951856,509.6419799621176,0.6345113466379075,704.1413570209064,0.3469782277546954,0.8270546584999353,0.1473516334974615,0.1729453415000647,2.1703087142607598,1.1271661503595602,0.489522039289288,0.6541587204749001,307400.74396157474,682.3768576227267,476.0564891300043,0.6976445402742634,652.436672263501,0.4025011814627806,0.7949742854303391,0.1840905149926948,0.2050257145696609,2.020260529054227,1.0696273287159996,0.4645332465542742,0.6845771230185461,267373.60361592245,-120.82702937245892,0.8495686695136921,-33.585490832113294,0.9340998344865337,0.06313319363635583,1.099498919869252,-51.7046847574054,0.9265705894961781,0.05552295370808519,1.1600185523634021,-0.03208037306959621,0.9612113023717889,0.0367388814952333,1.2493279553267855,0.03208037306959621,1.1854942884853519,-0.15004818520653274,0.9308632065929052,-0.05753882164356061,0.9489526707077257,-0.02498879273501381,0.948952670706629,0.030418402543646028,1.0465000336929189,-40027.1403456523,0.8697884076993134
control,control,4,612.1246668511808,510.5103730797488,0.8339973876659063,707.8243999608569,0.4817396363655349,0.751675970754381,0.171359632295707,0.248324029245619,2.404043530052318,1.2125606991941122,0.5266084206327517,0.6128223629702682,307719.6243457422,508.7877324514561,457.7443175469478,0.8996764040308709,634.62060089988,0.5239379339203027,0.7261706389353562,0.1873096053813459,0.2738293610646438,2.399930605256057,1.2169223850746953,0.5285026767424843,0.6147168546163927,247453.6083699874,-103.33693439972467,0.8311831886610629,-52.766055532800976,0.8966405810434745,0.06567901636496465,1.0787520648568225,-73.20379906097696,0.8965791528731899,0.04219829755476784,1.0875956520249062,-0.025505331819024812,0.9660687146957834,0.01594997308563889,1.0930789408851072,0.025505331819024785,1.1027098823074208,-0.004112924796261019,0.9982891637585406,0.004361685880583055,1.0035970866303667,0.001894256109732595,1.003597086629289,0.001894491646124541,1.0030914205479369,-60266.015975754824,0.8041528352184578
control,control,5,943.4155431780822,472.9661366572111,0.5013338396608671,676.4749478188405,0.2312043338539031,0.889737943419803,0.068580133322974,0.110262056580197,3.623875053467186,1.482412390126566,0.6438035209369781,0.4343307111383355,271585.6516882648,887.8360670705692,428.597488864375,0.4827439487545708,612.0236238010549,0.2193942502478873,0.8957168841951176,0.0690264317456421,0.1042831158048823,3.590308224923851,1.473130202623421,0.639772318124371,0.4345378176459176,223894.02082681571,-55.57947610751296,0.9410869616157865,-44.3686477928361,0.9061906458960849,-0.018589890906296314,0.9629191380341798,-64.45132401778562,0.904724743723922,-0.011810083606015792,0.948919281009553,0.0059789407753146895,1.0067198896242722,0.0004462984226681066,1.0065076925348013,-0.005978940775314703,0.9457751745097207,-0.03356682854333526,0.9907373107380701,-0.009282187503145023,0.9937384579581486,-0.00403120281260716,0.9937384579572757,0.00020710650758209992,1.0004768405762485,-47691.630861449084,0.824395616760376
control,control,6,1080.40248620135,514.7880049618121,0.4764779899496388,732.392169676874,0.1971917492401081,0.9063106269772084,0.0470216637696582,0.0936893730227914,3.600225611629053,1.475635301254724,0.6408602686365693,0.4341930890873761,320000.5161931154,983.5600160901658,450.08629115914,0.4576093820368139,639.4614665305535,0.1962477497994283,0.907175837182026,0.051787077327208,0.0928241628179739,3.620306908584927,1.482901603924246,0.6440159837897815,0.4382875885494358,245658.5238935515,-96.84247011118418,0.9103644508893356,-64.70171380267215,0.8743138667198107,-0.01886860791282491,0.9603998331260178,-92.93070314632052,0.8731134670823669,-0.0009439994406797991,0.9952127842807177,0.000865210204817557,1.0009546508427274,0.004765413557549801,1.1013450646874696,-0.0008652102048175014,0.9907651190536008,0.020081296955873906,1.0055777884835895,0.007266302669521885,1.004924185984395,0.003155715153212224,1.0049241859835079,0.0040944994620596975,1.0094301350342918,-74341.99229956389,0.7676816488174049
control,control,7,1177.9414511744862,730.3339427472364,0.6200086956945476,1038.2559995858749,0.2491850574746692,0.876291625825891,0.0751371764996083,0.1237083741741089,2.6190092847716606,1.2664931971807332,0.5500310069035994,0.5711461151151296,663963.0409401045,1050.1636218596263,619.3846452596905,0.5897982298823926,884.3118779596591,0.2531005829471112,0.8757291576722839,0.1001957254688398,0.1242708423277161,2.9748361472680767,1.349448297412014,0.5860579491797759,0.515463406786762,482879.5798688792,-127.7778293148599,0.8915244648301852,-110.94929748754589,0.8480841557627761,-0.03021046581215503,0.9512741256326028,-153.94412162621575,0.8517281656088482,0.0039155254724419775,1.0157133237085225,-0.0005624681536071652,0.9993581267490986,0.0250585489692315,1.3335040007529246,0.0005624681536071929,1.0045467265765777,0.35582686249641604,1.1358631542714455,0.08295510023128094,1.06549983877914,0.03602694227617653,1.065499838778044,-0.055682708328367636,0.902507069809893,-181083.4610712253,0.7272687636124604
control,control,8,2099.8232079639547,905.7639401314054,0.431352476101861,1247.892916862055,0.0867607024895621,0.9584409485268456,0.0126292900620019,0.0415590514731544,1.8737322701305457,1.00603822789893,0.4369168509602313,0.7157168471761338,998582.697730056,1853.4416954439,739.7784659580175,0.399137705694508,1025.6259998893524,0.0874228243626406,0.9587124457803567,0.0156574747642559,0.0412875542196431,2.221621788193335,1.1617453708015788,0.5045396039157728,0.6458990421099159,657915.5187413832,-246.38151252005468,0.8826655922338559,-165.98547417338796,0.816745327541624,-0.03221477040735299,0.9253168297550911,-222.26691697270257,0.821886225997969,0.0006621218730785,1.0076315872632604,0.00027149725351116594,1.000283269671364,0.0030281847022539995,1.2397747368337995,-0.0002714972535112978,0.9934671931894273,0.3478895180627892,1.1856666096898494,0.15570714290264887,1.1547725907261814,0.06762275295554149,1.1547725907246866,-0.06981780506621793,0.902450521679646,-340667.1789886728,0.6588493073602559
control,control,9,3310.3423629344024,1018.5179311492652,0.3076775207765565,1383.015318561207,0.0372686508517305,0.9826190043860666,0.0041515068869664,0.0173809956139333,1.7125574987661991,0.925036309861744,0.401738164933102,0.7543165107857643,1215857.765672641,2794.888515437826,813.1507198230191,0.2909420949463656,1129.0456721499872,0.0425777342364324,0.9803054435938774,0.0065797763814329,0.0196945564061226,2.07537586004558,1.1190263298858991,0.485986960173894,0.6751004472015744,785886.1546863458,-515.4538474965766,0.8442898676378412,-205.3672113262461,0.7983666216906788,-0.016735425830190942,0.9456072520706177,-253.96964641121986,0.8163652686975058,0.0053090833847019014,1.1424544023522905,-0.002313560792189251,0.9976455159295109,0.0024282694944665,1.5849127940760754,0.0023135607921892995,1.133108645928289,0.3628183612793807,1.2118576231977956,0.1939900200241551,1.2097107086011998,0.08424879524079198,1.2097107085994967,-0.07921606358418998,0.8949829912876144,-429971.6109862953,0.6463635606682786
control,control,10,3561.931296956353,1314.900504026648,0.3691538085392667,1785.2675092578552,0.0387766088561027,0.9815114040284026,0.0028898940311745,0.0184885959715973,1.4217662184374873,0.6945109004939688,0.301622251706189,0.834559311772616,2124098.076659202,2974.9196255571533,1143.6440866117096,0.3844285663339639,1541.082075978003,0.0454381396987395,0.978261873596112,0.0028305727785596,0.0217381264038879,1.5086246812777684,0.7755784092266781,0.3368294234104483,0.8086021859452655,1550672.5776161165,-587.0116713991997,0.8351984857482236,-171.25641741493837,0.8697571284743622,0.015274757794697169,1.0413777602731438,-244.18543327985208,0.8632219362008319,0.0066615308426367995,1.171792506822489,-0.0032495304322905927,0.9966892586067261,-5.932125261490012e-05,0.9794728619961668,0.0032495304322905996,1.1757586371678446,0.08685846284028109,1.0610919444510905,0.08106750873270929,1.1167260422751228,0.0352071717042593,1.1167260422730283,-0.025957125827350547,0.9688972066309031,-573425.4990430856,0.730038125195719
control,control,11,6965.760553104622,1792.973770957408,0.257398134387247,2451.0021920106265,0.0122233125738804,0.9943764292601402,0.0017940556352392,0.0056235707398597,1.2503680131428674,0.5106068345104151,0.2217537306499601,0.8927536858644424,4185589.2252451256,6088.395232480513,1548.9180881107163,0.2544049834096695,2119.640262279536,0.0133016037333597,0.9938791749606692,0.0017542176313445,0.0061208250393308,1.300556564002326,0.578707302553918,0.2513293881362822,0.8747917421342318,3016475.108366633,-877.3653206241088,0.8740460120707034,-244.05568284669175,0.8638821789811392,-0.002993150977577519,0.9883715125376054,-331.36192973109064,0.8648055351352967,0.0010782911594792999,1.0882159522530128,-0.0004972542994710061,0.9994999335404194,-3.983800389469982e-05,0.9777944428868379,0.0004972542994710998,1.0884232316770113,0.050188550859458614,1.040139023336231,0.0681004680435029,1.1333716343763127,0.0295756574863221,1.1333716343734217,-0.01796194373021054,0.9798802917136118,-1169114.1168784928,0.7206811146619329
control,control,12,7140.369741890135,1926.2319162193016,0.2697664106830141,2682.565384956319,0.0140257254558957,0.9935433057435844,0.0023679221767431,0.0064566942564155,1.2548298762184205,0.5172874830518752,0.2246550994470512,0.8911108577760549,5008687.253278819,6277.875724358746,1540.670102909056,0.245412647614401,2194.53790371899,0.0154426715239809,0.992936202578346,0.0032603718778775,0.0070637974216539,1.3827092767839746,0.6730829018469096,0.2923161901355408,0.8471874038611118,3157602.1599266566,-862.4940175313886,0.8792087736757623,-385.5618133102457,0.7998362450213133,-0.024353763068613088,0.9097227745742615,-488.0274812373291,0.8180743388496097,0.0014169460680851995,1.1010247970017524,-0.0006071031652383763,0.9993889514802947,0.0008924497011344001,1.3768914825507512,0.0006071031652384005,1.0940269339129918,0.12787940056555414,1.1019097512643163,0.15579541879503433,1.3011776311976015,0.06766109068848958,1.301177631194325,-0.04392345391494312,0.950709326979234,-1851085.0933521623,0.630425099482825
control,control,13,8234.672867484178,1876.0461600966053,0.2278227915409305,2693.30509392343,0.0122469763937509,0.9944114834627332,0.0024594532542915,0.0055885165372668,1.3168969567290956,0.5993828820781734,0.2603086782338181,0.8690846404372212,5027269.839809815,7158.998493078203,1517.6392900960298,0.211990446926813,2224.929572786464,0.0141621024681012,0.9935587560715964,0.0030654299076323,0.0064412439284036,1.4733974978527993,0.7653136283406059,0.3323714857136812,0.819097827301155,3286407.562108402,-1075.674374405975,0.8693725431822027,-358.4068700005755,0.808956262578251,-0.015832344614117505,0.9305058791178775,-468.37552113696574,0.8260963742304189,0.0019151260743502999,1.156375419664492,-0.0008527273911368427,0.9991424803450916,0.0006059766533408001,1.246386732920028,0.0008527273911368002,1.1525856431304866,0.1565005411237037,1.1188403848326147,0.16593074626243254,1.276835977840813,0.0720628074798631,1.2768359778380383,-0.04998681313606623,0.9424833775547325,-1740862.2777014133,0.6537161653993748
control,control,14,14091.915607016395,2266.999753953886,0.1608723623653509,3362.680916219016,0.0051492884882268,0.9976671070406644,0.0009326074750675,0.0023328929593354,1.2469454681375214,0.5157379332023229,0.2239821384979566,0.8941143056560773,7871573.023348315,12405.660764628528,1780.2987594923738,0.143506967768168,2664.789974284055,0.0058473052559188,0.9973558703841452,0.0011196974601311,0.0026441296158546,1.38594214136002,0.6876163826667568,0.2986280006584473,0.846291204133605,4898164.81743346,-1686.254842387867,0.8803388489249624,-486.700994461512,0.7853105217092966,-0.01736539459718292,0.8920548294141594,-697.8909419349611,0.7924599570036912,0.0006980167676919995,1.1355559643147535,-0.0003112366565192204,0.9996880355628421,0.0001870899850635999,1.2006095692611183,0.0003112366565192,1.1334123171576862,0.13899667322249853,1.1114697288478836,0.17187844946443398,1.3332670304002503,0.07464586216049071,1.3332670303968834,-0.04782310152247227,0.9465134365696929,-2973408.205914855,0.6222599730580836
control,control,15,18562.94164689991,2562.7177423711178,0.1380555835986858,3868.5140772177087,0.003379772964105,0.9984723253226444,0.0006855913911528,0.0015276746773557,1.2175227520106588,0.4736758511061242,0.205714808346216,0.9051647015701592,10333533.394177206,16735.932553575996,2205.2877083374897,0.1317696340659715,3448.7614742435785,0.0038394035360821,0.9982654920202012,0.0009014337310107,0.0017345079797989,1.2708408577083594,0.549065636638551,0.2384561761948186,0.8853785251270825,7908211.253891845,-1827.0090933239153,0.9015776094071257,-357.4300340336281,0.860526960061188,-0.006285949532714302,0.9544679804335808,-419.75260297413024,0.8914951336364212,0.00045963057197710017,1.1359945107918872,-0.00020683330244319897,0.9997928502391129,0.0002158423398579,1.3148265006363944,0.00020683330244319984,1.1353909339296133,0.05331810569770057,1.043792286927374,0.07538978553242681,1.1591590226844328,0.0327413678486026,1.1591590226812454,-0.019786176443076675,0.9781407997796066,-2425322.1402853606,0.7652959498198366
control,control,16,22977.23511972251,2220.202551347702,0.0966261841243897,3471.6014706307733,0.0026770804898305,0.9987925653783096,0.0005754799597083,0.0012074346216902,1.388007523535458,0.6933978081159216,0.3011388418285545,0.8456283669897651,7957283.597711606,21182.25510211054,2155.1905033140515,0.1017450924334923,3254.5622691437848,0.0029970333704606,0.9986480090562194,0.0007173959286031,0.0013519909437805,1.4253415751798035,0.7354119959538077,0.3193853717681952,0.8339843209409684,6687000.493421287,-1794.9800176119716,0.9218800691963477,-65.01204803365044,0.9707179653522208,0.00511890830910261,1.0529764095978364,-217.03920148698853,0.9374815331416615,0.0003199528806301002,1.119515599447233,-0.00014455632209020575,0.9998552689235974,0.00014191596889480006,1.2466045346220747,0.00014455632209029986,1.1197218618497324,0.037334051644345445,1.0268975859354301,0.04201418783788613,1.060591751726163,0.01824652993964071,1.060591751724171,-0.011644046048796652,0.9862303034000233,-1270283.1042903187,0.8403622179991633
control,control,17,27073.095868172408,3518.780289858508,0.1299733250675348,5315.879755458832,0.002280070015385,0.9989698463890592,0.0003523981602248,0.0010301536109407,1.1700760407117472,0.4077817412742718,0.1770973600563157,0.9238716949452296,18743275.5832939,24856.853194960346,2137.970428341875,0.0860113068847887,3212.006372358342,0.0025092304140554,0.9988690902992384,0.0004281289525571,0.0011309097007614,1.5743455534851432,0.8869561093583306,0.3852001439847001,0.7915025785608765,6362280.369537953,-2216.242673212062,0.9181385577769289,-1380.8098615166327,0.6075884972141422,-0.043962018182746115,0.6617612255394328,-2103.8733831004897,0.604228560486147,0.00022916039867040003,1.1005058599181654,-0.00010075608982074158,0.9998991400078943,7.573079233230001e-05,1.214901210236424,0.00010075608982069995,1.097806858756614,0.40426951277339596,1.3455070428808513,0.4791743680840588,2.17507558475894,0.20810278392838438,2.1750755847519923,-0.1323691163843531,0.8567234854044781,-12380995.213755947,0.339443356166023
control,control,18,31363.838137905062,3342.2771050052606,0.1065646713998922,5512.758984271545,0.0022295679043432,0.998992398571684,0.000467181349955,0.0010076014283159,1.1742913452807178,0.4162227036478779,0.1807632234371258,0.9221862511198308,23787821.2316422,29045.443200344816,2726.7876421244746,0.0938800493873029,4097.872776168349,0.002423600955859,0.9989070532236916,0.0004995466987987,0.0010929467763084,1.401867695129268,0.727082048393433,0.315767721508181,0.8417637249497872,10639145.789452069,-2318.394937560246,0.9260806369626577,-615.489462880786,0.8158472671344174,-0.012684622012589297,0.8809678494116475,-1414.8862081031957,0.7433433581732833,0.0001940330515158,1.0870271993289804,-8.53453479924271e-05,0.999914568570177,3.236534884370004e-05,1.0692779105534491,8.534534799249996e-05,1.0847014945685858,0.22757634984855013,1.1937988819912093,0.31085934474555516,1.7468582132098052,0.1350044980710552,1.7468582132043382,-0.08042252617004353,0.9127914495870032,-13148675.442190133,0.44725179686906497
control,control,19,36051.871535572966,3631.278461812075,0.100723715777946,6017.104169842992,0.0020160674855348,0.9990892344228472,0.0003883729472279,0.0009107655771527,1.1685445504998555,0.4065173403463081,0.1765482377103877,0.924485067587682,29804052.60939802,35282.51537563957,3672.777734316812,0.1040962554742523,5344.8387441511,0.0021370438229359,0.9990357558058768,0.0004277628394621,0.0009642441941231,1.2655456839123655,0.560491494267631,0.2434183631141402,0.8875996840326165,18993320.543710258,-769.3561599333989,0.9786597442195404,41.49927250473684,1.0114282815105364,0.003372539696306298,1.033483074658483,-672.2654256918913,0.8882742583947264,0.00012097633740109975,1.060006094641719,-5.3478616970470405e-05,0.9999464726311447,3.938989223419996e-05,1.1014228499022174,5.347861697040004e-05,1.0587183104557711,0.09700113341251004,1.0830102141762021,0.1539741539213229,1.3787640492500888,0.0668701254037525,1.3787640492456712,-0.03688538355506554,0.9601016989357405,-10810732.06568776,0.6372730847254361
control,control,20,38126.44525836696,4339.911547613874,0.1138294304177614,7105.30182352807,0.0019692336346153,0.999109790576444,0.0003647563800873,0.0008902094235558,1.1354081288068296,0.3466157328231805,0.1505333001059591,0.938094095875018,39478912.60888288,38227.88111839507,4156.222047526942,0.1087222709167364,6117.829216385089,0.0021196732410403,0.9990436341113164,0.0004067778316195,0.0009563658886836,1.241613322190848,0.5268724580941496,0.2288178012170914,0.8963514477837093,24728032.862940527,101.4358600281048,1.0026605118662575,-183.68950008693173,0.9576743677672586,-0.005107159501024999,0.9551332244812565,-987.4726071429805,0.8610231300979891,0.0001504396064250001,1.076395000930397,-6.61564651276425e-05,0.999933784588289,4.202145153219997e-05,1.1152041546386071,6.615646512780004e-05,1.0743156186655864,0.10620519338401846,1.0935392223187033,0.18025672527096914,1.5200477306706783,0.07828450111113228,1.5200477306649653,-0.041742648091308676,0.955502706737187,-14750879.745942354,0.6263605360137665
control,control,21,41185.4737443663,4554.099221345814,0.1105753754251464,7665.004955042865,0.001951397032404,0.9991172148622464,0.0004062885459565,0.0008827851377537,1.1214114823065706,0.3184306078889574,0.1382926558752722,0.9439969666729056,50366096.20003313,43143.138987476246,4833.844218308506,0.1120420148314125,6798.314737184965,0.0021089977096463,0.9990484724920748,0.0004229045175207,0.0009515275079252,1.2484759405187449,0.5388749668434532,0.2340304245359094,0.8938687997041116,29848425.09441133,1957.6652431099428,1.0475329057827756,279.7449969626923,1.061427075556782,0.0014666394062661098,1.0132637072188435,-866.6902178578994,0.8869289422588438,0.00015760067724230015,1.0807629987872756,-6.874237017151508e-05,0.9999311968904661,1.6615971564200012e-05,1.0408969701180846,6.87423701715e-05,1.0778698758664529,0.12706445821217427,1.1133076129644301,0.22044435895449577,1.6922838241406635,0.09573776866063718,1.6922838241337408,-0.050128166968793963,0.9468979575788083,-20517671.1056218,0.5926293150826268
control,control,22,47127.331120366885,6570.543773608076,0.1394210878784201,10112.61619064247,0.0019642619216655,0.9991095097174172,0.0004725936019281,0.0008904902825829,1.089735740356863,0.2525780582488002,0.109693256947292,0.957761244941316,83008053.71139482,50110.73490379452,7082.67719752001,0.1413405173785166,9604.544565326863,0.0022148621121812,0.9989982448845832,0.0005130435409615,0.0010017551154166,1.13837678224309,0.3552094531987385,0.1542655054440835,0.9368838130426784,66437854.29504224,2983.4037834276314,1.0633051715958153,512.1334239119342,1.0779438417211404,0.0019194295000964923,1.013767139019576,-508.07162531560607,0.9497586365647158,0.0002506001905156997,1.1275798235581718,-0.00011126483283396826,0.9998886359976042,4.0449939033399994e-05,1.0855913786872693,0.00011126483283369992,1.12494783366532,0.048641041886226866,1.0446356305330073,0.10263139494993828,1.406335354939801,0.04457224849679149,1.4063353549325486,-0.020877431898637555,0.9782018410017259,-16570199.416352578,0.8003784129915346
control,control,23,55192.68469430886,8547.976687466298,0.1548751747593049,12537.395966111611,0.0021643254592776,0.9990184144068532,0.000457160831744,0.0009815855931467,1.0936254314084377,0.2595653029771913,0.1127277787765398,0.9560240864422964,121579050.96577808,58064.30749583914,8317.024720213547,0.1432381626321736,11246.271090137208,0.002485106290179,0.9988757745358025,0.0005239001042625,0.0011242254641976,1.156606068706594,0.3873813154135227,0.168237567676516,0.9293424153664652,90754857.08363728,2871.622801530277,1.0520290472810863,-230.95196725275127,0.9729816802622552,-0.011637012127131308,0.9248619919484092,-1291.124875974403,0.8970180985378228,0.0003207808309014003,1.1482128431184544,-0.00014263987105078701,0.999857219977136,6.673927251850002e-05,1.1459864160232478,0.0001426398710509,1.145315773684411,0.06298063729815628,1.0575888558260649,0.1278160124363314,1.4924233361269805,0.05550978889997618,1.4924233361194916,-0.026681671075831193,0.9720910053886872,-30824193.8821408,0.7464678854022544
control,control,24,60052.71844974836,10626.911031488027,0.1769596998407415,14854.706456443882,0.0026920271362541,0.99877406719523,0.0006048682532622,0.0012259328047699,1.087781124546373,0.2500565466909764,0.1085981783916738,0.958640449134974,167383088.25124198,59773.92367333641,9593.381928592573,0.1604944320038326,13201.263143408156,0.003360357190481,0.998476276018177,0.0007797240611847,0.0015237239818229,1.1556475256600127,0.3866915644517137,0.1679380126399149,0.92974979352201,121361656.60861172,-278.7947764119526,0.995357499483637,-1033.5291028954543,0.9027441652769029,-0.01646526783690891,0.9069547029485576,-1653.4433130357265,0.8886922930531236,0.0006683300542268998,1.2482627474211143,-0.0002977911770529751,0.9997018433018702,0.00017485580792249997,1.2890808133678362,0.000297791177053,1.2429098680216684,0.06786640111363962,1.0623897579955515,0.13663501776073733,1.5464164788616654,0.0593398342482411,1.5464164788536108,-0.028890655612964,0.9698628869249121,-46021431.642630264,0.7250532767470982
control,control,25,64932.253188181785,11103.701355996727,0.171004405527355,15668.639884206388,0.0029932226394202,0.9986356924324008,0.0006907919234652,0.0013643075675993,1.098635913152684,0.2725848119500547,0.1183820796805443,0.953839990725014,189181325.21764505,63428.3381571606,9946.287037262402,0.1568114083742479,13716.15182190261,0.0037596934615441,0.9982948216288664,0.0008294382831467,0.0017051783711334,1.1835219612800842,0.4322616361759805,0.1877288433296994,0.918494298222748,133825470.28389256,-1503.9150310211844,0.9768387056173355,-1157.4143187343252,0.8957631980880639,-0.014192997153107095,0.9170021549429983,-1952.4880623037789,0.8753887971940792,0.0007664708221238998,1.2560687637376349,-0.0003408708035343988,0.9996586635075062,0.00013864635968150005,1.200706397644758,0.0003408708035341,1.249848941968462,0.0848860481274003,1.0772649492976532,0.15967682422592583,1.58578767863852,0.06934676364915511,1.5857876786309424,-0.035345692502266046,0.9629437926204345,-55355854.93375249,0.7073926040529215
control,control,26,67134.05435117787,10722.07915622665,0.159711479663354,15313.623615343937,0.0035308591358988,0.9983930417554392,0.0007887183836752,0.0016069582445608,1.135871114048116,0.3462745996712835,0.150385147860496,0.9378776195037,182227357.2617288,65451.16800532703,10196.80433764221,0.1557925495968582,14542.381493584424,0.0042898737205875,0.9980529109562656,0.0009672245139073,0.0019470890437345,1.2006354808327206,0.4591625692675188,0.199411770129403,0.9117758274180542,151616558.39860547,-1682.886345850835,0.9749324487830324,-525.2748185844393,0.9510099850102862,-0.003918930066495796,0.9754624396710134,-771.2421217595129,0.9496368631532287,0.0007590145846886999,1.2149659769082015,-0.0003401307991736102,0.9996593217440947,0.0001785061302321,1.2263242910276653,0.0003401307991737,1.2116612544932681,0.06476436678460473,1.0570173552109576,0.11288796959623532,1.3260070756043707,0.049026622268907,1.3260070755993822,-0.02610179208564578,0.9721692984843477,-30610798.863123327,0.8320186424085723
control,control,27,69683.11062708289,12586.34757771234,0.1806226424803222,18043.95648903813,0.0049784926723958,0.997727978674596,0.0011517849285605,0.0022720213254039,1.1552154842101847,0.3811747037055066,0.1655420704604085,0.929861388316407,244508476.11729023,66561.63477680655,11616.734218721773,0.1745259751758626,16859.740058464216,0.0057880069171389,0.9973655962498326,0.0013586367683952,0.0026344037501674,1.210176021630058,0.4720007977461092,0.204987341915068,0.9080646739937512,206498159.73935345,-3121.4758502763434,0.955204699931074,-969.6133589905676,0.9229630873449306,-0.0060966673044595965,0.9662463840540366,-1184.2164305739134,0.9343704674031255,0.0008095142447430998,1.1626022768033792,-0.00036238242476338556,0.9996367923587305,0.00020685183983469991,1.1795924165405,0.00036238242476350005,1.1594978090883812,0.05496053741987339,1.0475760047974096,0.0908260940406026,1.2382794376342876,0.03944527145465951,1.2382794376300559,-0.02179671432265573,0.9765591790373218,-38010316.37793678,0.8445439725381818
control,control,28,71000.46616119139,11630.720058546893,0.1638118830394976,16705.59500596713,0.0065523958854122,0.997022171078607,0.0013463968518887,0.0029778289213929,1.2983928121928603,0.5953474441287212,0.2585561098003081,0.8756612414101114,205341053.29964173,65625.74676536833,10723.53194347597,0.1634043416193922,15651.114971719926,0.0078055555491045,0.99645808610851,0.0016072622548643,0.00354191389149,1.4077682439337595,0.7225088300212423,0.3137815980046,0.8394403359943374,170107479.14158666,-5374.719395823064,0.924300223837673,-907.1881150709232,0.9220006920891993,-0.0004075414201053784,0.9975121376206595,-1054.4800342472045,0.9368786305503904,0.0012531596636923001,1.191252128903108,-0.0005640849700969675,0.9994342302634192,0.00026086540297560004,1.1937507514340309,0.0005640849700971002,1.1894282659608992,0.10937543174089925,1.0842390921396818,0.12716138589252113,1.2135918901565215,0.055225488204291906,1.213591890153866,-0.03622090541577394,0.9586359385298308,-35233574.15805507,0.8284143692073068
control,control,29,74962.39379688782,12046.461967921938,0.1607000704988434,17528.477791093097,0.0080748798241524,0.9963344039503346,0.0015576342393125,0.0036655960496654,1.4315197805925823,0.7517953450000615,0.3265005698540781,0.8321886683148298,211201299.93764853,67762.58562116664,11160.562756333533,0.1647009578224737,16359.084639422808,0.0096417860661295,0.9956265371792886,0.0018624622727523,0.0043734628207113,1.5625901190090914,0.8693115521077994,0.3775372101351684,0.7940188340169334,177534332.07925162,-7199.808175721177,0.9039543988519202,-885.8992115884048,0.9264598008986012,0.004000887323630298,1.024896612118376,-1169.3931516702887,0.9332860978798454,0.0015669062419771014,1.1940470044020164,-0.0007078667710459507,0.9992895289279998,0.0003048280334398,1.1956993654547836,0.0007078667710459,1.1931109593806453,0.13107033841650906,1.0915602705546692,0.11751620710773791,1.1563140925095405,0.051036640281090284,1.1563140925075373,-0.03816983429789644,0.9541331962905192,-33666967.85839692,0.8405929893976213
control,control,30,73825.66810982702,12536.397560155352,0.1698108243531983,18232.628726979558,0.009990079518583,0.9954590614073596,0.0022064817599698,0.0045409385926404,1.4759319814192908,0.798937488867474,0.3469741428007846,0.8190403801609086,221726023.7438908,66782.2718494665,11688.892012947594,0.1750298648014768,17161.080456514163,0.0119273677237045,0.9945822608248132,0.002538358610018,0.0054177391751867,1.6213334979925098,0.9188994200242248,0.3990729475406193,0.7784433730040723,192112984.88038287,-7043.396260360518,0.9045942090238536,-847.5055472077584,0.9323964046975184,0.005219040448278506,1.0307344391450124,-1071.548270465395,0.9412290851466864,0.0019372882051215002,1.193921199558416,-0.0008768005825464664,0.999119199756637,0.0003318768500482003,1.1504099670882086,0.0008768005825462999,1.19308796264593,0.14540151657321898,1.0985150524567526,0.1199619311567508,1.1501518364417365,0.05209880473983469,1.1501518364398615,-0.04059700715683634,0.9504334485317915,-29613038.863507926,0.8664431068420139
control,control,31,76342.55934740427,13263.042722793392,0.1737306534673356,19212.535059016696,0.0101389856857592,0.9953923168545477,0.0022168120457777,0.0046076831454524,1.473304715947806,0.7984668221898055,0.3467697348598574,0.819981157634007,239002452.10654777,65881.6058856539,12408.98219028195,0.1883527583073696,18323.97944942872,0.013723327999215,0.9937589737878934,0.0030428198134048,0.0062410262121066,1.6178248360453256,0.9143084484351224,0.3970791139128974,0.7793352951046184,211268874.5998361,-10460.953461750367,0.8629735032310513,-854.060532511443,0.9356059879801423,0.014622104840034011,1.0841653706304573,-888.5556095879765,0.9537512563095641,0.0035843423134557986,1.3535207981540693,-0.0016333430666543025,0.9983590961674147,0.0008260077676271,1.3726106450151077,0.0016333430666542002,1.354482505358851,0.14452012009751947,1.0980924845566986,0.11584162624531691,1.145080074744339,0.050309379053040004,1.145080074742471,-0.04064586252938862,0.9504307359359091,-27733577.50671166,0.8839611172928553
control,control,32,77046.49200729586,13615.97794523516,0.1767241777074783,19666.82436578162,0.0127905010059841,0.994188754565943,0.0033051036903059,0.0058112454340569,1.620496776201278,0.9260448573061282,0.4021761715229356,0.7793761557354871,241994680.6787752,66356.89637069202,12812.082489873595,0.1930783865824733,18990.08218408528,0.0178163145451378,0.9918986857290328,0.0046713907655328,0.0081013142709671,1.8298951481605013,1.0617384223221489,0.4611071380391734,0.7283560045203673,216961593.55418825,-10689.595636603844,0.8612578540812527,-803.895455361564,0.9409594038272598,0.016354208874995002,1.0925408684089206,-676.7421816963397,0.9655896565144596,0.0050258135391537,1.3929332819261273,-0.0022900688369101863,0.9976965452210252,0.0013662870752268997,1.4133870528240697,0.0022900688369101993,1.3940753942511424,0.20939837195922317,1.129218629147143,0.1356935650160207,1.1465302290102963,0.058930966516237804,1.1465302290086834,-0.051020151215119824,0.934537192547407,-25033087.12458694,0.8965552174354775
control,control,33,78349.09146311878,14294.328974704897,0.1824440935787195,20528.56811251273,0.0150330280327199,0.9931692086659304,0.0041378342280782,0.0068307913340694,1.7336811089143092,1.004893028623057,0.4364194972340401,0.7511812783723263,259466384.034802,68635.20974762857,13717.497452146246,0.1998609387599373,20083.249765988807,0.0206480223402266,0.9906049607241832,0.0060236032996165,0.0093950392758168,1.9161135642463647,1.1136107294510549,0.4836349947888482,0.7102610928143687,239403298.09561485,-9713.881715490206,0.8760179405518338,-576.8315225586502,0.9596461279449069,0.017416845181217805,1.0954640122268877,-445.31834652392354,0.9783073839303731,0.005614994307506699,1.3735105325362236,-0.002564247941747144,0.9974181157446586,0.0018857690715382994,1.4557381872106554,0.002564247941747401,1.3753954432164408,0.18243245533205554,1.1052283804633458,0.10871770082799781,1.1081883322206532,0.047215497554808084,1.1081883322192168,-0.04092018555795762,0.9455255519046352,-20063085.93918714,0.9226755866128072
control,control,34,81218.27026355648,15102.615795034246,0.1859509657867086,21706.964198055324,0.0169822558750588,0.9922830845953584,0.0045044811891709,0.0077169154046414,1.867605359428374,1.0902712048053471,0.4734987680249723,0.7208435122891161,282543377.40610945,71714.27536666514,14505.288777943224,0.2022650121440911,21233.68335784261,0.0237145119800545,0.9892074941663996,0.0071688415493038,0.0107925058336002,2.108556710950492,1.2111496169759317,0.5259955954118841,0.6724459660964106,263413357.1844453,-9503.994896891338,0.8829820572877198,-597.3270170910218,0.9604487709150739,0.016314046357382483,1.087733055256123,-473.2808402127157,0.9781968203432557,0.006732256104995699,1.3964288462692804,-0.0030755904289587743,0.9969004909206833,0.0026643603601329002,1.5914910611563269,0.0030755904289588003,1.3985517873774294,0.240951351522118,1.1290162026493316,0.12087841217058459,1.110870040075079,0.052496827386911804,1.1108700400737521,-0.04839754619270553,0.9328598435464214,-19130020.22166416,0.9322935104786834
control,control,35,90264.1240491922,15872.52197139672,0.1758452999859224,22941.363174408023,0.0174941937470377,0.9920599792903086,0.004832286979629,0.0079400207096913,2.102146459759541,1.2087797508241027,0.5249663756192955,0.6734928838351569,308939216.49364567,79304.52339017947,14492.346815591198,0.1827430037538795,21477.974106196147,0.0239496798554616,0.9891235354498624,0.0068561771421699,0.0108764645501375,2.7008377513424517,1.425335229413689,0.6190152249966706,0.577566764953313,263229023.9162132,-10959.600659012736,0.878582983278717,-1380.175155805522,0.9130462595488804,0.006897703767957092,1.0392259774214612,-1463.3890682118763,0.9362117648769737,0.006455486108423898,1.369007351833405,-0.0029364438404462234,0.9970400541270258,0.0020238901625408996,1.4188265659001604,0.002936443840446201,1.369828234262948,0.5986912915829108,1.2847999904108054,0.21655547858958624,1.1791521395363938,0.09404884937737512,1.1791521395351234,-0.09592611888184388,0.8575692168617179,-45710192.57743245,0.8520414692047598
control,control,36,91106.46721431118,17288.393113771344,0.1897603281345942,25079.736234407887,0.0201652563861569,0.9908367000449396,0.0057585929887223,0.0091632999550602,2.091951565210296,1.2002658184048904,0.5212688217503344,0.6747245788943821,369648209.9535765,79915.30990120085,15604.816733805852,0.1952669238609981,23112.537329769948,0.0279935768938966,0.987271563016204,0.0082453925488628,0.0127284369837958,2.760171378488628,1.4406590500855874,0.6256702757561511,0.5687350864830666,302622192.05319065,-11191.157313110336,0.8771639637086882,-1683.5763799654924,0.9026181109553546,0.0055065957264038845,1.0290186878337875,-1967.1989046379385,0.9215622171520663,0.007828320507739697,1.388208330032714,-0.003565137028735621,0.9964018924313458,0.0024867995601404996,1.431841521631905,0.0035651370287355984,1.389066934928587,0.6682198132783324,1.319424132178624,0.24039323168069693,1.2002833272374367,0.10440145400581669,1.2002833272361344,-0.1059894924113155,0.8429144339371258,-67026017.90038586,0.8186762005183157
control,control,37,99926.52924621606,20085.851956221144,0.2010062003327483,29285.05974551094,0.0201747448868967,0.9908230912609975,0.0060251163956078,0.0091769087390023,1.8908334603986583,1.0875092837133615,0.4722992809352708,0.714002444102972,513426584.942573,84487.75573746074,17392.23748759852,0.2058551246365635,25726.96232071484,0.0295477732072794,0.9865549646712996,0.0091487437933624,0.0134450353287004,2.5981236110750743,1.3861088401332613,0.601979420587192,0.5904979519415355,375570777.3828819,-15438.773508755316,0.8454987516807011,-2693.6144686226253,0.8658949356744443,0.0048489243038152,1.0241232573660122,-3558.0974247960985,0.8785012748576853,0.009373028320382702,1.464592160717026,-0.004268126589697996,0.9956923424288975,0.0031236273977545996,1.5184343656021704,0.0042681265896981,1.4650941520310934,0.707290150676416,1.37406263718536,0.29859955641989977,1.2745719608011439,0.1296801396519212,1.2745719607996173,-0.12350449216143644,0.8270251128937987,-137855807.55969113,0.731498501241204
control,control,38,105997.14190749609,21352.51739718161,0.2014442749391865,31316.687882394337,0.0210535818819537,0.9904208977734849,0.0068804454703918,0.0095791022265151,1.9062750495818752,1.0915361542973274,0.4740481286092257,0.7104215915048048,588375166.9407313,88461.68170954174,18459.570731365,0.2086730703580316,27410.55510300841,0.0322898787246928,0.9852967091018584,0.011084975760411,0.0147032908981415,2.6745639592038226,1.402940581443678,0.6092893529591289,0.5786412589910955,427645904.3771849,-17535.46019795435,0.8345666696064543,-2892.946665816613,0.8645149603672276,0.00722879541884508,1.0358848392191413,-3906.1327793859273,0.87526992656264,0.0112362968427391,1.5337000090629098,-0.005124188671626451,0.9948262514612316,0.0042045302900192,1.6110840215944175,0.0051241886716264,1.5349341252364583,0.7682889096219474,1.403031508904794,0.3114044271463505,1.2852900711708726,0.1352412243499032,1.285290071169339,-0.13178033251370924,0.8145040436687904,-160729262.56354636,0.7268252101813517
control,control,39,112896.77848874344,22753.71270875681,0.2015443931469267,33371.58964686648,0.0223956348846902,0.9898088665460204,0.0077284556647629,0.0101911334539795,1.9785832136528432,1.1285411881255472,0.4901192106034647,0.6953974834950629,665211078.079227,93299.35711719478,19599.99610604278,0.2100764325891647,29086.83570906716,0.0348327813123694,0.9841359895125172,0.0124097495483522,0.0158640104874827,2.884332009954961,1.4514339867188806,0.6303497712788475,0.5484383887236645,479403169.4931891,-19597.421371548655,0.8264129266230333,-3153.71660271403,0.8613977137234261,0.008532039442237987,1.0423333009069409,-4284.75393779932,0.8716047397459938,0.0124371464276792,1.5553379705536268,-0.005672877033503165,0.9942687146718607,0.0046812938835893,1.6057217748336783,0.005672877033503202,1.5566482921221458,0.9057487963021178,1.4577764483448106,0.3228927985933334,1.286115209608217,0.1402305606753828,1.2861152096067328,-0.14695909477139846,0.7886689292667961,-185807908.58603787,0.7206782708391575
control,control,40,123395.43588963922,24623.85619342795,0.1995524065853676,36021.57943156893,0.0236410911927069,0.9892423914371812,0.0081733416488821,0.0107576085628187,2.1062481631131487,1.1820061876703511,0.5133387648807329,0.6691470392193392,767939151.7158636,101225.53660282944,21361.585117849016,0.2110296061127713,31657.202367888254,0.036261828787756,0.983483527994823,0.0127578825137406,0.016516472005177,3.0192177450489583,1.4802795574047751,0.6428772434550818,0.5293713315406918,563865840.1855056,-22169.899286809785,0.8203345275538569,-3262.271075578934,0.8675158330217333,0.011477199527403698,1.0575147136671403,-4364.377063680673,0.8788399306040484,0.012620737595049104,1.5338475068954796,-0.005758863442358209,0.9941785112595247,0.004584540864858501,1.5609138905779905,0.005758863442358299,1.5353293352508854,0.9129695819358097,1.4334577463013465,0.298273369734424,1.2523450154868028,0.12953847857434886,1.2523450154854232,-0.13977570767864733,0.7911136125738405,-204073311.53035796,0.7342584877012954
control,control,41,139298.18279961066,24290.922417450456,0.174380755938464,35960.004752286295,0.0211852975324026,0.9903904828235368,0.0063235247286419,0.0096095171764633,2.62686622071772,1.360080713567489,0.5906755488453976,0.5775044607819103,746906097.743616,116363.45067845208,21867.901422385,0.1879275777306804,32592.882767167604,0.0317510874402421,0.9855781747156211,0.00978408468466,0.0144218252843787,3.6808986890128046,1.6018986877320256,0.695695760650079,0.4433413331236394,590547489.8481535,-22934.73212115858,0.8353551233747847,-2423.020995065457,0.900249938910316,0.01354682179221639,1.0776853025910678,-3367.1219851186906,0.9063648070039643,0.010565789907839497,1.4987321934082138,-0.004812308107915664,0.9951409992398239,0.003460559956018101,1.5472517469247047,0.0048123081079154,1.5007856292927448,1.0540324682950848,1.4012509125819501,0.24181797416453654,1.1777967820226423,0.10502021180468135,1.1777967820215145,-0.13416312765827093,0.7676846903011124,-156358607.8954625,0.7906582790422815
control,control,42,151356.94514032608,27227.140726817248,0.179886959938141,40327.07157269017,0.0219020984433629,0.9900561894532992,0.0074295715230165,0.0099438105467009,2.425207738901737,1.299288768590922,0.5642739425979085,0.6111249128924015,951463901.0160054,122511.9749076831,24857.05479131775,0.2028948991316838,36979.57275186729,0.0347616245841563,0.9841745340574092,0.0123893309434273,0.0158254659425907,3.0972244568201144,1.4873341295168754,0.6459410051955554,0.5162110612329087,777559497.490891,-28844.97023264297,0.8094242044466462,-2370.0859354994973,0.9129513466257919,0.023007939193542798,1.1279022070322762,-3347.4988208228824,0.9169912743406383,0.012859526140793397,1.5871367153453348,-0.005881655395890029,0.9940592711206302,0.0049597594204108,1.6675700480677929,0.0058816553958898,1.5914890842575125,0.6720167179183774,1.2770965584257228,0.18804536092595336,1.1447294592785124,0.08166706259764689,1.144729459277365,-0.09491385165949273,0.8446899321922283,-173904403.52511442,0.8172243809361412
control,control,43,157214.28141999856,28091.83498262712,0.1786850070419472,41752.541936850655,0.0236221275600268,0.9892745115861658,0.0078814731102304,0.0107254884138342,2.640630131096589,1.362049649604579,0.5915306469015263,0.5751159370849608,1016805594.7452474,127981.4453101306,26562.48605604358,0.2075495083812823,39611.64838601248,0.0377674771852209,0.9827886262912428,0.0140760061205152,0.0172113737087572,3.116121003822321,1.4839388433956937,0.6444664511686434,0.5114372488553817,900144944.9237776,-29232.83610986796,0.8140573754125281,-1529.3489265835378,0.9455589523600243,0.028864501339335102,1.1615384626612655,-2140.8935508381765,0.9487242344651445,0.014145349625194103,1.5988177647271684,-0.0064858852949229995,0.9934437962163635,0.006194533010284801,1.7859613199032731,0.006485885294923001,1.6047170108311812,0.4754908727257319,1.1800671995388812,0.12188919379111463,1.0894895379367493,0.05293580426711708,1.0894895379357072,-0.06367868822957912,0.8892767803423586,-116660649.82146978,0.8852674981094117
control,control,44,169322.7361130409,31209.4408193888,0.1843192564438197,46150.77233803799,0.0242651267813303,0.9889694863885964,0.0090146073318633,0.0110305136114037,2.403394032768193,1.2883869683528562,0.5595393509117049,0.614535969724757,1261325944.5401871,137224.26512188392,30623.93032991246,0.2231670200799544,45345.502780314135,0.0401468063553756,0.9816554078406308,0.0168927161216009,0.0183445921593692,2.5993831365952413,1.3497442402671131,0.5861864755287041,0.5850561920132242,1209898904.8563375,-32098.470991156995,0.8104302367891819,-585.5104894763426,0.9812393149603438,0.03884776363613471,1.2107634567566992,-805.2695577238555,0.9825513308460898,0.015881679574045297,1.6545063504308672,-0.007314078547965619,0.9926043435620376,0.007878108789737602,1.8739270051195105,0.007314078547965501,1.6630768796423852,0.19598910382704826,1.0815468047077696,0.061357271914256994,1.0476233254607128,0.02664712461699914,1.0476233254596539,-0.029479777711532762,0.9520292071338178,-51427039.68384957,0.9592277952368631
control,control,45,181860.7721378699,32796.022564451785,0.1803358810089561,48199.073183983535,0.025077170239517,0.9885991954939362,0.009390931250293,0.0114008045060638,2.493410589731082,1.333994463712854,0.5793464344799801,0.6028699032057134,1366533805.900108,149869.23154441037,33417.397311931425,0.2229770378320044,49182.80040568799,0.040552559960136,0.9814608363175265,0.0171747612703587,0.0185391636824736,2.527404676950066,1.3338022723377925,0.5792629668263215,0.5977716978659492,1429835707.599355,-31991.540593459533,0.8240877336141159,621.3747474796401,1.0189466495901598,0.04264115682304831,1.236454091017495,983.727221704452,1.0204096709069366,0.015475389720619001,1.6171106855834767,-0.007138359176409703,0.9927793192530003,0.007783830020065701,1.8288666811392083,0.007138359176409799,1.626127671164518,0.03399408721898389,1.0136335697610221,-0.0001921913750615456,0.9998559279057826,-8.346765365863096e-05,0.9998559279048064,-0.005098205339764239,0.9915434402784972,63301901.69924688,1.0463229679543502
control,control,46,191153.3129871113,32370.633230991905,0.1693438252528457,47128.40459495039,0.0241145501743625,0.9890567651527892,0.0081619507119808,0.0109432348472109,2.8384794725257976,1.452372584874264,0.6307573992784551,0.5566076794532531,1256486760.7449355,167687.57179370362,36195.48267099838,0.215850717401571,52777.89881535863,0.036622418372961,0.983272883514989,0.0151403287925943,0.016727116485011,2.356258948542041,1.2860473796536172,0.5585232804497022,0.6272089618956068,1647387627.0297017,-23465.74119340768,0.8772412529675074,3824.8494400064774,1.1181580049025588,0.046506892148725304,1.2746299847544584,5649.49422040824,1.1198745060216522,0.0125078681985985,1.5186855283072052,-0.005783881637800192,0.9941521236772484,0.006978378080613501,1.8549890001804419,0.0057838816378001,1.5285349091951272,-0.4822205239837567,0.8301130839056282,-0.16632520522064675,0.8854803464663776,-0.07223411882875286,0.8854803464655835,0.07060128244235375,1.126842091921149,390900866.2847662,1.3111062356542555
control,control,47,211926.0012601916,33056.06560743202,0.1559792824423064,47993.67309741708,0.0209662079423633,0.9905038709985248,0.0063371583611611,0.0094961290014751,3.2620317103986767,1.5610409453663527,0.6779514685976425,0.5069930653383665,1264659641.8886538,193551.28876926043,38620.263099529286,0.1995350345900818,55925.4151570335,0.029534078310057,0.9865448715109512,0.0112451229622004,0.0134551284890488,2.2909401120561097,1.269866742697213,0.551496119105856,0.6390938976994298,1823623376.384804,-18374.712490931182,0.9132965639814452,5564.197492097264,1.168326066331568,0.04355575214777538,1.2792406239117462,7931.742059616423,1.1652664100852763,0.0085678703676937,1.4086514065795002,-0.003958999487573611,0.9960030449102854,0.004907964601039301,1.774474033873691,0.0039589994875737,1.416906666447119,-0.971091598342567,0.70230467249977,-0.29117420266913974,0.813474333562968,-0.1264553494917865,0.8134743335622894,0.1321008323610633,1.2605574738416567,558963734.4961503,1.4419874849974565
control,control,48,116.15932867539976,83.58593557053386,0.7195800502954782,124.7647934675784,0.3885138671642058,0.8055142482533977,0.1324509421645977,0.1944857517466023,4.455429063309747,1.6998667741086384,0.738242759966063,0.3202296205516454,8785.436832706011,108.35836240965916,101.07085140270256,0.9327462057851484,151.96283124497805,0.4779787773705647,0.7492842269336445,0.1480359867556979,0.2507157730663555,3.900675040457131,1.548893125765082,0.6726757375776545,0.3680394159884044,14117.647731743044,-7.800966265740598,0.932842533142208,17.484915832168696,1.2091849030918949,0.21316615548967022,1.2962368890033047,27.198037777399648,1.2179944920476797,0.08946491020635894,1.2302746896993415,-0.05623002131975319,0.9301936353793774,0.015585044591100189,1.1176665438182756,0.056230021319753215,1.289121546506537,-0.5547540228526162,0.8754880809523228,-0.15097364834355642,0.911185011293821,-0.0655670223884085,0.9111850112931229,0.047809795436759006,1.1492984794887178,5332.2108990370325,1.6069374808076162
question_only,question_only,0,33.10863497389326,47.6450022176564,1.439050636041742,65.50036864607243,0.7707816136393445,0.5534406448713828,0.3511671860666215,0.4465593551286172,3.666559421080565,1.4604499442481127,0.634265351882867,0.4408295020844531,2758.619491536674,33.090804289724495,47.4343914201512,1.4334614234468546,65.1523084471549,0.7713657918411235,0.5529574448224774,0.3539805842493919,0.4470425551775225,3.629517443501092,1.455251625821866,0.6320077508751721,0.4455110499851624,2729.298975499888,-0.01783068416876432,0.9994614491299981,-0.21061079750519696,0.995579582585723,-0.005589212594887538,0.9961160417459267,-0.3480601989175369,0.9946861337407237,0.0005841782017790287,1.0007579036531762,-0.0004832000489053412,0.9991269162205881,0.002813398182770377,1.008011563418766,0.00048320004890528567,1.001082051114493,-0.03704197757947281,0.9898973469876164,-0.00519831842624674,0.996440604864469,-0.0022576010076948982,0.9964406048635804,0.004681547900709293,1.0106198606889105,-29.320516036786103,0.9893713083204331
question_only,question_only,1,786.2840502248341,498.0393939617974,0.6334089999910144,669.154345529506,0.3373306810368822,0.8300636553233856,0.1685771430094442,0.1699363446766144,1.8668498367540431,0.9646297128473228,0.4189333613695106,0.7147042157044438,290470.41543075937,758.5760985385833,512.6158825368235,0.6757606567414801,679.2342191205227,0.3620921148746542,0.8138159280946822,0.1919100501356695,0.1861840719053178,1.6290667740628002,0.8233845268320366,0.3575913564876734,0.773211409706949,304044.8110226924,-27.707951686250794,0.9647608880298044,14.576488575026133,1.0292677421741123,0.042351656750465705,1.06686304859893,10.079873591016622,1.015063600286477,0.024761433837772018,1.0734040371323097,-0.01624772722870338,0.9804259262220633,0.023332907126225294,1.138410858723473,0.016247727228703407,1.0956106667971874,-0.23778306269124294,0.8726287149556938,-0.14124518601528624,0.8535757460764684,-0.06134200488183722,0.8535757460753156,0.05850719400250526,1.0818621084300672,13574.395591933047,1.0467324549104342
question_only,question_only,2,765.7563631914829,463.6145160468506,0.6054334489818922,630.6165644672346,0.3242145441930499,0.8389902783288565,0.1505536210595138,0.1610097216711434,2.155345939812999,1.0930565291161267,0.4747084190034549,0.654001278520914,254723.89032646304,765.6183354787204,476.8060050262264,0.6227724480084348,637.9331697961558,0.3247283290591228,0.8366164521577479,0.1599804311653688,0.163383547842252,1.8213322971819887,0.9401207823945588,0.4082892681165245,0.7251760047705242,264928.8220125785,-0.13802771276255044,0.9998197498324555,13.191488979375777,1.0284535719283683,0.017338999026542568,1.0286389842759291,7.316605328921128,1.0116023043814293,0.0005137848660728972,1.0015847064059082,-0.002373826171108595,0.9971706154011295,0.009426810105854999,1.0626143033854096,0.002373826171108595,1.014743371676291,-0.3340136426310103,0.8450301473828211,-0.15293574672156796,0.8600843207568635,-0.0664191508869304,0.8600843207558384,0.07117472624961019,1.1088296438952991,10204.931686115451,1.040062719178152
question_only,question_only,3,772.6586006197099,484.59608383272354,0.62718008114328,668.1029278665873,0.3443469057346442,0.8288513971321156,0.1472601452988176,0.1711486028678843,2.274601586788367,1.1624002952367918,0.5048240339840494,0.6346223076809021,278750.5610000296,697.7123766484409,447.8591592226077,0.6418965381895061,615.6008508519419,0.3593794906420329,0.8199950004659262,0.1603141577122376,0.1800049995340737,2.217754806156234,1.1492372475820611,0.4991073950225703,0.6464219186238448,237657.1676526264,-74.94622397126898,0.903002148800053,-36.736924610115864,0.9241906283691761,0.014716457046226039,1.0234644841053882,-52.50207701464535,0.9214161848050898,0.01503258490738868,1.043655350624609,-0.008856396666189426,0.989314855838064,0.013054012413419996,1.0886459291877133,0.008856396666189398,1.0517468242026737,-0.05684678063213289,0.9750080273559586,-0.013163047654730642,0.9886759770195706,-0.005716638961479115,0.9886759770184627,0.011799610942942684,1.0185931234989885,-41093.39334740321,0.8525800514984476
question_only,question_only,4,606.8016492035167,496.7282441417896,0.8186006824368234,691.3687782419112,0.4787949179225954,0.7536286005909357,0.1866271638732961,0.2463713994090642,2.474119140298307,1.2377748106885125,0.5375587701208631,0.6016368591830733,294176.96642974607,521.6428897021325,429.8106121308597,0.823955661269127,600.7108797106798,0.478939706837185,0.7539622400471742,0.1760517595043572,0.2460377599528258,2.7605902607975565,1.3189286951752943,0.5728034543384865,0.5586259424653578,220977.6486349978,-85.15875950138422,0.8596596439492808,-66.91763201092994,0.8652832151178635,0.005354978832303625,1.0065416251735295,-90.65789853123135,0.8688718649375994,0.00014478891458963306,1.0003024027786627,0.0003336394562384326,1.0004427107131768,-0.01057540436893889,0.9433340562520576,-0.0003336394562383771,0.9986457865724785,0.2864711204992494,1.1157871162435586,0.08115388448678185,1.0655643367314724,0.03524468421762339,1.0655643367303513,-0.04301091671771551,0.9285101701098467,-73199.31779474826,0.7511725044855632
question_only,question_only,5,1114.3395339904305,459.20052025324895,0.4120831274906487,657.3577780680837,0.1716319653099246,0.9194897272670416,0.0538458613997078,0.0805102727329585,3.554501233712075,1.4839809110522164,0.6444847209197379,0.449827055333736,255920.2459496013,1015.0137275203272,425.5395242912864,0.4192450927051761,612.9806277985792,0.1761230024045557,0.9172379730531572,0.0605409349124775,0.0827620269468427,3.638680200112108,1.4959552472918944,0.6496851090730842,0.4309495530017558,221263.5457707972,-99.32580647010332,0.9108657608920863,-33.660995961962556,0.9266965204146558,0.007161965214527444,1.0173799040429594,-44.377150269504455,0.9324916327910108,0.004491037094631084,1.0261666705586876,-0.0022517542138843494,0.9975510827928717,0.0066950735127696975,1.1243377547987687,0.0022517542138842106,1.0279685329141164,0.08417896640003297,1.0236823567820508,0.01197433623967803,1.0080690635233167,0.005200388153346336,1.008069063522432,-0.01887750233198021,0.958033866329066,-34656.70017880408,0.8645800763038143
question_only,question_only,6,1129.057671445366,511.6399203934692,0.4531565865351162,733.3724411933624,0.1882829155325288,0.911006681989564,0.0551301329221084,0.0889933180104358,3.788932565737456,1.4972104480250037,0.6502302358251544,0.3910882309153083,321668.06618102104,1054.154903531522,453.6743486507054,0.4303678208305549,652.7055963218562,0.1822675302023724,0.914201526502744,0.0572713187414478,0.0857984734972558,3.855090850238029,1.5253259393481942,0.6624406385628149,0.4041677661975691,252886.43808800023,-74.90276791384395,0.9336590416874296,-57.965571742763814,0.8867063154528928,-0.022788765704561287,0.949711057098924,-80.66684487150621,0.8900056228725421,-0.0060153853301563864,0.9680513480784443,0.003194844513179973,1.0035069386156414,0.0021411858193393987,1.0388387566800497,-0.0031948445131800007,0.9641001753213712,0.06615828450057304,1.0174609295234789,0.028115491323190467,1.018778583437792,0.012210402737660497,1.018778583436906,0.013079535282260801,1.0334439501045989,-68781.62809302082,0.7861720347014072
question_only,question_only,7,1265.5596281246014,673.4982285654936,0.5321742362811714,975.204689360796,0.2207988289790955,0.8937404085771379,0.073284573517364,0.1062595914228621,3.234564962654942,1.4008500100966077,0.6083814293590712,0.4652587415074196,579952.1032532759,1115.2494937829915,572.9541763908853,0.5137452916005286,832.4995290930271,0.2203444868547728,0.8942987204372714,0.0797420222554361,0.1057012795627285,3.712745141343627,1.4943570297294366,0.6489910120048279,0.4012555139303502,415303.89988804,-150.3101343416099,0.8812303023885558,-100.54405217460828,0.8507137095389823,-0.018428944680642823,0.9653704681188825,-142.70516026776886,0.8536664540022806,-0.00045434212432271526,0.9979422801858986,0.0005583118601335535,1.0006246913016072,0.006457448738072094,1.0881147071894188,-0.000558311860133609,0.9947457744411369,0.4781801786886848,1.1478344643587077,0.09350701963282892,1.0667502009193073,0.04060958264575665,1.0667502009183154,-0.06400322757706939,0.862435196014665,-164648.20336523588,0.7161003426979021
question_only,question_only,8,2156.1503520908127,855.4006093014711,0.3967258630512437,1198.8950030713763,0.0852097312494256,0.9599186526398732,0.0185494598877697,0.0400813473601268,2.113540790679334,1.1165302954475331,0.484902946190671,0.6649073473943964,918212.2146389452,1929.135245653741,693.163907953826,0.3593132775503916,984.708152657345,0.0822994426413619,0.9616597662632552,0.0190794258356384,0.0383402337367447,2.6730043348571524,1.3150942751385584,0.5711381868752327,0.5708992078819111,591321.8886414792,-227.0151064370716,0.8947127661032838,-162.23670134764518,0.8103383378693988,-0.03741258550085208,0.9056966308825566,-214.18685041403137,0.8213464483000431,-0.0029102886080637075,0.9658455839919202,0.001741113623382029,1.001813813720144,0.0005299659478687005,1.0285704246941203,-0.0017411136233820984,0.9565605016045262,0.5594635441778184,1.264704398724536,0.19856397969102524,1.1778402077395114,0.08623524068456168,1.1778402077381376,-0.09400813951248532,0.8586146778468638,-326890.325997466,0.6439926187150492
question_only,question_only,9,3508.0072303797533,979.3184916248358,0.2791666115006328,1349.4374834329876,0.0342156391225096,0.9841831067107034,0.0046819936861767,0.0158168932892965,1.862572767711815,1.0214393605311904,0.4436054778774821,0.719548211881494,1133264.5080802676,2965.0942867180543,831.5024278246134,0.2804303497360181,1160.610752568389,0.0385436370637541,0.9822006483768442,0.0052268696257531,0.0177993516231558,2.12447792159654,1.1637378257821882,0.5054049161192922,0.6671742484819618,806957.8043360268,-542.912943661699,0.8452360819099772,-147.81606380022242,0.8490623172498516,0.001263738235385281,1.0045268244206844,-188.82673086459863,0.8600700416411869,0.004327997941244499,1.1264918046575587,-0.0019824583338592383,0.9979856814028409,0.0005448759395763995,1.1163769058614357,0.0019824583338593008,1.1253380355088771,0.26190515388472524,1.1406147230453374,0.14229846525099776,1.1393117112462332,0.061799438241810056,1.1393117112447808,-0.05237396339953215,0.927212711343538,-326306.7037442408,0.7120648344515799
question_only,question_only,10,3824.805492615063,1270.5823508429032,0.3321952850402835,1737.7813298990511,0.0346836211892545,0.9837040499868188,0.003287863455388,0.016295950013181,1.5106667617805778,0.7812549877778333,0.3392947301513054,0.8080327416493479,1962404.890707144,3336.551962470601,1102.1524973071469,0.3303267893634244,1525.070174364546,0.037165320030764,0.9825869727926,0.003118033127555,0.0174130272073999,1.646387487665287,0.9026063116970832,0.3919969405010898,0.7716527531954078,1443985.426676727,-488.2535301444618,0.8723455268281791,-168.42985353575637,0.8674388531967087,-0.0018684956768590943,0.994375309458029,-212.71115553450522,0.877596132565849,0.0024816988415094984,1.0715524721855403,-0.0011170771942188296,0.9988644174076211,-0.00016983032783300005,0.9483462950679913,0.001117077194218899,1.0685493752893696,0.1357207258847093,1.0898416045929609,0.12135132391924985,1.1553287029414825,0.052702210349784395,1.1553287029395565,-0.03637998845394008,0.9549770862247035,-518419.46403041715,0.7358244129509853
question_only,question_only,11,7257.550943155634,1688.1481797090933,0.2326057636978948,2333.965209737518,0.0120213318305913,0.9945014496456503,0.0018897376535707,0.0054985503543495,1.3144878215707063,0.5982714284246423,0.2598259800451984,0.8699503442861504,3775329.391353322,6471.98130551052,1302.1393457671995,0.2011964009627936,1842.5765927901791,0.0128621507695121,0.9941489012687008,0.0021689568690341,0.0058510987312991,1.5316721799505926,0.833046828141903,0.361787640629035,0.8028412827943281,2224764.490843433,-785.5696376451142,0.8917583019674205,-386.0088339418937,0.771341853409804,-0.0314093627351012,0.8649673927394154,-491.38861694733873,0.7894618930491247,0.0008408189389207989,1.0699439088530256,-0.0003525483769495352,0.9996455023991421,0.0002792192154634,1.147755543626944,0.0003525483769496003,1.0641166040439383,0.21718435837988626,1.1652235607015387,0.2347753997172607,1.3924228845995115,0.1019616605838366,1.39242288459648,-0.06710906149182227,0.922858744831221,-1550564.9005098892,0.5892901678827906
question_only,question_only,12,7526.697607996518,1749.9850931640729,0.2325037067126029,2474.688071916756,0.0133737338971605,0.993887173212308,0.0022107666857317,0.006112826787692,1.3632976731568551,0.6584718605504885,0.2859706955256446,0.8536052902668164,4075522.34734574,6835.280921161121,1255.9925945146208,0.1837514228019852,1850.960656158476,0.0137056019775297,0.9937796779392862,0.002357776446063,0.0062203220607137,1.7970082365213185,1.0401557405558506,0.4517338984433963,0.736506185075811,2045853.2321900204,-691.4166868353968,0.9081381074615217,-493.99249864945205,0.7177161676524421,-0.0487522839106177,0.790316100329228,-623.7274157582801,0.7479571575761562,0.00033186808036920167,1.0248149157068878,-0.00010749527302178485,0.9998918435845446,0.00014700976033130012,1.0664971840826103,0.00010749527302169985,1.0175851984258009,0.43371056336446334,1.3181334288929314,0.38168388000536213,1.5796510114869469,0.1657632029177517,1.5796510114838225,-0.11709910519100541,0.8628182058767866,-2029669.1151557197,0.5019855267196414
question_only,question_only,13,8815.233907769378,1710.1321187670949,0.1939973614608065,2487.859191123145,0.0113191219676753,0.994856873044858,0.002085288667195,0.005143126955142,1.4694772997598802,0.7747045308576899,0.3364499028569421,0.8206536993153765,3978284.536619389,7925.911778886963,1466.312763111744,0.1850024078009178,2165.190902008312,0.0123219571944756,0.9944067656166276,0.0020367922867541,0.0055932343833724,1.617827467681245,0.9223276150949494,0.4005617937427229,0.7802552069476454,2913202.4193794737,-889.3221288824152,0.8991153112683028,-243.81935565535082,0.8574265970566467,-0.0089949536598887,0.9536336288642792,-322.668289114833,0.8703028329472436,0.0010028352268002996,1.0885965562148336,-0.000450107428230484,0.9995475656434353,-4.8496380440900006e-05,0.9767435644855453,0.00045010742823039986,1.0875162971998726,0.1483501679213648,1.1009543787743472,0.14762308423725956,1.190554047841482,0.06411189088578079,1.1905540478394803,-0.040398492367731076,0.9507727895427951,-1065082.1172399153,0.7322760331906812
question_only,question_only,14,14897.107577132252,2038.2304808599688,0.1368205519297415,3163.971867766354,0.0051337102095073,0.9976783414285072,0.0010453072382394,0.0023216585714929,1.3492602134669394,0.6533394514094881,0.2837417185568384,0.8583943690443862,6736374.001609026,13426.860238725778,1713.4676253735895,0.1276149147982938,2647.1450001399817,0.0057418460392739,0.9974069217889078,0.0011319968473223,0.0025930782110922,1.5492778355764274,0.8735935800139701,0.3793968712261741,0.7987174184869875,4342055.072614767,-1470.2473384064742,0.9013065233775063,-324.7628554863793,0.8406643122374677,-0.009205637131447703,0.9327174389918584,-516.8268676263724,0.8366525085473552,0.0006081358297666001,1.1184593215881005,-0.00027141963959942395,0.9997279487492827,8.668960908289982e-05,1.0829321799645988,0.0002714196395992999,1.1169076460316303,0.20001762210948804,1.1482424369383812,0.220254128604482,1.3371205092972382,0.09565515266933572,1.3371205092945726,-0.059676950557398634,0.9304783993110709,-2394318.92899426,0.6445685871327274
question_only,question_only,15,19508.592577715608,2203.265308329027,0.1129381988758013,3374.3633303696997,0.0033522741120777,0.998487186533454,0.0006669838674029,0.0015128134665459,1.3830603676419484,0.695136470395825,0.3018939332626099,0.8474452117815363,7277980.985527594,18115.87650333231,2055.02290503146,0.1134376746636272,3125.994693419027,0.0037641235222925,0.998301817346358,0.0007457170752221,0.0016981826536419,1.4613962010558044,0.7966097354673953,0.3459632123438989,0.8238917340649466,5967157.881625125,-1392.7160743832974,0.9286101204464038,-148.24240329756685,0.932716952998277,0.000499475787825901,1.004422558459346,-248.36863695067268,0.9263954077750537,0.0004118494102147998,1.1228567221302448,-0.00018536918709599615,0.9998143499580207,7.87332078192001e-05,1.1180436447551987,0.00018536918709600005,1.122532744500687,0.07833583341385597,1.0566394896748854,0.10147326507157028,1.1459760340478804,0.04406927908128899,1.1459760340457332,-0.023553477716589666,0.9722064891156247,-1310823.1039024685,0.8198919306729345
question_only,question_only,16,24191.66887185409,2240.059494460142,0.0925963192670163,3452.1595702881523,0.0026685624097843,0.9987963146227956,0.0005743854304768,0.0012036853772043,1.420776401854776,0.7415166551963143,0.3220365915911155,0.8356996639486155,8024076.421101968,22127.448983331004,2198.9362734489205,0.0993759504362847,3363.628593933007,0.0030674008917025,0.9986166935368036,0.0005814287584926,0.0013833064631965,1.4887274224529834,0.8307641489172972,0.3607962856378335,0.8161336133636625,6856632.491789684,-2064.2198885230864,0.9146722824515545,-41.12322101122163,0.9816419067828672,0.006779631169268399,1.07321706976975,-88.53097635514541,0.9743549003015071,0.0003988384819182001,1.1494581799197943,-0.00017962108599201,0.9998201624451731,7.0433280158000485e-06,1.0122623705787437,0.00017962108599219994,1.149225942463607,0.06795102059820746,1.0478266816006037,0.08924749372098295,1.1203580433351623,0.03875969404671803,1.1203580433331943,-0.019566050584952976,0.9765872221445184,-1167443.929312284,0.8545073765446571
question_only,question_only,17,27585.976947049883,2849.16100789175,0.103282947468585,4476.420250301332,0.0024020955901971,0.998915869928398,0.00044810990755,0.001084130071602,1.2647967869667722,0.5575415291016359,0.2421372095207417,0.8878394687886838,14138092.01264562,24536.99270998173,2180.7618286858237,0.0888764916899813,3308.070346732002,0.0030038463426645,0.9986458414717444,0.0004816019526881,0.0013541585282557,1.6716417004729125,0.9940838080070749,0.4317251123668441,0.7678545588956119,6607985.200802293,-3048.9842370681545,0.8894734000930781,-668.3991792059264,0.7654049113565147,-0.014406455778603708,0.8605146722420354,-1168.3499035693303,0.7389990576754533,0.0006017507524674003,1.250510743066438,-0.00027002845665358155,0.9997296784786565,3.34920451381e-05,1.0747406908418384,0.00027002845665370016,1.2490738542153066,0.40684491350614027,1.3216682060685112,0.43654227890543895,1.7829771525845879,0.18958790284610239,1.782977152580422,-0.11998490989307187,0.8648574273706968,-7530106.811843328,0.4673887533686916
question_only,question_only,18,31836.278343364786,3207.0818455006665,0.100736707064539,5070.533315746227,0.0022573808001456,0.998979854647528,0.0005029881450299,0.0010201453524718,1.1984775957223752,0.4598265140450852,0.1997001176825886,0.912699931736548,21875375.250438217,30014.89524123343,3344.186137575188,0.1114175515422442,5111.838307146803,0.0026147469617742,0.9988191195902466,0.0005280868138021,0.0011808804097533,1.2503811889854637,0.5484440064000503,0.2381862056124535,0.8932964886224057,17672365.967064455,-1821.3831021313563,0.942789069674315,137.10429207452125,1.0427504811786668,0.010680844477705204,1.1060273339067583,41.304991400576,1.008146084214121,0.00035736616162859985,1.158310091255866,-0.0001607350572814248,0.9998391008011488,2.5098668772200036e-05,1.0498991238070012,0.00016073505728149981,1.1575609355416654,0.051903593263088466,1.043307937876603,0.08861749235496513,1.1927194053561767,0.03848608792986488,1.1927194053527974,-0.019403443114142216,0.978740610752317,-4203009.283373762,0.8078657286900911
question_only,question_only,19,36229.600212472746,3786.633714058998,0.1045176786895753,5898.64822107067,0.0021953814192234,0.9990071108358054,0.0004960339499608,0.0009928891641945,1.163316386559172,0.3998847974047605,0.1736677609098872,0.9266246542700576,32925670.217421487,36941.04132611899,4781.672825909162,0.1294406615042631,7126.234745031213,0.0022424237917721,0.9989856569043214,0.0004698423869038,0.0010143430956786,1.146661933850583,0.375902113909298,0.1632522138065757,0.9335009294142343,35836725.43752112,711.441113646244,1.0196370125387504,995.0391118501643,1.2627767000953343,0.024922982814687786,1.2384571024340514,1227.5865239605428,1.2081131944053651,4.7042372548699966e-05,1.0214278808754393,-2.145393148400565e-05,0.9999785247449681,-2.6191563057000012e-05,0.9471980415730257,2.1453931484099976e-05,1.0216075784046825,-0.016654452708589007,0.9856836429865525,-0.02398268349546251,0.9400260183631652,-0.010415547103311495,0.9400260183601034,0.006876275144176769,1.0074207772386394,2911055.2200996354,1.0884129374095277
question_only,question_only,20,39174.52174202968,4281.0252694566025,0.1092808560024758,6909.977261274004,0.0020320557937888,0.9990813514563448,0.0004121241234854,0.0009186485436553,1.1444789807811682,0.3645590477624735,0.1583259827711462,0.934322119752529,40795749.171031386,40884.9268039508,5388.130117102719,0.1317876914135028,8027.051319872738,0.0021655722793367,0.999020279389082,0.0004634217013197,0.0009797206109178,1.1358476796806702,0.3538328381544655,0.1536676491266507,0.9379718630270726,45959571.72885167,1710.4050619211193,1.0436611600055874,1107.1048476461165,1.2586074077966474,0.022506835411026993,1.2059540548374834,1117.0740585987332,1.1616610324985028,0.00013351648554790025,1.0657051272363205,-6.107206726280179e-05,0.9999388717763836,5.12975778343e-05,1.124471181827448,6.107206726249995e-05,1.0664803385558246,-0.008631301100497923,0.9924583140045096,-0.01072620960800802,0.9705775794763235,-0.004658333644495499,0.9705775794728556,0.003649743274543593,1.00390630083178,5163822.557820283,1.1265774661024501
question_only,question_only,21,42387.39210633128,4715.813070037814,0.1112550887350634,7471.688779307786,0.0020319001610454,0.9990805831148274,0.0004439425314398,0.0009194168851726,1.1316849940749458,0.3403335269932434,0.147804972779837,0.9396623784634922,50994521.79024859,44444.59608025188,6434.525404822696,0.1447763276598155,9264.73603384667,0.0022141872025674,0.9989979103054936,0.0004337327549538,0.0010020896945064,1.1239720198073977,0.3307618640943374,0.143648052400204,0.942972401201768,59736483.71007989,2057.203973920601,1.048533393343945,1718.712334784882,1.3644572652179148,0.03352123892475209,1.3013007252484097,1793.0472545388839,1.2399788464830839,0.0001822870415220004,1.089712597068993,-8.267280933382803e-05,0.9999172511089386,-1.020977648600002e-05,0.9770020290016153,8.267280933379995e-05,1.0899187404290072,-0.007712974267548134,0.9931845219218037,-0.009571662898905986,0.9718756392165034,-0.004156920379633,0.9718756392127833,0.003310022738275742,1.0035225659908664,8741961.919831306,1.171429432278802
question_only,question_only,22,47612.88719855868,6760.007002021092,0.1419785146368046,10132.27839045882,0.002080865884595,0.9990554443154764,0.0005160793967777,0.0009445556845235,1.0899759855118605,0.2542475153012336,0.1104182929329383,0.9576613359732252,87948355.23273528,51334.96510036428,9164.7744412418,0.1785288920197739,12366.982978721077,0.0022955678382853,0.9989573194314664,0.0005154858394794,0.0010426805685336,1.0819529091873104,0.2400617217424759,0.1042574810689511,0.9612603665184918,116013414.54948536,3722.0779018055982,1.0781737491844072,2404.7674392207073,1.3557344598166443,0.03655037738296929,1.2574359752615485,2234.704588262257,1.2205530189899432,0.0002147019536903002,1.10317914007654,-9.812488401006458e-05,0.9999017823429438,-5.935572982999687e-07,0.9988498701927341,9.812488401010004e-05,1.103884698926688,-0.008023076324550127,0.9926392173477334,-0.014185793558757681,0.9442047897974756,-0.006160811863987203,0.9442047897926376,0.003599030545266557,1.0037581453997046,28065059.31675008,1.3191084045003718
question_only,question_only,23,53519.7500828808,8407.877547633161,0.1570985950908347,12011.618439760245,0.0025016028828739,0.9988637583797356,0.0005521494254594,0.0011362416202643,1.103245400000141,0.2807359011089353,0.1219220527237476,0.9518052789466732,115895679.47359824,57315.379872316975,10637.027443694664,0.1855876636845303,14053.055271805386,0.002685813007862,0.9987795639929372,0.0005397992903442,0.0012204360070626,1.0944597323614234,0.2678234028636657,0.1163142259882415,0.9557093161537714,149970703.32649085,3795.629789436178,1.0709201702840214,2229.1498960615027,1.2651263512619795,0.0284890685936956,1.1813451519158513,2041.4368320451413,1.1699551848306868,0.00018421012498809992,1.0736368370757705,-8.419438679840852e-05,0.9999157098382117,-1.235013511520001e-05,0.9776326198609062,8.419438679829988e-05,1.07409901575742,-0.008785667638717687,0.9920365245667839,-0.012912498245269632,0.9540048202056882,-0.005607826735506111,0.9540048202012609,0.003904037207098199,1.00410171837922,34075023.85289261,1.29401461734952
question_only,question_only,24,60205.10303047505,11269.3640948034,0.1871828720083577,15725.00371864964,0.0028056408934324,0.9987183370968016,0.0006929449016879,0.0012816629031983,1.0762424859823083,0.2237117708423636,0.0971567876136433,0.9638044497831592,184074063.9876598,59123.05081388258,11235.455490664774,0.1900351104349066,15214.757681140743,0.0034394628050138,0.9984347174037784,0.0007028825818749,0.0015652825962215,1.1123266920673265,0.3061632655698027,0.1329650167984451,0.9479378868551284,167668266.76792014,-1082.0522165924704,0.9820272342023109,-33.9086041386272,0.9969910809648731,0.0028522384265488865,1.0152377105604315,-510.2460375088958,0.967551928976414,0.0006338219115813999,1.225909848918718,-0.0002836196930231516,0.9997160163346481,9.937680186999942e-06,1.0143412256132518,0.00028361969302319995,1.2212903963235235,0.03608420608501817,1.033527951696731,0.08245149472743912,1.3685612715665696,0.03580822918480181,1.3685612715586002,-0.015866562928030792,0.9835375703727203,-16405797.219739676,0.9108739337615781
question_only,question_only,25,66618.67079261961,12549.07067977574,0.1883716761452706,17638.101489269357,0.0029841574483645,0.9986341601721068,0.0007692777306625,0.0013658398278932,1.0744332020136542,0.218914100839893,0.0950731860055775,0.9646174913191494,230009053.41266212,63130.25387824192,11134.551433201308,0.1763742540094373,15418.043011661865,0.0038138203442277,0.9982668300404246,0.0007633441782902,0.0017331699595753,1.1461999263774234,0.3713231247789248,0.1612635840945596,0.9336442651462746,168629283.88826507,-3488.416914377689,0.9476360474792879,-1414.5192465744312,0.8872809562819586,-0.011997422135833297,0.9363098402993595,-2220.058477607492,0.8741327983083594,0.0008296628958632001,1.2780224934310633,-0.00036733013168221973,0.9996321674669946,-5.933552372299985e-06,0.992286851512682,0.00036733013168210003,1.2689408544922605,0.07176672436376919,1.066794961499887,0.15240902393903183,1.6962046910299435,0.0661903980889821,1.6962046910198507,-0.03097322617287479,0.967890665001849,-61379769.524397045,0.7331419410944888
question_only,question_only,26,67720.09598733514,11906.621492660404,0.1758210959253092,16915.261850151113,0.0036287480908255,0.9983430802557304,0.0009059926831772,0.0016569197442697,1.107775374939325,0.2907772244584847,0.1262829440454631,0.949847603816428,210280711.7193544,64766.22570890863,10322.428676669422,0.1593798089001435,14702.72112661689,0.0043586464808297,0.9980218185283578,0.0008526911411632,0.0019781814716421,1.2048538650694631,0.4715058884740472,0.2047724055491687,0.9102327746580164,155077076.2563009,-2953.8702784265115,0.9563811858893564,-1584.1928159909821,0.8669485868037774,-0.0164412870251657,0.9064885420060365,-2212.5407235342227,0.8691985531684538,0.0007298983900041996,1.2011433063233146,-0.0003212617273725682,0.9996782050832766,-5.3301542014000045e-05,0.9411677997572274,0.0003212617273723997,1.1938909396725834,0.09707849013013803,1.0876337318243487,0.18072866401556248,1.6215365194110802,0.07848946150370559,1.6215365194038163,-0.039614829158411524,0.9582934893974572,-55203635.463053495,0.7374764665209543
question_only,question_only,27,70117.11148720136,13835.780826518112,0.1973238847559142,19540.77786778358,0.0050826653930362,0.9976718967108192,0.0012880526201441,0.0023281032891808,1.124017329100129,0.3231294038864501,0.1403333170485724,0.942874517758599,274720408.0035286,64237.222243013006,10701.022681696668,0.1665860120976915,15732.951979276158,0.0061120118063523,0.9972243055459524,0.001158338999054,0.0027756944540474,1.2724172329973866,0.5706135383194743,0.2478143109914374,0.8851151022150563,176160263.4825857,-5879.889244188351,0.9161418786445357,-3134.758144821444,0.7734310636944128,-0.030737872658222698,0.844226294768679,-3807.825888507423,0.8051343751885489,0.0010293464133160997,1.2025209870246216,-0.00044759116486681183,0.9995513643640339,-0.00012971362109009997,0.8992947803833642,0.00044759116486659976,1.1922557155236184,0.14839990389725766,1.1320263487529434,0.24748413443302414,1.7658979079422494,0.10748099394286498,1.7658979079351311,-0.05775941554354269,0.9387411426901354,-98560144.5209429,0.6412347184644653
question_only,question_only,28,71612.12243930287,12742.157150491415,0.1779329632534133,18185.09532850616,0.0067359749859276,0.9969288507581944,0.0015707557569499,0.0030711492418055,1.232655094202205,0.5040388956763855,0.218901311056863,0.8994629482428259,236144101.9074757,62878.76749702891,10287.639101549894,0.1636106989857267,15342.289104051102,0.0082722364276325,0.9962522036967768,0.0012966417004575,0.0037477963032233,1.4898549826072238,0.8163546817726453,0.3545383335697449,0.8150537197117421,154264610.13677222,-8733.35494227396,0.8780464166569537,-2454.5180489415216,0.8073702890372167,-0.014322264267686596,0.9195075268419588,-2842.8062244550565,0.8436738343626499,0.0015362614417048998,1.2280681629142474,-0.0006766470614175679,0.9993212684517032,-0.00027411405649239995,0.8254890640349045,0.0006766470614177999,1.2203237312556265,0.25719988840501884,1.2086551944769872,0.31231578609625976,1.6196263597386347,0.1356370225128819,1.6196263597344487,-0.08440922853108379,0.9061559692960225,-81879491.7707035,0.6532647179865414
question_only,question_only,29,75272.44356326306,13188.404570188744,0.1752089336531833,18934.38625767071,0.0083639689168421,0.9961908667678138,0.0018896568055012,0.0038091332321862,1.3253874615754224,0.6318941915402196,0.2744281605326338,0.8664442679904925,245366197.03503555,64396.3114135528,10843.053847997537,0.1683800455334079,16289.94182863783,0.0105124846439344,0.9952376030889544,0.0015708151902332,0.0047623969110457,1.6670587736146232,0.968145126239332,0.420460086007269,0.7674551552650588,166281532.4275036,-10876.132149710262,0.8555097770863601,-2345.3507221912078,0.8221656979273541,-0.006828888119775389,0.9610243154937873,-2644.444429032881,0.8603364063114767,0.0021485157270922997,1.2568775359158812,-0.0009532636788593951,0.999043091327517,-0.000318841615268,0.831270093505311,0.0009532636788595001,1.2502573733978137,0.34167131203920076,1.2577897572924186,0.3362509346991124,1.53213170685741,0.14603192547463517,1.532131706854252,-0.09898911272543365,0.8857524755101668,-79084664.60753196,0.6776872056412907
question_only,question_only,30,74835.68615013314,13971.30558106933,0.1866930912217536,20037.285083959232,0.0102290379021736,0.99533311633002,0.0025590813075644,0.0046668836699799,1.3416527535205376,0.6534271122386069,0.2837797891712038,0.8610578740178493,268578506.5771363,63819.881040729466,11239.623462918542,0.1761147667408762,16847.255446396946,0.0125618118949703,0.9943035994714068,0.0020495813273866,0.0056964005285931,1.755512753114559,1.0331060872257576,0.448672272902806,0.7462238893439558,175898927.22217938,-11015.805109403678,0.852800105456318,-2731.6821181507876,0.8044791088205722,-0.010578324480877394,0.9433384255807525,-3190.0296375622856,0.8407953161221402,0.0023327739927967005,1.228054095984232,-0.0010295168586131886,0.9989656559771585,-0.0005094999801778001,0.800905121899538,0.0010295168586132,1.2206004970758213,0.4138599995940213,1.3084702792930074,0.37967897498715064,1.581057883693882,0.1648924837316022,1.5810578836907299,-0.1148339846738935,0.8666361598449541,-92679579.3549569,0.6549255540359513
question_only,question_only,31,78708.26838644734,15341.636160933209,0.194917719261816,21889.540799303788,0.0102081332307451,0.9953390183992225,0.0025596672965011,0.0046609816007776,1.3067034396270034,0.6113903573606145,0.2655234584905721,0.8730068914196925,317686039.80434984,62246.00803081013,11586.109227417835,0.1861341730008295,17392.77034585854,0.0143465320198683,0.9934853872388056,0.0024833139628809,0.0065146127611944,1.7588347106567104,1.0389222379287908,0.451198195059051,0.7457326028208395,186554518.443988,-16462.260355637205,0.7908445873207418,-3755.5269335153735,0.7552068831433602,-0.008783546260986513,0.9549371586369565,-4496.77045344525,0.7945699046556394,0.0041383987891232005,1.4054021136062047,-0.0018536311604168132,0.9981376886395993,-7.635333362019997e-05,0.9701706019783349,0.0018536311604168002,1.3976911555947493,0.45213127102970696,1.3460090922829597,0.42753188056817626,1.6992780887355525,0.18567473656847894,1.6992780887319319,-0.12727428859885292,0.8542115877313037,-131131521.36036184,0.5872291982325678
question_only,question_only,32,79799.13988800583,15803.85476915958,0.1980454274487107,22456.690783104885,0.012821636194249,0.9941482790983622,0.0037038012015683,0.0058517209016377,1.3850717882854129,0.7040388214249612,0.3057601751905295,0.8469855481619039,326240746.37277937,62725.851259644354,12046.537119652432,0.1920505960100498,18234.198082596668,0.0185239140684744,0.9915834930082534,0.0040678093189504,0.0084165069917465,1.976126525991661,1.1755678629419997,0.5105426359785087,0.6995560661377841,195622862.08096823,-17073.28862836147,0.7860467086196293,-3757.3176495071475,0.7622530892374838,-0.005994831438660891,0.9697300184262868,-4222.492700508217,0.8119717307732189,0.005702277874225399,1.4447387046700289,-0.002564786090108795,0.9974201171545232,0.00036400811738210043,1.0982796042427139,0.0025647860901088,1.4382960383419356,0.5910547377062481,1.4267322045714979,0.47152904151703845,1.669748637668876,0.20478246078797918,1.6697486376657869,-0.14742948202411976,0.8259362484461611,-130617884.29181114,0.5996273128232718
question_only,question_only,33,81389.14220413001,17028.755701820275,0.2092263813164524,24081.39269038166,0.0152245302715458,0.9930439673975212,0.0047766848105283,0.0069560326024789,1.407973397526807,0.7262321666554616,0.3153986225591097,0.8397182885749028,372738807.5712394,63347.00714829778,12609.952010384368,0.1990615275772063,19075.27603691048,0.0218141764331485,0.9900863742940176,0.0051593372725194,0.0099136257059825,2.163522565417354,1.266498729642964,0.5500334096214176,0.6643738500015475,208166360.9515486,-18042.13505583223,0.7783225800490535,-4418.803691435907,0.7405093026871269,-0.01016485373924611,0.9514169595810993,-5006.116653471181,0.7921168132659258,0.006589646161602701,1.4328308356735133,-0.0029575931035036307,0.9970216896717558,0.0003826524619911006,1.080108375597148,0.0029575931035036003,1.4251839045470298,0.7555491678905473,1.5366217637465167,0.5402665629875023,1.7439309187774812,0.23463478706230784,1.7439309187743532,-0.17534443857335535,0.7911865908366412,-164572446.6196908,0.5584778314551081
question_only,question_only,34,84756.34149453464,17902.826683597857,0.2112269874785981,25364.01747958659,0.0170694861910271,0.99220291048067,0.0052000767797,0.0077970895193301,1.477896801734201,0.7967315629284033,0.3460161213379589,0.8185748431993496,403674310.1336115,65937.32160672481,13330.229415881058,0.2021651636896566,20116.707523022014,0.0247033148787571,0.9887773952749048,0.0056864442970875,0.0112226047250951,2.49691490554998,1.3985755233856842,0.6073936323313549,0.6103011098559653,225166853.49757943,-18819.01988780983,0.7779632820864107,-4572.597267716799,0.7445879721381594,-0.00906182378894152,0.9570991193025618,-5247.309956564575,0.7931199203443341,0.00763382868773,1.4472207658069784,-0.0034255152057651728,0.9965475658551514,0.00048636751738749973,1.0935308336585807,0.0034255152057649993,1.4393325478479275,1.0190181038157793,1.6895055883593146,0.601843960457281,1.7553911360602255,0.261377510993396,1.7553911360573557,-0.20827373334338428,0.7455654359837095,-178507456.63603207,0.5577933691719243
question_only,question_only,35,94244.55049210126,18694.576678895748,0.1983624154530034,26516.27979240182,0.0177002849933,0.9919316851808834,0.0056375885609889,0.0080683148191166,1.59978897734375,0.902003722203163,0.3917352392090273,0.7846895529291866,431416481.57898223,73697.06022634332,14115.676536837447,0.1915364940403923,21176.155153334745,0.0248422599888777,0.9887278402018808,0.0057672644274753,0.0112721597981192,3.044389806292352,1.5550028496437425,0.6753291569441092,0.5375602951708697,243663213.30764136,-20547.490265757937,0.7819768871678151,-4578.900142058301,0.7550679953492925,-0.006825921412611097,0.965588635337051,-5340.124639067075,0.7986095832116964,0.007141974995577699,1.4034949153009468,-0.0032038449790026124,0.9967700951306792,0.0001296758664864001,1.0230020094692138,0.0032038449790026003,1.397089733039978,1.4446008289486019,1.9029946132928595,0.6529991274405794,1.7239428301292277,0.2835939177350819,1.723942830126738,-0.24712925775831696,0.6850611087703574,-187753268.27134088,0.5647981097426672
question_only,question_only,36,96165.8208215699,19540.034711151624,0.2031910562839891,27767.916086668403,0.0197738213933015,0.9909834261939034,0.0063409683116123,0.0090165738060965,1.6753133456401257,0.9574522960806108,0.4158162488734076,0.7651663069103735,471720785.9616509,74639.17105756054,14717.903490754084,0.197187392118863,22105.32274292857,0.0283434588049871,0.987128612345699,0.0068291691869526,0.0128713876543009,3.2720871716916493,1.6120863814956028,0.7001202198349207,0.5127879543029243,263862456.13962612,-21526.64976400936,0.7761507198701001,-4822.131220397539,0.7532178784899743,-0.006003664165126099,0.9704531081441619,-5662.593343739834,0.7960742417232206,0.0085696374116856,1.433382968309567,-0.003854813848204408,0.9961101126948149,0.00048820087534029964,1.0769915335122018,0.0038548138482043994,1.427525347174607,1.5967738260515236,1.953119504601961,0.654634085414992,1.683725014909978,0.28430397096151305,1.6837250149076877,-0.2523783526074491,0.6701653610086609,-207858329.8220248,0.5593615206116381
question_only,question_only,37,105658.78993845728,22211.92183209821,0.2102231328319765,31544.671996518104,0.019635775529794,0.991041000846385,0.0064041525756897,0.0089589991536149,1.6264385827000816,0.9133276831441588,0.3966531729589897,0.7769439925467286,614512124.0729752,78295.09376378471,16161.446331446432,0.2064171016922887,24272.605903994416,0.0309117387929728,0.9859534192544852,0.0074776438582959,0.0140465807455149,3.2381317190300822,1.609587483577426,0.699034962258217,0.517624590330385,317131194.91536176,-27363.696174672572,0.7410182703151247,-6050.475500651779,0.7276023413737976,-0.0038060311396878044,0.981895279128431,-7272.066092523688,0.7694676903495342,0.011275963263178798,1.574256068699459,-0.005087581591899815,0.994866426728511,0.0010734912826062,1.1676242514136173,0.0050875815918999985,1.5678738777734247,1.6116931363300007,1.9909339052031139,0.6962598004332672,1.7623329646974117,0.3023817892992273,1.7623329646948986,-0.25931940221634364,0.6662315370159538,-297380929.1576134,0.5160698747706098
question_only,question_only,38,112706.57016236382,23605.611679625275,0.2094430843350063,33635.095968958165,0.0204153140268923,0.9906875087983822,0.0072331292429456,0.0093124912016178,1.6618766954297133,0.9343416951154324,0.4057794424007627,0.7675842913080402,698585870.1576561,83027.27933491439,17206.69040364673,0.2072414095882704,25890.82607423285,0.0328950432038455,0.9850447869375624,0.0091516481959311,0.0149552130624377,3.3323371160579267,1.625887979922161,0.7061141778730196,0.5070222278239535,361758005.5519418,-29679.290827449426,0.736667607002025,-6398.921275978544,0.7289237253063157,-0.00220167474673591,0.9894879568131082,-7744.269894725316,0.769756271786098,0.0124797291769532,1.6112925404381655,-0.0056427218608198215,0.9943042363896782,0.0019185189529854997,1.2652405186304905,0.0056427218608199,1.6059304365553326,1.6704604206282134,2.0051650794671474,0.6915462848067286,1.7401428068770408,0.30033473547225686,1.7401428068746152,-0.2605620634840867,0.6605427359114873,-336827864.60571426,0.5178432902891389
question_only,question_only,39,119656.65148848928,25204.979058557063,0.2106441952454413,35908.74451555997,0.0217639165086759,0.9900734126059294,0.0079952684467696,0.0099265873940705,1.7115737602309609,0.9671538877525988,0.4200295966022306,0.7551934218570552,791167122.903587,87665.39128230547,18109.72954751703,0.2065778670764038,27280.320824820807,0.0348464602358145,0.9841567316472336,0.0103916441397695,0.0158432683527663,3.6433432137242057,1.6775834010287556,0.7285652139992784,0.4734405744415935,400689082.4763223,-31991.26020618381,0.7326411878635823,-7095.249511040034,0.7184980993415583,-0.004066328169037514,0.980695750171135,-8628.423690739164,0.7597124653856863,0.013082543727138601,1.601111648279036,-0.005916680958695797,0.994023997731525,0.0023963756929998997,1.299724231607058,0.005916680958695799,1.5960438086339719,1.9317694534932448,2.128651010185177,0.7104295132761568,1.734556850022354,0.3085356173970478,1.734556850020018,-0.2817528474154617,0.6269130010120514,-390478040.4272647,0.5064531511443392
question_only,question_only,40,129761.05711466903,27370.827090127063,0.2109325224280474,38905.55939594215,0.0233971077789503,0.9893260698389158,0.008596615954273,0.0106739301610842,1.7811443358449728,1.0066538046111235,0.4371841925295252,0.7381089690551539,919747229.3826984,94912.42030986756,20032.667143268307,0.211064759257705,30099.46777023272,0.0364441997404189,0.9834245381725784,0.0107763966403648,0.0165754618274215,3.687158956696228,1.6790100393278196,0.7291847951402338,0.4668904230536445,486441466.9451693,-34848.63680480147,0.7314399436958505,-7338.159946858756,0.7318984946017322,0.00013223682965760042,1.0006269153145981,-8806.091625709432,0.7736546714033906,0.013047091961468603,1.5576369559509855,-0.005901531666337445,0.9940347961635213,0.0021797806860918006,1.2535626456308968,0.005901531666337299,1.5528921002594382,1.9060146208512554,2.0701067748925435,0.672356234716696,1.66791207824895,0.29200060261070865,1.667912078246792,-0.2712185460015094,0.6325494508631616,-433305762.4375291,0.528886036733866
question_only,question_only,41,145062.93589069406,26901.80548420517,0.185449200507536,38621.83019063337,0.0213329836646655,0.9903055879402926,0.0068586287927051,0.0096944120597074,2.168853986258627,1.196244931554707,0.5195225727789424,0.6562615191001879,875429461.2962201,109224.24082894636,20937.98356841253,0.1916972222421123,31403.83720405525,0.0322639557005435,0.9853557958058102,0.0082270688614264,0.0146442041941897,4.547233066972096,1.7945996548549328,0.7793847273289775,0.3798525505967143,523990648.8669093,-35838.6950617477,0.7529438182007263,-5963.821915792643,0.7783114624297549,0.006248021734576309,1.0336912842786223,-7217.992986578123,0.8131110578926256,0.010930972035878003,1.5123977126777124,-0.004949792134482323,0.9950017527965562,0.0013684400687212998,1.1995209405380363,0.0049497921344823,1.5105819829491665,2.3783790807134686,2.09660636252152,0.5983547233002258,1.5001941554904397,0.25986215455003503,1.500194155488806,-0.27640896850347363,0.5788127743905481,-351438812.42931074,0.5985526784660107
question_only,question_only,42,157894.86866262575,30067.975125233457,0.1904303501431687,43175.10475417284,0.0216617773110064,0.9901463484554964,0.0076527515972941,0.0098536515445035,2.028400311978854,1.1322154891706937,0.4917149392722231,0.6835069936220769,1116127073.013217,114154.75486094128,23400.27769842528,0.2049873238038183,35222.13099862202,0.0353828240831876,0.9839123784693392,0.0107914588827094,0.0160876215306606,3.816625326951877,1.6870273214211686,0.732666656513237,0.4489935604705655,669797494.1362758,-43740.11380168448,0.7229795105302373,-6667.697426808176,0.7782458779137225,0.014556973660649591,1.076442508500504,-7952.973755550818,0.8157972331316192,0.013721046772181202,1.6334220213581498,-0.006233969986157217,0.9937039913373663,0.003138707285415301,1.4101410119093583,0.006233969986157099,1.6326558186443925,1.788225014973023,1.881593738874254,0.5548118322504749,1.490023178057177,0.24095171724101394,1.4900231780554634,-0.2345134331515114,0.6568968052405402,-446329578.8769412,0.600108634877943
question_only,question_only,43,163049.77816930797,30869.980399938748,0.1893285642368916,44613.16718199297,0.0238136290374105,0.9891664463575224,0.0083301054188392,0.0108335536424777,2.196871200027205,1.2028622422325743,0.5223964342913797,0.650463807210303,1182401225.416496,118072.0602293936,25279.417648744507,0.2141016054063168,38084.77540761924,0.039171897684347,0.9821693023118852,0.0128392204806423,0.0178306976881147,3.7526583861300415,1.6667957399618178,0.7238801923252649,0.4522621610393711,788028019.6717051,-44977.71793991438,0.72414732209442,-5590.56275119424,0.8188996987116541,0.024773041169425192,1.1308468231835205,-6528.391774373726,0.8536667045461692,0.015358268646936499,1.6449360834992508,-0.006997144045637227,0.9929262217977609,0.0045091150618031,1.5413034809936583,0.006997144045637,1.6458770847412199,1.5557871861028367,1.708183158886084,0.4639334977292435,1.3856912965085455,0.20148375803388519,1.385691296507045,-0.19820164617093183,0.6952918148948661,-394373205.7447909,0.6664641432472513
question_only,question_only,44,175217.9082078937,34073.7054589794,0.1944647428306894,49071.25985699514,0.0243260664450871,0.9889224140335524,0.009134127022933,0.0110775859664477,2.0605343034159445,1.1454743105801293,0.4974731722468817,0.6772352539768856,1450545252.2142837,124594.89178000468,28293.533343412037,0.2270842162082334,42720.7318556078,0.04310321784238,0.9803375937788708,0.0159742175662057,0.0196624062211292,3.2962167477891144,1.5767259952567891,0.6847633992134363,0.5008837569095541,1007320626.8678372,-50623.016427889015,0.7110853739457642,-5780.172115567362,0.8303626788543446,0.032619473377544006,1.1677397810089225,-6350.528001387334,0.8705855928726056,0.0187771513972929,1.7718942739019463,-0.008584820254681658,0.9913190153910479,0.0068400905432726995,1.7488499474936656,0.008584820254681498,1.7749721174729423,1.23568244437317,1.5996903047539959,0.43125168467665986,1.3764830696699557,0.18729022696655462,1.376483069668391,-0.17635149706733144,0.7396008314208492,-443224625.3464465,0.6944427451195638
question_only,question_only,45,186983.79032830632,35649.11989948993,0.1906535311798802,51207.23274991856,0.0250764894553743,0.9885821886335164,0.0093535812173313,0.0114178113664834,2.102424856232496,1.1779621421447697,0.5115824582244074,0.6709059894785617,1561371155.841895,136884.1537392937,30353.923913374223,0.2217489978510265,45732.47663731795,0.0427822910104237,0.9804853102617096,0.0160415446815488,0.0195146897382902,3.308538988307665,1.5857013221028062,0.6886613341359397,0.5016561201276886,1154136624.5999908,-50099.63658901263,0.7320642794701742,-5295.195986115708,0.8514634863063907,0.031095466671146293,1.1630993482131986,-5474.756112600611,0.8930862728056845,0.017705801555049396,1.7060717802965313,-0.008096878371806837,0.9918096052448703,0.006687963464217501,1.715016345836643,0.0080968783718068,1.7091445208024516,1.206114132075169,1.5736776410810362,0.40773917995803655,1.3461394601479304,0.17707887591153226,1.346139460146442,-0.16924986935087316,0.7477293808583161,-407234531.24190426,0.7391814689811389
question_only,question_only,46,194843.18871330205,35891.700328547464,0.1842081345802627,51042.3000111873,0.0245161271571943,0.9888543326041463,0.0083970643948584,0.0111456673958535,2.2307659107309674,1.2477996213025906,0.5419124900526824,0.6494915100579987,1505549508.1322126,157258.89950495106,32878.4716524762,0.2090722480951932,49075.039438346,0.037270641163059,0.9830110691084676,0.0139750199510216,0.0169889308915323,2.9071564927876588,1.5064002270845185,0.6542213061606117,0.5529856482035829,1346074229.318408,-37584.289208350994,0.8071049367619741,-3013.228676071267,0.9160466445309471,0.024864113514930508,1.1349783687373578,-1967.2605728412964,0.9614582302833117,0.012754514005864696,1.5202499531253089,-0.005843263495678763,0.994090875365551,0.0055779555561632,1.6642744764365935,0.005843263495678798,1.5242632214494747,0.6763905820566913,1.3032100225315668,0.2586006057819279,1.207245299137665,0.11230881610792931,1.2072452991364047,-0.09650586185441579,0.8514132050060987,-159475278.81380463,0.8940750350935653
question_only,question_only,47,214280.96651747517,36741.34234458868,0.1714633965942669,52332.61439392956,0.0216954869957213,0.9901561920057376,0.0066844830920573,0.0098438079942623,2.476025332007872,1.3446789165261104,0.5839866333789331,0.6100244541569623,1548813996.6153967,175521.26449074576,33187.97603097015,0.1890823663290095,49494.06190656618,0.0318633119720204,0.9855198361822448,0.0102542067777768,0.0144801638177552,3.442541946768138,1.6370445724428448,0.7109594244415957,0.4936776876401956,1329935490.6981668,-38759.702026729414,0.819117382861121,-3553.366313618528,0.9032869762815873,0.017618969734742584,1.10275644880249,-2838.5524873633767,0.9457593984126915,0.0101678249762991,1.4686608314824046,-0.004636355823492755,0.9953175510470764,0.0035697236857194998,1.534031373110528,0.004636355823492899,1.4709921023169406,0.9665166147602662,1.3903500510534368,0.29236565591673447,1.2174241391921459,0.12697279106266257,1.2174241391909666,-0.11634676651676668,0.8092752417960619,-218878505.9172299,0.8586799277411347
question_only,question_only,48,118.81377031704626,86.16064784918125,0.7251739223430654,127.54342163889235,0.3943660620396643,0.8022769617613635,0.1368034068446416,0.1977230382386364,4.182866884541704,1.6391094545225582,0.7118561913345961,0.352050344092727,9329.708968012625,118.54827034361018,117.1526101702298,0.9882270726571036,176.9882876970348,0.5101861345604852,0.7299440433961781,0.142385640593505,0.2700559566038218,4.154593071298971,1.6387533611346348,0.7117015419411786,0.3559748212593957,18475.979763039897,-0.26549997343607856,0.9977654107539168,30.99196232104856,1.3596997364190746,0.2630531503140382,1.3627449115416899,49.44486605814244,1.387670845134859,0.11582007252082094,1.2936867131023013,-0.0723329183651854,0.9098404643113626,0.005582233748863408,1.040804786054502,0.0723329183651854,1.3658294906257678,-0.02827381324273226,0.9932405658549128,-0.0003560933879234174,0.9997827519157182,-0.00015464939341747197,0.9997827519149236,0.003924477166668716,1.0111474885098364,9146.270795027272,1.9803382749007195
