model_tag,condition,condition_family,layer,n_points,d_model,centroid_norm,abs_disp_l2_mean,rel_disp_l2_mean,pairwise_l2_mean,pairwise_cosine_distance_mean,cos_to_centroid_mean,cos_to_centroid_std,angular_disp_to_centroid,effective_rank_pr,spectral_entropy,spectral_entropy_norm,top1_pc_variance_share,cov_trace
base,target,target,0,10,3840,33.10863497389326,47.6450022176564,1.4390506360417419,65.50036864607243,0.7707816136393445,0.5534406448713828,0.3511671860666215,0.4465593551286172,3.6665594210805645,1.4604499442481127,0.634265351882867,0.44082950208445315,2758.619491536674
base,target,target,1,10,3840,778.773576280881,513.5496923187504,0.6594338944719502,692.0903991379885,0.35505822048764757,0.8196701806175108,0.18139243404721955,0.18032981938248915,1.7983519286422922,0.9297490407499737,0.40378487795255513,0.7306232672651185,308317.69820108707
base,target,target,2,10,3840,777.6723753220481,487.721638262075,0.6271556682981057,661.3905168917938,0.33600592263880075,0.8317778462993737,0.16064279670573448,0.16822215370062632,1.9963731969466676,1.0268045084256059,0.44593553200262165,0.6861484000106941,280164.34525440657
base,target,target,3,10,3840,784.4949481644143,505.6392729654543,0.6445411460565351,696.344267456173,0.3533466733445984,0.8235716020950814,0.1484558148927053,0.1764283979049186,2.137893725773787,1.111122233086254,0.48255425454937884,0.6600622114957435,302165.2824648028
base,target,target,4,10,3840,604.8531331913023,513.5603288575185,0.8490661628020191,708.8467042937639,0.49071408251449156,0.7462019843374879,0.1749438702126113,0.25379801566251214,2.3185893632251835,1.1807434860374624,0.5127903805292792,0.6273325241994336,311196.55107886856
base,target,target,5,10,3840,959.7190267684032,469.2013524848709,0.4888944987000834,670.2247406072534,0.22533264623733448,0.892778613629417,0.06860241770283212,0.10722138637058298,3.511162980656608,1.4668896193192982,0.6370620672315328,0.4513279388310515,266971.1412503939
base,target,target,6,10,3840,1090.1980670135965,516.0125939728073,0.47332004117961013,733.8331336689282,0.19561447430037843,0.9071214919283918,0.046819182977613866,0.09287850807160825,3.585480939711259,1.4726956250323024,0.6395835834745893,0.43732550655698116,321659.2607632777
base,target,target,7,10,3840,1191.503160172568,700.5656688321776,0.5879679485958834,989.0952394119978,0.22796596866374247,0.8879977101756211,0.04498525346505228,0.11200228982437888,2.8926239660488653,1.3340607873835963,0.5793752384842031,0.529584457841842,601466.4360918063
base,target,target,8,10,3840,2120.691562687688,884.3791079042464,0.4170239196799632,1222.453911274766,0.08542751816166647,0.9592914160216617,0.012210482605823508,0.04070858397833832,1.9841885102043781,1.0570683565412367,0.4590789542403982,0.691780843638338,955164.6346477597
base,target,target,9,10,3840,3301.521928747175,1008.6844502275706,0.30552105119905554,1379.4965943474365,0.03834692194761028,0.9821536179575963,0.005109366263993483,0.01784638204240374,1.7678510457860852,0.9576739282522774,0.4159125025025747,0.7409398624657972,1204898.537617927
base,target,target,10,10,3840,3598.8251119938845,1424.8874497815218,0.3959312846386359,1922.7669532501468,0.039996963416029686,0.9806586993925054,0.002985132126986294,0.019341300607494616,1.361604237891426,0.6332679886550902,0.2750247930388767,0.8538853108143777,2466991.592340243
base,target,target,11,10,3840,6963.086312175005,1796.0867748229098,0.2579440630633056,2489.4143007401126,0.012612871322222722,0.9941860485841996,0.001550899259490995,0.0058139514158004335,1.2598107015332314,0.5258419720792785,0.22837026682715444,0.8893327299186876,4189867.744753442
base,target,target,12,10,3840,7499.087954298168,1797.0243446937834,0.2396323867176145,2522.8527116481314,0.013038896063532653,0.9940239130472953,0.0018824331171022172,0.0059760869527046845,1.3266590785109094,0.6130246743530948,0.266233233342087,0.8658213941913427,4260697.370941704
base,target,target,13,10,3840,8574.569189237709,1873.818769873095,0.21853211846782938,2688.7097792046407,0.011550977390213112,0.9947299327533408,0.001878393680823213,0.005270067246659238,1.3516942564727707,0.6478634673145434,0.2813635288814139,0.8575171371735979,4750307.119931433
base,target,target,14,10,3840,14943.223931904473,2178.301753293615,0.14577187380849188,3158.911731578422,0.0047686252596408595,0.9978423923743438,0.0007676978420443883,0.0021576076256561993,1.3003425398596624,0.5923131372999256,0.25723832708816086,0.8750446734865954,6926641.161308894
base,target,target,15,10,3840,19663.871168343958,2623.7526739087284,0.13343011919914313,3792.418082798292,0.0031726972084015303,0.9985670042636621,0.0005712564181981842,0.0014329957363379275,1.2386359071061799,0.5100358031296968,0.2215057348723206,0.897275955186771,10056846.878243126
base,target,target,16,10,3840,24013.983748286413,1989.0205275714925,0.08282759530531558,3019.8540259214087,0.002552908818678068,0.9988496308152646,0.0004780235896296219,0.0011503691847354336,1.6765921864341902,0.9586050250413869,0.41631687270020284,0.7645577809938318,5473737.046713026
base,target,target,17,10,3840,27483.04030191609,3096.217320361163,0.11265919950440481,4587.95879903318,0.002225377379848196,0.9989957929972683,0.00029408241460231145,0.0010042070027317385,1.2481474922957445,0.533608538642657,0.23174324382896402,0.8939250518033544,13503919.85937982
base,target,target,18,10,3840,32541.092754400554,2853.8088030212903,0.08769861616387692,4519.512785513517,0.0020243739033260796,0.9990874022641719,0.0003086340541107064,0.0009125977358280801,1.3322410633872785,0.6468891036952897,0.2809403681382048,0.8643760300647785,13740154.595872737
base,target,target,19,10,3840,37266.83237576191,3302.744307016727,0.08862422954854647,5335.347762341914,0.0018944971957921947,0.9991458581167596,0.00026928103724862634,0.0008541418832404002,1.2668519731857786,0.5612739519235524,0.24375818015642986,0.8870906890003379,20330731.78946562
base,target,target,20,10,3840,40211.48669960989,4073.6002739843207,0.1013043935533933,6550.141862910415,0.0017960311165470082,0.9991897872868837,0.0002710942079592357,0.0008102127131163206,1.1811852025625298,0.4287227308383945,0.18619191626960782,0.9194396212384316,31199987.138933785
base,target,target,21,10,3840,43334.95472799066,4084.6711640099966,0.0942581154093522,6560.802591652674,0.0017804728005026342,0.9991970771771509,0.0002625029083692384,0.0008029228228491059,1.2140910754666856,0.481771774408457,0.20923082316233113,0.9066343520863066,31228992.33836094
base,target,target,22,10,3840,48905.44343096075,5400.343903601495,0.1104241884898784,8590.688958834353,0.0018363895934728905,0.9991707785546879,0.0003455322350982853,0.0008292214453120561,1.1539069993181799,0.38001773669836963,0.1650396060734648,0.9304098244512603,52622433.88170915
base,target,target,23,10,3840,56930.42062211485,7234.983013175918,0.12708465762442409,11028.748395495584,0.00204805718034165,0.9990743036725973,0.0003690724615354242,0.0009256963274026919,1.1421841532722965,0.3563833316256311,0.1547753143673082,0.9352085457647077,84855684.73410754
base,target,target,24,10,3840,63611.453386293266,9237.113521131003,0.14521148361501482,13145.66654736093,0.0024221113062223164,0.9989019308595373,0.0004621872680805538,0.0010980691404627319,1.1261910597864182,0.3310806200023916,0.14378648633214602,0.9419910605224492,118564033.73335777
base,target,target,25,10,3840,67798.57271388569,9684.038739974592,0.14283543668156343,13622.985727796999,0.002765462930948106,0.9987454660281265,0.000540487635357959,0.0012545339718734727,1.1444310026531899,0.36445608609783203,0.1582812670883449,0.9343338419102316,132103265.5683465
base,target,target,26,10,3840,68384.83493219076,9431.53717125523,0.13791854847068624,13304.883816003783,0.0033900520926019202,0.9984631592877911,0.0006534401866688887,0.0015368407122089423,1.19944896888432,0.4572066224228812,0.19856231320788084,0.9122217605233023,128141191.59861067
base,target,target,27,10,3840,70418.06743065259,11505.50699511528,0.16338856510718436,16359.650293194525,0.004844484328948289,0.9977961193429014,0.001013733937916898,0.0022038806570986447,1.1965278080903248,0.4525634247428681,0.19654579807706518,0.913366744485433,192733799.5928711
base,target,target,28,10,3840,71402.69029089597,10596.765023690123,0.14840848405737503,15138.599894243536,0.006415878995779299,0.997091333429396,0.0011766575448049898,0.002908666570603957,1.3984231045315993,0.7111740283029222,0.30885895616486614,0.8422254258652657,159573498.2046033
base,target,target,29,10,3840,75458.89154393392,11283.082843373215,0.14952622033685642,16247.358061086796,0.007792620205814087,0.9964687649635225,0.0013497726304203962,0.0035312350364774536,1.5361119583173837,0.8460346337066768,0.3674281729178486,0.8012183606665413,175213573.31211448
base,target,target,30,10,3840,74297.9927193926,11860.118871684195,0.15962906180355763,17071.81582638456,0.00946781143974662,0.9957040354911009,0.0018851324319035796,0.0042959645088991305,1.5609181533958205,0.8698286285883666,0.3777617735974007,0.7945861376072696,191876208.56023902
base,target,target,31,10,3840,75282.01426875015,12450.368261936545,0.16538303847038188,17957.981740079555,0.009968274273636335,0.9954750375012231,0.001957437841765608,0.004524962498776874,1.5539908180561128,0.8669398262777501,0.3765071826945906,0.7967413252528678,209986197.58721617
base,target,target,32,10,3840,76015.71580815702,12966.733705920253,0.17057964353903815,18690.449800940463,0.012674483628406381,0.9942449588981521,0.003033064779573552,0.00575504110184788,1.699627941566431,0.9789789432360956,0.4251651529469131,0.7589446805355401,220042822.56027275
base,target,target,33,10,3840,77293.72881818644,13856.347312163747,0.17926871330994043,19951.861215870205,0.014836370186095202,0.9932606809528215,0.0037835286830580454,0.006739319047178505,1.7813762533466755,1.0306730080323792,0.44761560003508816,0.7394418758146554,244999940.1430794
base,target,target,34,10,3840,80723.96137577448,14737.862409089232,0.18257109980621083,21173.315569328166,0.016573443418642968,0.9924718054588236,0.004084985217524404,0.0075281945411763695,1.9190294966826855,1.1090169867214938,0.48163995767011664,0.7087744851791613,270094655.39341664
base,target,target,35,10,3840,90762.6661210391,15861.500539663122,0.17475798384448704,22857.245129450963,0.01728715677741192,0.992153660665352,0.004710141420436534,0.007846339334647956,2.096078462539704,1.1958880599426265,0.5193675854070678,0.6734060346990692,310032683.77359897
base,target,target,36,10,3840,91965.714181419,17249.13720886706,0.1875605203787144,25014.989759005108,0.01979179236834411,0.9910084841118918,0.005424612937572866,0.008991515888108204,2.1160564403006457,1.2034997575117177,0.5226733036592406,0.669104764496166,370751400.2308738
base,target,target,37,10,3840,101411.66114512585,20189.589789979003,0.1990854854560222,29335.672393998182,0.019617840091581767,0.9910778387834045,0.005597742127179585,0.008922161216595503,1.8927192390905576,1.0808809265464734,0.4694206219936074,0.7127126886765865,522472717.5427754
base,target,target,38,10,3840,108302.8246738418,21494.09234629089,0.19846289707605683,31347.104139611198,0.020248286396028402,0.9907888650973581,0.006348014777302686,0.009211134902641915,1.906349220343009,1.0843955206666116,0.4709469908261131,0.709651572925004,599514152.7358738
base,target,target,39,10,3840,115659.08588874449,22780.078251123814,0.1969588301349413,33191.890432717715,0.021321432383790136,0.9902998736148467,0.0071112172213621035,0.009700126385153274,1.981398257358044,1.1228024647266595,0.4876269146981587,0.6939883623844094,669683051.2672184
base,target,target,40,10,3840,126216.56481545503,24603.215518852285,0.19492857815315584,35805.54961393078,0.022630361136629952,0.9897056502758865,0.007583492172254917,0.010294349724113472,2.1222956379945015,1.1812113271168547,0.5129935613284669,0.6649632974955957,769370650.3783876
base,target,target,41,10,3840,142946.37799147476,24603.365737449847,0.1721160485711445,36304.106505056065,0.020494008181185398,0.9907042651976757,0.0059768254911358835,0.009295734802324263,2.5873789376195107,1.337205324581285,0.5807408936372987,0.5810565585273318,771356786.9029483
base,target,target,42,10,3840,155835.26425306767,28354.38319939308,0.18195100663061195,41663.41451210282,0.0213593848257456,0.9903006432078276,0.0070952294775445445,0.009699356792172376,2.333086559612199,1.2610977529405796,0.5476877952426841,0.6256919343263637,1025122573.7709737
base,target,target,43,10,3840,161680.54391561588,29180.274280401056,0.18048104969037457,43041.87711472678,0.023006127536865408,0.9895519701113867,0.0075798404496702386,0.010448029888613264,2.5208140628917666,1.3188838616802598,0.5727839833989884,0.5926953833534553,1089312631.2347095
base,target,target,44,10,3840,173798.58609924366,32567.032397300965,0.18738375914464755,47699.523867063785,0.023870848192947325,0.98914617617886,0.008744927507184598,0.010853823821139974,2.3164011494695385,1.2519611403168194,0.5437198147968973,0.628583521734485,1356446133.6958206
base,target,target,45,10,3840,185563.27417088178,33950.73787635878,0.18296043777010623,49525.49948096027,0.024812134669873507,0.9887180123908227,0.009246071575712538,0.011281987609177313,2.4148092149731624,1.2998465917039093,0.5645162020977569,0.614224384949219,1449221792.1107955
base,target,target,46,10,3840,194242.29972257867,33412.93439167694,0.17201677718703942,48370.89257362957,0.0240345216388281,0.9890909104224599,0.008102702708922988,0.01090908957754011,2.7314006952508194,1.4172722465393344,0.6155135160266579,0.5701022345252245,1329170111.429297
base,target,target,47,10,3840,214712.465627835,34210.030611766146,0.15932950381680686,49311.54922873571,0.021150772639666904,0.9904166179910799,0.006518075719491933,0.00958338200892006,3.029712025109726,1.5030551017995712,0.6527685367080842,0.5332505161060114,1349298910.047675
base,target,target,48,10,3840,118.92450487839096,84.51980589702667,0.7107013477453925,126.08189789065072,0.38437763348265835,0.8078148419797909,0.13932204335861784,0.19218515802020908,4.308253647864816,1.6668925977959155,0.7239222571481426,0.3390188250291948,9070.874576485665
base,target_word_shuffle,target_shuffle,0,10,3840,33.10863497389326,47.6450022176564,1.4390506360417419,65.50036864607243,0.7707816136393445,0.5534406448713828,0.3511671860666215,0.4465593551286172,3.6665594210805645,1.4604499442481127,0.634265351882867,0.44082950208445315,2758.619491536674
base,target_word_shuffle,target_shuffle,1,10,3840,782.4710769893782,515.476143849651,0.658779805424869,692.1245436897744,0.35227439327601195,0.8209124167575326,0.18169460456967934,0.17908758324246743,1.7608013903306978,0.9059557808585161,0.39345159647520517,0.7394560379451032,310091.1715851854
base,target_word_shuffle,target_shuffle,2,10,3840,756.5986250478807,483.54855910935646,0.6391084296231108,653.8620927448345,0.3465613706271031,0.825812733891157,0.16844683259022303,0.17418726610884305,1.9777338810451384,1.0147853703715979,0.44071568666853256,0.6897555955285365,275487.64876463986
base,target_word_shuffle,target_shuffle,3,10,3840,783.6319135407299,502.794040392402,0.6416201684801193,690.9821013203801,0.3517461906011689,0.8241459957081322,0.15228435331358303,0.17585400429186782,2.095732713402674,1.0920705835899893,0.47428022830199623,0.6679867216934038,298730.91249502305
base,target_word_shuffle,target_shuffle,4,10,3840,589.3572439703374,500.43519476055326,0.8491202914369191,691.7016424813012,0.49168284426058945,0.7456480431461715,0.1781810037719991,0.2543519568538285,2.35446905013142,1.1921244370218824,0.5177330647406242,0.6207517333680214,296036.65781408345
base,target_word_shuffle,target_shuffle,5,10,3840,971.8863996930351,460.32024228985154,0.4736358513044741,657.6159451535326,0.21557861362008393,0.8977020631073034,0.06776875804065906,0.10229793689269662,3.505437456031757,1.4668539499162259,0.6370465762066058,0.4524176512718747,257244.26216890276
base,target_word_shuffle,target_shuffle,6,10,3840,1105.0538822257427,533.1975843690636,0.48250822240009156,752.7336086389324,0.1835982110134993,0.9123396094074895,0.03722484748373723,0.08766039059251052,3.250269308839477,1.414885413011371,0.6144769273962418,0.4814176111254122,339070.90308682097
base,target_word_shuffle,target_shuffle,7,10,3840,1078.9017883825118,670.2168063756329,0.6212027949090905,949.5121857501887,0.25953168268717597,0.8716258107905526,0.059929972332241066,0.12837418920944743,2.9986761921198983,1.3560935730800274,0.58894395573312,0.5113229486487991,549882.9368093758
base,target_word_shuffle,target_shuffle,8,10,3840,1994.5651416897845,785.8648345762178,0.39400309277963075,1100.9275681575457,0.09167464974277552,0.9569197811028578,0.020449774301088675,0.0430802188971422,2.290861349999105,1.1709819268649737,0.5085509892458953,0.630329760715172,775346.6781458496
base,target_word_shuffle,target_shuffle,9,10,3840,3244.7122851031972,835.0972373506127,0.25737173714434664,1167.250874442959,0.03703934166757367,0.9829768782570042,0.006547355190170173,0.017023121742995806,2.195524524108724,1.163840587932269,0.5054495451540207,0.6515276835640933,830445.106148023
base,target_word_shuffle,target_shuffle,10,10,3840,3473.4573355579046,1179.6924767179316,0.33963062238921954,1609.5331551446352,0.03883872192590214,0.9816609889218606,0.0032301071570819766,0.0183390110781394,1.5179978038963733,0.7800448037158139,0.33876915389108314,0.8057139474873005,1701858.3778692004
base,target_word_shuffle,target_shuffle,11,10,3840,6448.707700431629,1307.3965405563117,0.2027377579028437,1877.6656774008834,0.013674760960609504,0.9937682473014109,0.00246320108825579,0.00623175269858911,1.4702520061609432,0.7508223024434612,0.3260779828410896,0.8195896306515053,2423135.5932597374
base,target_word_shuffle,target_shuffle,12,10,3840,7055.973243273349,1334.6330874120106,0.18914939745333537,1965.9217625637307,0.01364790304330413,0.9937990096624324,0.0026185779976368316,0.006200990337567602,1.5277291236626074,0.8049370807115477,0.3495797324323376,0.8028295846525217,2754024.8764013685
base,target_word_shuffle,target_shuffle,13,10,3840,7790.886975902579,1404.300466199774,0.18024911291144546,2118.7963250161874,0.013341819143079232,0.9939530963148933,0.003207761440500821,0.0060469036851067415,1.6376155261374628,0.8936800558099788,0.3881203168252639,0.7728680852556306,2944015.594459621
base,target_word_shuffle,target_shuffle,14,10,3840,13637.78828646647,1528.4302221724881,0.11207317418831275,2360.410818083831,0.005297165734407942,0.9976093269457744,0.001054823294013903,0.0023906730542255783,1.651977521809418,0.917529658611541,0.39847806771756666,0.7695012954709363,3627554.330577264
base,target_word_shuffle,target_shuffle,15,10,3840,18421.520110834168,1890.0055525435487,0.10259769775633162,2917.498626499181,0.003317142339895766,0.9985040009443462,0.0007301337751961009,0.001495999055653785,1.4786101637751006,0.7765684888455389,0.3372594095255645,0.817395953916814,5346644.284820228
base,target_word_shuffle,target_shuffle,16,10,3840,23065.958315557677,2203.8572260671904,0.09554587743188274,3280.8428270967684,0.002595809970592189,0.9988290128481332,0.0006088619100754542,0.0011709871518668091,1.4001389994249263,0.711912077324451,0.3091794867822902,0.841904167629475,6741510.730969448
base,target_word_shuffle,target_shuffle,17,10,3840,26216.323367191824,2440.7282906061896,0.09309956458885522,3778.1794154292133,0.002291289068471881,0.9989670721621067,0.00038053820705804165,0.001032927837893327,1.382706100880791,0.6974988821531684,0.3029199156528075,0.8475380106566951,9173218.707918469
base,target_word_shuffle,target_shuffle,18,10,3840,30941.486210435258,3038.943371654307,0.09821581778542363,4609.672117412739,0.0022377308778483616,0.9989904847567332,0.00044060122447987815,0.0010095152432667565,1.3000885854507176,0.6072920552620275,0.26374358850398316,0.8753738522258754,13936605.924675152
base,target_word_shuffle,target_shuffle,19,10,3840,36153.87552001029,2886.172496515341,0.07983023825254681,4203.165497149898,0.0019248864939412445,0.9991324416650169,0.0003245240955724594,0.0008675583349830873,1.4863818945100955,0.8237355091832099,0.3577437861860335,0.8165990647489173,10895949.837894836
base,target_word_shuffle,target_shuffle,20,10,3840,38280.58911485809,3355.614283649743,0.0876583762486379,5152.491686705445,0.0019131214998847376,0.9991374460379161,0.0003341507868336837,0.0008625539620839007,1.3192485100569804,0.6321456012752826,0.27453734639326843,0.8687602117376667,18219516.746447966
base,target_word_shuffle,target_shuffle,21,10,3840,41787.142843855734,3117.2432843290508,0.07459814364377873,4760.209327729591,0.0018368548257920163,0.9991723578779041,0.0003330070935384828,0.0008276421220958508,1.5016425939261477,0.8306972971021179,0.3607672522633959,0.8118812929729096,14143387.356924184
base,target_word_shuffle,target_shuffle,22,10,3840,46705.318683740945,5195.421447339684,0.11123832560740698,7373.454285312076,0.0019007849915299913,0.9991421458076457,0.0003915972942652808,0.0008578541923542904,1.2033889467021053,0.46807810238926234,0.20328373696740193,0.910788372549992,35982392.67250546
base,target_word_shuffle,target_shuffle,23,10,3840,54373.264100863445,7052.196099125698,0.1296997010524095,9702.026945492064,0.0020537038098179254,0.9990716624748657,0.00042503297495667376,0.0009283375251343262,1.1542708906063954,0.3828906353988106,0.16628729012613333,0.9302840361386429,64947206.33675136
base,target_word_shuffle,target_shuffle,24,10,3840,59336.435581218386,9256.876986270538,0.15600662384918507,12458.559504962574,0.0025174922476166694,0.998858473098951,0.0005910228858400229,0.0011415269010489615,1.116314081319308,0.31314250012277767,0.13599605985271068,0.9462176807953353,105151660.29388103
base,target_word_shuffle,target_shuffle,25,10,3840,63190.47660731485,9855.06895641395,0.1559581361865079,13308.063807233322,0.002777183447636052,0.9987391522003811,0.0006480353214426673,0.0012608477996188805,1.1202206791938227,0.32056454676696594,0.1392194137547102,0.9445447375673229,121383017.12455098
base,target_word_shuffle,target_shuffle,26,10,3840,63495.40265244348,9430.360656484894,0.14852036938964097,13021.490482954687,0.0034864538387288633,0.9984178201984024,0.0007855776914488875,0.001582179801597583,1.1712631125513555,0.4142295649938923,0.1798976143180318,0.9234322104702288,117931914.25816312
base,target_word_shuffle,target_shuffle,27,10,3840,65680.45259203581,11340.148848434808,0.1726563749320125,15822.223985325838,0.004934960879441203,0.9977527626278704,0.0011775669557058644,0.002247237372129618,1.1748830529722767,0.4183093371224308,0.18166943684087877,0.9219522928952114,173699740.9807883
base,target_word_shuffle,target_shuffle,28,10,3840,67276.31444853985,9787.881903339254,0.1454877839782094,14013.237935953153,0.006395686163284263,0.9970998765832488,0.0013548897758358077,0.002900123416751166,1.387986842276517,0.7054506338566152,0.30637331753907926,0.8458543961004334,130147826.27601603
base,target_word_shuffle,target_shuffle,29,10,3840,71308.10976891256,10387.74871757694,0.14567415615475446,14959.477431942261,0.007709173112567398,0.9965054308966147,0.0015848651813150751,0.0034945691033853032,1.5109546989642024,0.8328085150265134,0.36168414255805614,0.8089637725921983,142426964.5093225
base,target_word_shuffle,target_shuffle,30,10,3840,70250.17845472206,11095.970360249252,0.15794935478207892,15965.90436587996,0.00960856504289356,0.9956380183721439,0.0022544393951557154,0.00436198162785606,1.52650089667812,0.8480555444966613,0.3683058433223576,0.8047273128619746,162269786.92254162
base,target_word_shuffle,target_shuffle,31,10,3840,72177.48844444953,12312.546914954417,0.17058707888444483,17683.645300943852,0.009802671404862113,0.9955438609136333,0.0023597055889819658,0.004456139086366662,1.4358954774750439,0.76155810690462,0.3307404834773632,0.8312411700972587,198848478.27836496
base,target_word_shuffle,target_shuffle,32,10,3840,73393.29404118693,12902.559615913844,0.17580025238645333,18473.645383060742,0.012387301838991307,0.994368479691629,0.0034240884926685375,0.005631520308370996,1.545120239776917,0.860989143525685,0.37392283401181187,0.79952497695798,212958422.09559742
base,target_word_shuffle,target_shuffle,33,10,3840,74849.56598113573,13692.251006954108,0.18293026589365866,19523.654519145435,0.014542673947565803,0.9933871918762561,0.004200825262212272,0.006612808123743874,1.6277440154258298,0.9237904960304205,0.40119711486067944,0.7773198164317819,234573083.98939627
base,target_word_shuffle,target_shuffle,34,10,3840,77941.99528391758,14373.818154708939,0.18441686156929585,20473.313175026422,0.016232437000239894,0.9926203006844713,0.004548553017028743,0.007379699315528732,1.7490165684313237,1.0077928756077152,0.43767888477784095,0.747236700503087,252652282.3553883
base,target_word_shuffle,target_shuffle,35,10,3840,87316.14762768373,14908.125106069376,0.1707373207718423,21373.174511685203,0.01684306548076335,0.992355459064821,0.0049990637696759104,0.007644540935178967,2.0135600074511437,1.1552375695750994,0.5017133017537896,0.6899503208895226,268657942.6240847
base,target_word_shuffle,target_shuffle,36,10,3840,88820.07579657991,16085.400409416568,0.18110095341796534,23130.668744939267,0.019005092183271753,0.991368072895009,0.005696397791784245,0.008631927104991055,2.0629068706646647,1.1758210496481458,0.5106525935678792,0.6796494134408966,313698116.27133286
base,target_word_shuffle,target_shuffle,37,10,3840,97700.3156134042,18757.082299155758,0.19198589258786736,27123.697491783798,0.018876276973947212,0.9914203104900405,0.005829246709401799,0.008579689509959465,1.8979674187476,1.0781808266856856,0.4682479835234795,0.7114770390273288,439239210.7990655
base,target_word_shuffle,target_shuffle,38,10,3840,103968.84084518382,19941.941048797256,0.19180689990082767,29062.126332426295,0.019601026658866587,0.9910897802082961,0.006656627377894331,0.008910219791703922,1.9213292399272797,1.085358778698097,0.4713653284738361,0.7061800624104008,506226280.40887886
base,target_word_shuffle,target_shuffle,39,10,3840,110761.3261092428,21176.96939484139,0.19119461764077073,30875.180399203502,0.020776528774925206,0.9905555241316211,0.007365945979814108,0.009444475868378932,2.010348967347573,1.1295978975563121,0.49057813367822106,0.6877841047370854,567921882.6487943
base,target_word_shuffle,target_shuffle,40,10,3840,120850.75208127909,22880.92178401568,0.18933205950283988,33340.78513905632,0.022089857022182764,0.9899591899365847,0.007849651271388973,0.010040810063415284,2.1543865561305546,1.1847885335270767,0.5145471223330552,0.6582820158990922,656960307.1533198
base,target_word_shuffle,target_shuffle,41,10,3840,136650.1787331005,22678.65404086763,0.16596139318019218,33522.87604400312,0.019933237133866754,0.9909652496807044,0.006184080178299365,0.00903475031929557,2.710187003338985,1.3601666557874519,0.59071287307729,0.5604633510480478,651687857.0807612
base,target_word_shuffle,target_shuffle,42,10,3840,149223.48822844695,26153.76174133755,0.17526571756115653,38699.83243597733,0.020613225958766267,0.9906469748158733,0.007230728757505644,0.009353025184126729,2.3936836205588516,1.266255488862957,0.5499277714928866,0.613484215743441,880664081.5939573
base,target_word_shuffle,target_shuffle,43,10,3840,154724.47386195487,27138.645241987106,0.17539982243662497,40241.09529157625,0.022558970958129917,0.9897616317550962,0.007865080231027924,0.010238368244903762,2.581365959777777,1.320796308698792,0.5736145485860693,0.5805953736098983,951893267.3083453
base,target_word_shuffle,target_shuffle,44,10,3840,166935.9112284935,30295.76299545257,0.18148140069146207,44647.835795786814,0.02320543004328524,0.9894560743831395,0.009039179242210703,0.010543925616860461,2.3443767816511936,1.2459997362928612,0.5411308099248965,0.6219448125900942,1188390190.6115367
base,target_word_shuffle,target_shuffle,45,10,3840,179876.53630182368,31667.485185701913,0.1760512284524174,46258.315176456126,0.023909697472661712,0.9891363529547773,0.00942381032278328,0.01086364704522269,2.4490414681058708,1.2972173780095286,0.563374349098543,0.6070440372073967,1266836436.61108
base,target_word_shuffle,target_shuffle,46,10,3840,189373.1464666228,31597.440473852832,0.16685280391336746,45614.92814051616,0.02298869706440807,0.989571344307306,0.00824880157389592,0.010428655692694022,2.728649349211503,1.3987398864977907,0.6074650143239713,0.5682184952505477,1190655332.4531343
base,target_word_shuffle,target_shuffle,47,10,3840,211676.46937009593,32953.21044969583,0.15567724909508157,47492.09046737349,0.01990100476924239,0.9909864818690387,0.006584754167162964,0.009013518130961296,3.00322943160581,1.475558196435442,0.6408267824390269,0.5332381676899258,1265727203.6938932
base,target_word_shuffle,target_shuffle,48,10,3840,113.50696087049973,80.3469112201466,0.7078588890404158,119.82692190701184,0.3784381807019091,0.8109556119546777,0.13545829000186696,0.1890443880453223,4.143723068299713,1.6348682949289348,0.7100142791262144,0.355302425294747,8286.685361028649
base,target_sentence_shuffle,target_shuffle,0,10,3840,33.10863497389326,47.6450022176564,1.4390506360417419,65.50036864607243,0.7707816136393445,0.5534406448713828,0.3511671860666215,0.4465593551286172,3.6665594210805645,1.4604499442481127,0.634265351882867,0.44082950208445315,2758.619491536674
base,target_sentence_shuffle,target_shuffle,1,10,3840,785.5077816997139,519.1793272526529,0.6609474016020959,698.2056867628781,0.35648642485244453,0.8188415110078721,0.1814801821410043,0.18115848899212794,1.799800657566211,0.9298299405064566,0.403820012270383,0.7302744023489917,314661.6704225794
base,target_sentence_shuffle,target_shuffle,2,10,3840,780.7574100131385,494.08520930937414,0.6328280756260246,668.2425691724079,0.3409328459529074,0.8289872054914211,0.16306242636405505,0.17101279450857887,1.9926294221171728,1.0239193623151903,0.44468252896738353,0.6869199703225779,287117.05342292105
base,target_sentence_shuffle,target_shuffle,3,10,3840,782.0081129768114,509.4172192122962,0.6514219107946788,702.1446617746642,0.36023137249926834,0.8197587250827338,0.15311419037879934,0.18024127491726616,2.1463004192834503,1.115052635447226,0.48426120660640853,0.6585227691111472,307025.4130220081
base,target_sentence_shuffle,target_shuffle,4,10,3840,606.752901118787,513.0357948818697,0.8455432086700964,708.8401774471787,0.48942251790496033,0.7470317285782935,0.1757972994173501,0.2529682714217065,2.360254370001933,1.1951368392961168,0.519041334425597,0.620110740008598,310792.37779982924
base,target_sentence_shuffle,target_shuffle,5,10,3840,973.1096609216481,470.9676196352997,0.48398206137347155,673.1259929618377,0.22197181621215725,0.8944691198986648,0.06838093884872364,0.10553088010133516,3.554804415340263,1.4725510116531482,0.6395207786820133,0.4451990777555186,269484.5025454808
base,target_sentence_shuffle,target_shuffle,6,10,3840,1105.4769067477491,514.783407217524,0.46566635998936184,732.4715525679761,0.19018564250931766,0.9098278279546845,0.04499363185607278,0.09017217204531547,3.5987298456266976,1.4776911462646682,0.6417531107800364,0.437838057444963,320051.2278581176
base,target_sentence_shuffle,target_shuffle,7,10,3840,1204.2801523705314,699.6443221423694,0.5809647537287513,987.5681348441408,0.22335462353852403,0.8905593082521983,0.047037162182409505,0.10944069174780169,2.9027339940216494,1.3336578797313599,0.5792002579141202,0.5272625408077666,602904.1796232299
base,target_sentence_shuffle,target_shuffle,8,10,3840,2136.7949290429847,887.2178571824786,0.4152096418442177,1226.815292546507,0.08380744823850395,0.9601049637742662,0.012733084137008107,0.03989503622573376,1.973334108790369,1.0511929781586136,0.45652730982973133,0.6939682235953041,964003.6826963039
base,target_sentence_shuffle,target_shuffle,9,10,3840,3293.141118626922,1010.230842990223,0.30676816042776794,1382.9540792909609,0.03833161359029646,0.9821640822113558,0.00538121072318138,0.01783591778864424,1.765666569741338,0.9556029034011325,0.41501306783783803,0.7413845145186552,1211936.3050535903
base,target_sentence_shuffle,target_shuffle,10,10,3840,3588.926400450445,1447.7719071490742,0.4033997205870158,1952.6890256547877,0.040202526389595816,0.9804902730194357,0.0033531761621289364,0.0195097269805643,1.3500551934779985,0.6210088692292919,0.2697007251192596,0.8577181523378258,2536396.3762054536
base,target_sentence_shuffle,target_shuffle,11,10,3840,6924.616392897304,1767.754064434493,0.25528548646358346,2445.8373914212907,0.012630336499160238,0.9941832770772432,0.0016035414638159713,0.005816722922756812,1.272233284704124,0.5430613250853376,0.23584853681963006,0.8848429904806638,4016348.391722935
base,target_sentence_shuffle,target_shuffle,12,10,3840,7466.851498770877,1773.7757909792047,0.2375533772529408,2487.5584732118336,0.013026506956870361,0.9940337488993402,0.001961813501374164,0.005966251100659847,1.3422150697733286,0.6322219188942259,0.2745704907140475,0.8605949037140548,4090397.5479699746
base,target_sentence_shuffle,target_shuffle,13,10,3840,8516.791654582536,1874.7786025629139,0.22012732946850616,2680.170405836571,0.011614810603367255,0.9947016656121568,0.001986121971123557,0.005298334387843218,1.3521249896705856,0.647822808844682,0.2813458711323105,0.8573638584685411,4722538.690661981
base,target_sentence_shuffle,target_shuffle,14,10,3840,14853.414688436806,2212.1572974416217,0.14893257502355722,3225.1593093444494,0.004784665231580521,0.9978348145571418,0.0007883721080628815,0.002165185442858153,1.2868813576658364,0.5751469239541644,0.24978313535692281,0.8797717361666367,7167752.911289469
base,target_sentence_shuffle,target_shuffle,15,10,3840,19529.28545061639,2685.720572048196,0.13752272600242157,3885.857167361033,0.003188728427720131,0.9985595241615066,0.0005865729276895443,0.0014404758384933825,1.2253233768760938,0.49030571868437683,0.21293706807023297,0.9022651758002505,10496228.145876385
base,target_sentence_shuffle,target_shuffle,16,10,3840,24154.321403009122,2148.517060781293,0.0889495931156084,3258.1658670806164,0.0025112356701537863,0.9988682317710253,0.0004764574886582433,0.00113176822897465,1.542527619430783,0.8518144524866602,0.3699383163203962,0.7998041919704252,6429910.4959520055
base,target_sentence_shuffle,target_shuffle,17,10,3840,27278.11103290616,3146.6951781241796,0.1153560513896382,4664.060393141492,0.002237518496991734,0.9989902218107538,0.0002982022088858415,0.001009778189246191,1.238669227966967,0.519287745678366,0.22552380246809353,0.8974158516795098,13916002.964458698
base,target_sentence_shuffle,target_shuffle,18,10,3840,32821.874580373704,2970.5684345029754,0.09050575180368485,4671.362407565765,0.0020008951475680072,0.9990979474575387,0.00033190540476125735,0.0009020525424613401,1.3188000141712102,0.6288558598004634,0.2731086298238662,0.8688994440140496,14339124.952328151
base,target_sentence_shuffle,target_shuffle,19,10,3840,36831.42028987633,3445.8693226895557,0.09355787247869735,5562.254030235407,0.0019091744898482273,0.9991390365452169,0.0002852825941387593,0.000860963454783148,1.2376188090712261,0.5180647497133934,0.22499266206911603,0.897769735992093,22103393.739585314
base,target_sentence_shuffle,target_shuffle,20,10,3840,39674.36358285457,4224.398637186785,0.10647678389004772,6873.361886509297,0.0018323287517008045,0.9991730534689097,0.0002861055562134804,0.0008269465310902779,1.158432513561615,0.38850914259262276,0.16872737679693967,0.9285750087065919,34958337.14732614
base,target_sentence_shuffle,target_shuffle,21,10,3840,43040.85228932476,4199.470149895503,0.09756940038422705,6796.060820870548,0.0018080920479452386,0.9991844993733288,0.0002741196165407974,0.0008155006266712395,1.1992708434207173,0.45724825859386486,0.19858039556718662,0.9123265580209945,33489416.161003187
base,target_sentence_shuffle,target_shuffle,22,10,3840,48444.89237393787,5423.854456422508,0.11195926320894056,8701.304124653752,0.001866870547247965,0.9991570381219761,0.0003457306183009601,0.0008429618780239068,1.1506611997146283,0.3735023109718689,0.16220999263319505,0.9317355815374041,53983600.06569067
base,target_sentence_shuffle,target_shuffle,23,10,3840,56034.86778358635,7285.987562718683,0.13002596152913354,11296.719809991991,0.0020948795448702305,0.9990531048653543,0.0003828882251226102,0.0009468951346457422,1.1359749462255795,0.34400129130992385,0.14939786258349297,0.937794588665777,88274503.45246978
base,target_sentence_shuffle,target_shuffle,24,10,3840,62460.15602452328,8985.58220113695,0.1438610271419912,12772.592214001515,0.0025116818952077426,0.9988617506608449,0.0004885158960127446,0.001138249339155073,1.136791613167522,0.35002585443085177,0.1520142971027898,0.937516887218213,112623777.7863136
base,target_sentence_shuffle,target_shuffle,25,10,3840,65749.82953242915,8889.977080083005,0.13520912743504965,12464.685251706112,0.0028452536381309785,0.9987106269690657,0.0005680766724947143,0.0012893730309343487,1.1716833587159607,0.41116794995801,0.1785679718022361,0.9232017412706786,113037101.97154629
base,target_sentence_shuffle,target_shuffle,26,10,3840,66208.02079847817,8752.465797506356,0.13219645734686478,12421.535322433547,0.003465722346414044,0.9984302672794534,0.0006917124041800226,0.0015697327205466127,1.2292408165581803,0.5006279316902653,0.2174199482197203,0.9007873310850361,111952535.22059307
base,target_sentence_shuffle,target_shuffle,27,10,3840,67802.5030865913,10485.944464879012,0.1546542382290415,14962.684108012516,0.004914934496441939,0.9977676924536173,0.0010359006148785053,0.002232307546382706,1.2326225418726473,0.5060218370483114,0.2197624915526281,0.8995275066473278,162720107.41386458
base,target_sentence_shuffle,target_shuffle,28,10,3840,69143.51313361859,9846.858425168648,0.1424118905578282,14194.093948075191,0.006470241893750593,0.9970696647786843,0.0011972957671225796,0.002930335221315694,1.4604479653006424,0.7699671139872959,0.3343924688516547,0.8228853420992488,139004829.20123395
base,target_sentence_shuffle,target_shuffle,29,10,3840,73477.99592215191,10593.2662840529,0.14416923258598668,15363.67232209612,0.0077424324855935945,0.9964943618581146,0.0013672638183440987,0.0035056381418854254,1.5999436394878412,0.8940574582663843,0.3882842206295375,0.7834717387440674,155882306.44141972
base,target_sentence_shuffle,target_shuffle,30,10,3840,72422.6381344126,11253.621201491376,0.15538816993389895,16260.267762640171,0.009499888224689034,0.995692481622154,0.0019255067810804755,0.004307518377846042,1.6197628589091926,0.9135845367592684,0.39676472306668875,0.7786402960438016,173290584.52979577
base,target_sentence_shuffle,target_shuffle,31,10,3840,73684.608026936,12125.055943387886,0.16455344295182348,17601.36106136696,0.009900918975199431,0.9955060104788199,0.002059494550336421,0.004493989521180075,1.547266794154038,0.8585684635338626,0.3728715460489098,0.7985773528117465,200463488.79343915
base,target_sentence_shuffle,target_shuffle,32,10,3840,74596.41911040092,12718.860309191481,0.17050229033605313,18459.110718719134,0.012609225365183467,0.9942744998921704,0.003143765136420635,0.005725500107829573,1.681144159524751,0.9627411385775315,0.41811316398547577,0.763493291971008,213160210.4675127
base,target_sentence_shuffle,target_shuffle,33,10,3840,75924.76123510796,13589.578024627714,0.1789874318148508,19759.31999276501,0.01471173974697307,0.9933173977293844,0.003863097906750291,0.0066826022706155674,1.7570473891591898,1.010230438324031,0.43873750481483004,0.7449871844788598,238242099.5429696
base,target_sentence_shuffle,target_shuffle,34,10,3840,79403.35269081676,14531.712057126526,0.18301131582831973,20967.409002216536,0.01641009481599962,0.9925448419105207,0.004224374087293154,0.007455158089479275,1.8716914478710385,1.0758879589712314,0.46725220372735793,0.7186574368898783,264846711.7926216
base,target_sentence_shuffle,target_shuffle,35,10,3840,89592.85413027694,15546.520323831104,0.17352411054150493,22475.90253818076,0.016958314405496125,0.9923031848586916,0.004792435061597025,0.007696815141308377,2.056926592891305,1.1705369112058386,0.5083577214007723,0.6805876491181467,299751889.65212095
base,target_sentence_shuffle,target_shuffle,36,10,3840,90819.59359384744,17128.632955212288,0.18860063426195142,24805.840677938217,0.019514869990514806,0.9911332982664074,0.005513524417729349,0.008866701733592608,2.049511157494558,1.1670012068961135,0.5068221845294172,0.6816625212394768,365147405.257252
base,target_sentence_shuffle,target_shuffle,37,10,3840,100266.49138995426,20150.95156692797,0.20097393742997677,29214.979189681748,0.019273490247760768,0.9912328458746513,0.005650372088690634,0.008767154125348675,1.8252094790585875,1.0356992564413294,0.44979847198377026,0.7274086660459005,521854869.5150687
base,target_sentence_shuffle,target_shuffle,38,10,3840,107103.74550846554,21385.90188005563,0.1996746404948581,31106.526670371928,0.01981965453556233,0.990982700317035,0.006319544134534894,0.009017299682965052,1.8449074466939213,1.0437976736544556,0.4533155698915813,0.7228818652822282,594855520.8304945
base,target_sentence_shuffle,target_shuffle,39,10,3840,114407.5157106099,22651.569791105994,0.1979902251212447,32924.79346719009,0.020849441933385972,0.9905138183341125,0.007016468508893165,0.00948618166588755,1.9208062673160116,1.0845628563145961,0.4710196637746584,0.7062538220067175,663704950.1404226
base,target_sentence_shuffle,target_shuffle,40,10,3840,124860.80576620114,24443.977712822998,0.19576982194551715,35489.507697032546,0.022070670233393597,0.9899600029668578,0.007375079341298607,0.010039997033142178,2.0586664911582653,1.1431603839328428,0.4964682466724364,0.6764457588536815,763101064.9303277
base,target_sentence_shuffle,target_shuffle,41,10,3840,141843.88107480135,24460.373188999936,0.17244574107571664,36013.25408860575,0.01998332516946791,0.9909350835669695,0.005877636203870928,0.009064916433030534,2.4751491099707894,1.2909942760983977,0.5606716902782172,0.5975248169762941,770194639.3770337
base,target_sentence_shuffle,target_shuffle,42,10,3840,154884.33893490062,28394.622391760066,0.1833279115695138,41614.75028363628,0.020763049419091687,0.990570249592659,0.006891866329242627,0.009429750407340953,2.228905643273619,1.2104584769329645,0.5256954371050011,0.6428471579123649,1036656877.2992581
base,target_sentence_shuffle,target_shuffle,43,10,3840,160686.86780073537,29284.029509014217,0.1822428298579369,43124.650589058954,0.022454410494467062,0.9898013881190293,0.007370975464283225,0.01019861188097071,2.4032563122955333,1.2677720909958976,0.5505864234304655,0.6101298137726073,1107946090.1724517
base,target_sentence_shuffle,target_shuffle,44,10,3840,173006.28948165342,32727.674392212393,0.18917043126159308,47789.00844891587,0.023273410783564152,0.989416823211366,0.008535153479984929,0.010583176788633963,2.2255399993194667,1.2038668465757425,0.5228327284141135,0.6430275623859835,1378680911.957532
base,target_sentence_shuffle,target_shuffle,45,10,3840,185126.20669793995,33922.37944277085,0.1832392077158481,49232.89870513863,0.02414015816172599,0.9890247306272146,0.008976581333942026,0.010975269372785368,2.3635897549053313,1.2681730297285287,0.5507605489096286,0.6207942428652011,1442391642.8190408
base,target_sentence_shuffle,target_shuffle,46,10,3840,194417.07777805286,33323.39447877977,0.17140158086740642,47953.43253212034,0.023431648607729748,0.9893661712795214,0.007978539511642622,0.010633828720478578,2.7051512385455068,1.3931078515173356,0.6050190526100735,0.5710126206177764,1318140754.40265
base,target_sentence_shuffle,target_shuffle,47,10,3840,216625.63208323208,34841.02970880933,0.16083521314514931,49890.02013152723,0.02047520188524114,0.9907218973852739,0.006486362237363277,0.009278102614726058,2.8693917632330894,1.4484779716864373,0.6290659902618343,0.5513371681397621,1398349119.7280731
base,target_sentence_shuffle,target_shuffle,48,10,3840,118.26929562691848,83.37618286350572,0.7049689644429431,124.03109537616122,0.38089305280652,0.8097739609912352,0.13816014926713913,0.19022603900876478,4.242491651651043,1.6478739037392591,0.7156625432663305,0.34225892993213197,8822.222667402144
base,control,control,0,10,3840,33.10863497389326,47.6450022176564,1.4390506360417419,65.50036864607243,0.7707816136393445,0.5534406448713828,0.3511671860666215,0.4465593551286172,3.6665594210805645,1.4604499442481127,0.634265351882867,0.44082950208445315,2758.619491536674
base,control,control,1,10,3840,785.1108761386511,516.2185416451572,0.6575103687061801,693.3005574125337,0.3545459807412229,0.8199799617482117,0.1802608202667694,0.18002003825178825,1.8085232331420722,0.9339634536098841,0.4056151742020763,0.7281563262478791,311023.8173525732
base,control,control,2,10,3840,775.8390264440819,490.39224257106446,0.6320798849455771,662.8704166051222,0.3414007721166169,0.8288452632721309,0.16244843376826162,0.17115473672786907,2.0194200467023347,1.034982849208721,0.44948734027585285,0.6812002414421396,282921.26681918703
base,control,control,3,10,3840,803.2038869951856,509.6419799621176,0.6345113466379075,704.1413570209064,0.3469782277546954,0.8270546584999353,0.14735163349746158,0.1729453415000647,2.1703087142607593,1.1271661503595602,0.489522039289288,0.6541587204749001,307400.74396157474
base,control,control,4,10,3840,612.1246668511808,510.5103730797488,0.8339973876659063,707.8243999608569,0.48173963636553496,0.751675970754381,0.17135963229570708,0.24832402924561903,2.404043530052318,1.2125606991941122,0.5266084206327517,0.6128223629702682,307719.6243457422
base,control,control,5,10,3840,943.4155431780822,472.96613665721105,0.5013338396608671,676.4749478188405,0.23120433385390318,0.889737943419803,0.06858013332297408,0.11026205658019705,3.6238750534671866,1.482412390126566,0.6438035209369781,0.43433071113833555,271585.6516882648
base,control,control,6,10,3840,1080.40248620135,514.7880049618121,0.47647798994963886,732.392169676874,0.19719174924010818,0.9063106269772085,0.0470216637696582,0.09368937302279146,3.600225611629053,1.475635301254724,0.6408602686365693,0.43419308908737614,320000.5161931154
base,control,control,7,10,3840,1177.9414511744862,730.3339427472364,0.6200086956945476,1038.2559995858749,0.24918505747466924,0.876291625825891,0.07513717649960838,0.12370837417410896,2.6190092847716606,1.2664931971807332,0.5500310069035994,0.5711461151151296,663963.0409401045
base,control,control,8,10,3840,2099.8232079639547,905.7639401314054,0.43135247610186106,1247.892916862055,0.08676070248956218,0.9584409485268456,0.01262929006200197,0.04155905147315442,1.8737322701305459,1.00603822789893,0.4369168509602313,0.7157168471761338,998582.6977300559
base,control,control,9,10,3840,3310.3423629344024,1018.5179311492651,0.3076775207765565,1383.0153185612073,0.037268650851730534,0.9826190043860666,0.004151506886966415,0.01738099561393336,1.7125574987661991,0.9250363098617441,0.40173816493310205,0.7543165107857643,1215857.7656726413
base,control,control,10,10,3840,3561.931296956353,1314.900504026648,0.3691538085392667,1785.2675092578552,0.03877660885610277,0.9815114040284026,0.0028898940311745513,0.018488595971597355,1.4217662184374873,0.6945109004939688,0.30162225170618906,0.834559311772616,2124098.076659202
base,control,control,11,10,3840,6965.760553104622,1792.973770957408,0.25739813438724707,2451.0021920106265,0.01222331257388041,0.9943764292601402,0.001794055635239269,0.005623570739859751,1.2503680131428674,0.5106068345104151,0.22175373064996015,0.8927536858644424,4185589.2252451256
base,control,control,12,10,3840,7140.369741890135,1926.2319162193016,0.2697664106830141,2682.565384956319,0.014025725455895772,0.9935433057435844,0.0023679221767431155,0.006456694256415596,1.2548298762184205,0.5172874830518752,0.22465509944705128,0.8911108577760549,5008687.253278819
base,control,control,13,10,3840,8234.672867484178,1876.0461600966053,0.22782279154093057,2693.30509392343,0.01224697639375093,0.9944114834627331,0.002459453254291538,0.0055885165372668855,1.3168969567290956,0.5993828820781734,0.26030867823381815,0.8690846404372212,5027269.8398098145
base,control,control,14,10,3840,14091.915607016395,2266.999753953886,0.1608723623653509,3362.6809162190157,0.005149288488226893,0.9976671070406645,0.0009326074750675414,0.0023328929593354752,1.2469454681375214,0.5157379332023229,0.22398213849795667,0.8941143056560773,7871573.023348315
base,control,control,15,10,3840,18562.94164689991,2562.7177423711178,0.13805558359868583,3868.5140772177087,0.0033797729641050767,0.9984723253226443,0.0006855913911528314,0.001527674677355706,1.2175227520106588,0.4736758511061242,0.20571480834621605,0.9051647015701593,10333533.394177206
base,control,control,16,10,3840,22977.23511972251,2220.202551347702,0.09662618412438975,3471.6014706307733,0.002677080489830577,0.9987925653783097,0.000575479959708355,0.001207434621690262,1.3880075235354579,0.6933978081159216,0.30113884182855455,0.8456283669897651,7957283.597711606
base,control,control,17,10,3840,27073.095868172408,3518.780289858508,0.12997332506753487,5315.879755458832,0.0022800700153850655,0.9989698463890593,0.0003523981602248392,0.0010301536109407206,1.1700760407117472,0.40778174127427186,0.17709736005631577,0.9238716949452295,18743275.5832939
base,control,control,18,10,3840,31363.838137905066,3342.2771050052606,0.10656467139989222,5512.758984271545,0.00222956790434324,0.9989923985716841,0.00046718134995502985,0.0010076014283159074,1.1742913452807178,0.4162227036478779,0.18076322343712584,0.9221862511198309,23787821.2316422
base,control,control,19,10,3840,36051.871535572966,3631.278461812075,0.10072371577794606,6017.104169842992,0.002016067485534855,0.9990892344228472,0.0003883729472279184,0.0009107655771527501,1.1685445504998557,0.40651734034630815,0.17654823771038777,0.9244850675876819,29804052.60939802
base,control,control,20,10,3840,38126.44525836696,4339.911547613874,0.11382943041776147,7105.30182352807,0.0019692336346153663,0.9991097905764441,0.00036475638008739324,0.0008902094235558877,1.1354081288068296,0.3466157328231805,0.1505333001059591,0.938094095875018,39478912.60888288
base,control,control,21,10,3840,41185.4737443663,4554.099221345814,0.1105753754251464,7665.004955042865,0.0019513970324040613,0.9991172148622463,0.00040628854595656564,0.0008827851377537499,1.1214114823065706,0.31843060788895744,0.13829265587527229,0.9439969666729056,50366096.20003313
base,control,control,22,10,3840,47127.331120366885,6570.543773608076,0.13942108787842014,10112.61619064247,0.001964261921665515,0.9991095097174171,0.00047259360192818123,0.0008904902825829231,1.089735740356863,0.2525780582488002,0.10969325694729204,0.9577612449413159,83008053.71139482
base,control,control,23,10,3840,55192.68469430886,8547.976687466298,0.1548751747593049,12537.395966111613,0.0021643254592776176,0.9990184144068532,0.0004571608317440699,0.000981585593146761,1.0936254314084375,0.2595653029771913,0.11272777877653989,0.9560240864422965,121579050.96577808
base,control,control,24,10,3840,60052.71844974836,10626.911031488029,0.1769596998407415,14854.706456443882,0.0026920271362541035,0.9987740671952301,0.0006048682532622127,0.0012259328047699025,1.087781124546373,0.2500565466909764,0.10859817839167388,0.9586404491349741,167383088.25124198
base,control,control,25,10,3840,64932.253188181785,11103.701355996727,0.171004405527355,15668.639884206388,0.0029932226394202366,0.9986356924324007,0.0006907919234652242,0.00136430756759931,1.098635913152684,0.27258481195005474,0.11838207968054434,0.9538399907250139,189181325.21764505
base,control,control,26,10,3840,67134.05435117787,10722.07915622665,0.15971147966335406,15313.623615343937,0.003530859135898817,0.9983930417554392,0.0007887183836752248,0.0016069582445608077,1.135871114048116,0.34627459967128355,0.150385147860496,0.9378776195037001,182227357.2617288
base,control,control,27,10,3840,69683.11062708289,12586.347577712339,0.18062264248032228,18043.95648903813,0.004978492672395839,0.9977279786745961,0.0011517849285605122,0.002272021325403939,1.1552154842101847,0.38117470370550666,0.16554207046040853,0.929861388316407,244508476.11729023
base,control,control,28,10,3840,71000.46616119139,11630.720058546893,0.16381188303949762,16705.59500596713,0.006552395885412259,0.997022171078607,0.0013463968518887253,0.0029778289213929776,1.2983928121928605,0.5953474441287212,0.25855610980030813,0.8756612414101114,205341053.29964173
base,control,control,29,10,3840,74962.39379688782,12046.461967921938,0.16070007049884347,17528.477791093097,0.008074879824152488,0.9963344039503346,0.0015576342393125533,0.0036655960496654316,1.4315197805925823,0.7517953450000615,0.32650056985407816,0.8321886683148298,211201299.93764853
base,control,control,30,10,3840,73825.66810982702,12536.397560155352,0.16981082435319833,18232.628726979554,0.009990079518583035,0.9954590614073595,0.0022064817599698034,0.004540938592640487,1.4759319814192908,0.798937488867474,0.3469741428007846,0.8190403801609086,221726023.74389076
base,control,control,31,10,3840,76342.55934740427,13263.042722793392,0.1737306534673356,19212.535059016696,0.010138985685759298,0.9953923168545475,0.002216812045777758,0.004607683145452457,1.4733047159478059,0.7984668221898055,0.34676973485985746,0.819981157634007,239002452.10654777
base,control,control,32,10,3840,77046.49200729586,13615.977945235161,0.1767241777074783,19666.82436578162,0.012790501005984101,0.994188754565943,0.003305103690305973,0.0058112454340569775,1.6204967762012779,0.9260448573061282,0.40217617152293567,0.7793761557354871,241994680.67877516
base,control,control,33,10,3840,78349.09146311878,14294.328974704895,0.1824440935787195,20528.56811251273,0.01503302803271995,0.9931692086659305,0.004137834228078262,0.006830791334069497,1.7336811089143092,1.004893028623057,0.43641949723404017,0.7511812783723263,259466384.03480196
base,control,control,34,10,3840,81218.27026355648,15102.615795034246,0.18595096578670864,21706.964198055324,0.016982255875058857,0.9922830845953585,0.0045044811891709275,0.007716915404641478,1.8676053594283741,1.0902712048053471,0.47349876802497237,0.7208435122891161,282543377.40610945
base,control,control,35,10,3840,90264.1240491922,15872.52197139672,0.17584529998592244,22941.363174408023,0.017494193747037746,0.9920599792903086,0.0048322869796290895,0.007940020709691353,2.102146459759541,1.2087797508241027,0.5249663756192955,0.6734928838351569,308939216.49364567
base,control,control,36,10,3840,91106.46721431118,17288.393113771344,0.18976032813459426,25079.736234407887,0.020165256386156946,0.9908367000449397,0.005758592988722368,0.009163299955060267,2.0919515652102962,1.2002658184048904,0.5212688217503344,0.6747245788943821,369648209.95357645
base,control,control,37,10,3840,99926.52924621606,20085.851956221144,0.20100620033274838,29285.05974551094,0.02017474488689675,0.9908230912609977,0.006025116395607818,0.009176908739002343,1.8908334603986585,1.0875092837133615,0.4722992809352708,0.714002444102972,513426584.942573
base,control,control,38,10,3840,105997.14190749607,21352.51739718161,0.20144427493918654,31316.687882394337,0.021053581881953776,0.9904208977734849,0.006880445470391858,0.009579102226515146,1.9062750495818752,1.0915361542973274,0.47404812860922574,0.7104215915048048,588375166.9407313
base,control,control,39,10,3840,112896.77848874345,22753.712708756815,0.20154439314692676,33371.58964686648,0.022395634884690256,0.9898088665460204,0.007728455664762961,0.010191133453979595,1.9785832136528432,1.1285411881255472,0.4901192106034647,0.6953974834950629,665211078.079227
base,control,control,40,10,3840,123395.43588963922,24623.85619342795,0.19955240658536763,36021.57943156893,0.023641091192706985,0.9892423914371813,0.008173341648882127,0.01075760856281871,2.1062481631131487,1.1820061876703511,0.5133387648807329,0.6691470392193392,767939151.7158636
base,control,control,41,10,3840,139298.18279961066,24290.922417450456,0.17438075593846405,35960.004752286295,0.021185297532402694,0.9903904828235367,0.006323524728641946,0.0096095171764633,2.62686622071772,1.360080713567489,0.5906755488453976,0.5775044607819103,746906097.743616
base,control,control,42,10,3840,151356.94514032608,27227.140726817248,0.17988695993814105,40327.07157269017,0.021902098443362945,0.9900561894532991,0.007429571523016523,0.009943810546700904,2.4252077389017366,1.299288768590922,0.5642739425979085,0.6111249128924015,951463901.0160054
base,control,control,43,10,3840,157214.28141999856,28091.83498262712,0.17868500704194726,41752.541936850655,0.02362212756002682,0.9892745115861658,0.007881473110230401,0.01072548841383425,2.640630131096589,1.362049649604579,0.5915306469015263,0.5751159370849608,1016805594.7452474
base,control,control,44,10,3840,169322.7361130409,31209.4408193888,0.18431925644381972,46150.77233803799,0.024265126781330366,0.9889694863885963,0.009014607331863392,0.011030513611403725,2.4033940327681935,1.2883869683528562,0.5595393509117049,0.614535969724757,1261325944.5401871
base,control,control,45,10,3840,181860.7721378699,32796.022564451785,0.1803358810089561,48199.073183983535,0.02507717023951705,0.9885991954939362,0.00939093125029306,0.011400804506063844,2.493410589731082,1.333994463712854,0.5793464344799801,0.6028699032057134,1366533805.900108
base,control,control,46,10,3840,191153.3129871113,32370.633230991905,0.16934382525284575,47128.404594950385,0.024114550174362512,0.9890567651527891,0.00816195071198085,0.010943234847210936,2.8384794725257976,1.4523725848742641,0.6307573992784551,0.5566076794532531,1256486760.7449355
base,control,control,47,10,3840,211926.00126019158,33056.06560743202,0.15597928244230647,47993.67309741708,0.020966207942363313,0.9905038709985249,0.00633715836116117,0.009496129001475118,3.2620317103986767,1.5610409453663527,0.6779514685976425,0.5069930653383665,1264659641.8886538
base,control,control,48,10,3840,116.15932867539976,83.58593557053386,0.7195800502954782,124.76479346757841,0.3885138671642058,0.8055142482533977,0.13245094216459777,0.19448575174660232,4.455429063309747,1.6998667741086384,0.738242759966063,0.3202296205516454,8785.436832706011
base,question_only,question_only,0,10,3840,33.10863497389326,47.6450022176564,1.4390506360417419,65.50036864607243,0.7707816136393445,0.5534406448713828,0.3511671860666215,0.4465593551286172,3.6665594210805645,1.4604499442481127,0.634265351882867,0.44082950208445315,2758.619491536674
base,question_only,question_only,1,10,3840,786.2840502248341,498.0393939617974,0.6334089999910144,669.154345529506,0.3373306810368822,0.8300636553233856,0.16857714300944426,0.16993634467661445,1.8668498367540431,0.9646297128473229,0.41893336136951065,0.7147042157044438,290470.41543075937
base,question_only,question_only,2,10,3840,765.7563631914829,463.6145160468506,0.6054334489818922,630.6165644672346,0.3242145441930499,0.8389902783288565,0.15055362105951386,0.16100972167114347,2.155345939812999,1.0930565291161267,0.4747084190034549,0.654001278520914,254723.89032646304
base,question_only,question_only,3,10,3840,772.6586006197099,484.59608383272354,0.62718008114328,668.1029278665873,0.3443469057346442,0.8288513971321156,0.14726014529881767,0.17114860286788436,2.274601586788367,1.1624002952367918,0.5048240339840494,0.6346223076809021,278750.5610000296
base,question_only,question_only,4,10,3840,606.8016492035167,496.72824414178956,0.8186006824368234,691.3687782419112,0.47879491792259543,0.7536286005909357,0.1866271638732961,0.24637139940906427,2.474119140298307,1.2377748106885125,0.5375587701208631,0.6016368591830733,294176.96642974607
base,question_only,question_only,5,10,3840,1114.3395339904305,459.20052025324895,0.4120831274906487,657.3577780680837,0.17163196530992467,0.9194897272670415,0.05384586139970783,0.08051027273295852,3.554501233712075,1.4839809110522164,0.6444847209197379,0.449827055333736,255920.2459496013
base,question_only,question_only,6,10,3840,1129.057671445366,511.6399203934692,0.4531565865351162,733.3724411933624,0.1882829155325288,0.9110066819895641,0.05513013292210843,0.08899331801043586,3.7889325657374555,1.4972104480250035,0.6502302358251544,0.39108823091530837,321668.06618102104
base,question_only,question_only,7,10,3840,1265.5596281246014,673.4982285654936,0.5321742362811714,975.2046893607961,0.2207988289790955,0.8937404085771379,0.07328457351736409,0.10625959142286212,3.234564962654942,1.4008500100966077,0.6083814293590712,0.4652587415074196,579952.1032532759
base,question_only,question_only,8,10,3840,2156.1503520908127,855.4006093014711,0.39672586305124374,1198.8950030713763,0.08520973124942564,0.9599186526398732,0.01854945988776978,0.04008134736012681,2.113540790679334,1.1165302954475331,0.48490294619067104,0.6649073473943964,918212.2146389451
base,question_only,question_only,9,10,3840,3508.0072303797533,979.3184916248358,0.2791666115006328,1349.4374834329876,0.034215639122509627,0.9841831067107034,0.004681993686176757,0.015816893289296585,1.862572767711815,1.0214393605311904,0.44360547787748217,0.719548211881494,1133264.5080802676
base,question_only,question_only,10,10,3840,3824.8054926150626,1270.5823508429032,0.33219528504028356,1737.7813298990511,0.034683621189254596,0.9837040499868189,0.0032878634553880595,0.01629595001318107,1.5106667617805778,0.7812549877778333,0.3392947301513054,0.8080327416493479,1962404.8907071438
base,question_only,question_only,11,10,3840,7257.550943155634,1688.1481797090933,0.23260576369789482,2333.965209737518,0.012021331830591332,0.9945014496456505,0.0018897376535707401,0.005498550354349541,1.3144878215707065,0.5982714284246423,0.2598259800451984,0.8699503442861504,3775329.391353322
base,question_only,question_only,12,10,3840,7526.697607996518,1749.9850931640729,0.23250370671260295,2474.6880719167557,0.01337373389716051,0.9938871732123079,0.0022107666857317837,0.006112826787692094,1.3632976731568551,0.6584718605504885,0.28597069552564464,0.8536052902668164,4075522.3473457396
base,question_only,question_only,13,10,3840,8815.233907769378,1710.1321187670947,0.19399736146080657,2487.859191123145,0.011319121967675325,0.9948568730448579,0.0020852886671950017,0.005143126955142074,1.4694772997598802,0.7747045308576899,0.33644990285694215,0.8206536993153765,3978284.5366193894
base,question_only,question_only,14,10,3840,14897.107577132252,2038.2304808599688,0.1368205519297415,3163.971867766354,0.005133710209507347,0.9976783414285071,0.0010453072382394296,0.0023216585714929128,1.3492602134669394,0.6533394514094881,0.2837417185568384,0.8583943690443862,6736374.001609026
base,question_only,question_only,15,10,3840,19508.592577715608,2203.265308329027,0.11293819887580132,3374.3633303696993,0.003352274112077707,0.998487186533454,0.0006669838674029539,0.0015128134665459703,1.3830603676419484,0.695136470395825,0.30189393326260994,0.8474452117815363,7277980.985527594
base,question_only,question_only,16,10,3840,24191.66887185409,2240.059494460142,0.09259631926701634,3452.1595702881523,0.002668562409784372,0.9987963146227956,0.0005743854304768349,0.0012036853772043887,1.420776401854776,0.7415166551963143,0.32203659159111553,0.8356996639486155,8024076.421101968
base,question_only,question_only,17,10,3840,27585.976947049883,2849.16100789175,0.103282947468585,4476.420250301332,0.002402095590197158,0.998915869928398,0.0004481099075500743,0.0010841300716020186,1.2647967869667722,0.5575415291016359,0.24213720952074175,0.8878394687886838,14138092.01264562
base,question_only,question_only,18,10,3840,31836.278343364782,3207.0818455006665,0.10073670706453905,5070.533315746227,0.002257380800145602,0.9989798546475281,0.0005029881450299159,0.0010201453524718573,1.1984775957223752,0.45982651404508523,0.19970011768258863,0.9126999317365481,21875375.250438217
base,question_only,question_only,19,10,3840,36229.600212472746,3786.633714058998,0.10451767868957537,5898.64822107067,0.0021953814192234187,0.9990071108358054,0.0004960339499608662,0.0009928891641945992,1.163316386559172,0.3998847974047605,0.17366776090988728,0.9266246542700575,32925670.217421487
base,question_only,question_only,20,10,3840,39174.521742029676,4281.0252694566025,0.1092808560024758,6909.977261274004,0.0020320557937888177,0.9990813514563447,0.0004121241234854382,0.0009186485436553093,1.1444789807811682,0.36455904776247355,0.15832598277114626,0.934322119752529,40795749.171031386
base,question_only,question_only,21,10,3840,42387.392106331274,4715.813070037814,0.11125508873506346,7471.688779307786,0.0020319001610454857,0.9990805831148274,0.00044394253143986777,0.0009194168851726081,1.1316849940749458,0.34033352699324343,0.147804972779837,0.9396623784634922,50994521.79024859
base,question_only,question_only,22,10,3840,47612.88719855868,6760.0070020210915,0.14197851463680464,10132.278390458821,0.0020808658845950746,0.9990554443154764,0.0005160793967777535,0.0009445556845235625,1.0899759855118605,0.2542475153012336,0.11041829293293831,0.9576613359732253,87948355.23273528
base,question_only,question_only,23,10,3840,53519.7500828808,8407.877547633161,0.15709859509083476,12011.618439760245,0.00250160288287391,0.9988637583797356,0.0005521494254594845,0.0011362416202643777,1.103245400000141,0.28073590110893537,0.12192205272374762,0.9518052789466733,115895679.47359823
base,question_only,question_only,24,10,3840,60205.10303047505,11269.3640948034,0.1871828720083577,15725.00371864964,0.002805640893432409,0.9987183370968017,0.0006929449016879245,0.0012816629031983107,1.0762424859823083,0.22371177084236366,0.09715678761364331,0.9638044497831593,184074063.9876598
base,question_only,question_only,25,10,3840,66618.67079261961,12549.070679775741,0.18837167614527064,17638.101489269357,0.002984157448364597,0.9986341601721067,0.0007692777306625169,0.0013658398278932893,1.0744332020136542,0.21891410083989302,0.09507318600557756,0.9646174913191494,230009053.41266215
base,question_only,question_only,26,10,3840,67720.09598733514,11906.621492660404,0.17582109592530928,16915.261850151113,0.0036287480908255695,0.9983430802557303,0.0009059926831772376,0.0016569197442697359,1.1077753749393253,0.2907772244584847,0.12628294404546317,0.9498476038164279,210280711.71935436
base,question_only,question_only,27,10,3840,70117.11148720136,13835.780826518112,0.19732388475591425,19540.77786778358,0.0050826653930362295,0.9976718967108191,0.0012880526201441247,0.0023281032891808717,1.124017329100129,0.3231294038864501,0.14033331704857244,0.942874517758599,274720408.0035286
base,question_only,question_only,28,10,3840,71612.12243930287,12742.157150491415,0.17793296325341337,18185.09532850616,0.006735974985927654,0.9969288507581945,0.0015707557569499334,0.0030711492418055153,1.232655094202205,0.5040388956763855,0.218901311056863,0.8994629482428259,236144101.9074757
base,question_only,question_only,29,10,3840,75272.44356326306,13188.404570188743,0.1752089336531833,18934.38625767071,0.00836396891684213,0.9961908667678138,0.001889656805501221,0.003809133232186235,1.3253874615754224,0.6318941915402196,0.27442816053263386,0.8664442679904925,245366197.03503555
base,question_only,question_only,30,10,3840,74835.68615013314,13971.30558106933,0.1866930912217536,20037.285083959232,0.01022903790217363,0.9953331163300201,0.0025590813075644352,0.0046668836699799154,1.3416527535205376,0.6534271122386069,0.2837797891712038,0.8610578740178493,268578506.5771363
base,question_only,question_only,31,10,3840,78708.26838644734,15341.636160933209,0.194917719261816,21889.540799303788,0.010208133230745115,0.9953390183992223,0.0025596672965011954,0.004660981600777658,1.3067034396270034,0.6113903573606145,0.2655234584905721,0.8730068914196925,317686039.80434984
base,question_only,question_only,32,10,3840,79799.13988800583,15803.85476915958,0.19804542744871076,22456.690783104885,0.012821636194249083,0.9941482790983622,0.0037038012015683623,0.005851720901637769,1.3850717882854127,0.7040388214249612,0.30576017519052956,0.8469855481619039,326240746.37277937
base,question_only,question_only,33,10,3840,81389.14220413001,17028.755701820275,0.2092263813164524,24081.39269038166,0.015224530271545881,0.9930439673975211,0.00477668481052837,0.006956032602478901,1.407973397526807,0.7262321666554616,0.3153986225591097,0.8397182885749028,372738807.5712394
base,question_only,question_only,34,10,3840,84756.34149453464,17902.826683597857,0.21122698747859814,25364.01747958659,0.01706948619102716,0.9922029104806699,0.005200076779700029,0.007797089519330114,1.4778968017342007,0.7967315629284033,0.34601612133795895,0.8185748431993496,403674310.1336115
base,question_only,question_only,35,10,3840,94244.55049210126,18694.576678895748,0.19836241545300343,26516.27979240182,0.01770028499330002,0.9919316851808834,0.00563758856098896,0.008068314819116629,1.5997889773437501,0.902003722203163,0.39173523920902736,0.7846895529291866,431416481.57898223
base,question_only,question_only,36,10,3840,96165.8208215699,19540.034711151624,0.20319105628398915,27767.916086668403,0.01977382139330159,0.9909834261939034,0.006340968311612324,0.00901657380609655,1.6753133456401255,0.9574522960806107,0.4158162488734076,0.7651663069103735,471720785.9616509
base,question_only,question_only,37,10,3840,105658.78993845727,22211.92183209821,0.21022313283197658,31544.671996518104,0.01963577552979407,0.991041000846385,0.006404152575689761,0.008958999153614977,1.6264385827000816,0.9133276831441587,0.3966531729589897,0.7769439925467286,614512124.0729752
base,question_only,question_only,38,10,3840,112706.57016236382,23605.611679625275,0.20944308433500636,33635.095968958165,0.02041531402689234,0.9906875087983822,0.007233129242945608,0.009312491201617812,1.6618766954297133,0.9343416951154324,0.40577944240076275,0.7675842913080402,698585870.1576561
base,question_only,question_only,39,10,3840,119656.65148848927,25204.979058557066,0.21064419524544137,35908.74451555997,0.021763916508675984,0.9900734126059294,0.007995268446769642,0.009926587394070596,1.7115737602309609,0.9671538877525987,0.4200295966022306,0.7551934218570552,791167122.903587
base,question_only,question_only,40,10,3840,129761.05711466903,27370.827090127066,0.21093252242804741,38905.55939594215,0.02339710777895036,0.9893260698389158,0.008596615954273034,0.0106739301610842,1.7811443358449728,1.0066538046111237,0.43718419252952523,0.7381089690551539,919747229.3826985
base,question_only,question_only,41,10,3840,145062.93589069406,26901.805484205175,0.18544920050753608,38621.83019063337,0.021332983664665503,0.9903055879402926,0.006858628792705156,0.009694412059707447,2.168853986258627,1.196244931554707,0.5195225727789424,0.6562615191001879,875429461.2962201
base,question_only,question_only,42,10,3840,157894.86866262575,30067.975125233457,0.1904303501431687,43175.10475417284,0.021661777311006443,0.9901463484554964,0.007652751597294148,0.009853651544503572,2.028400311978854,1.1322154891706935,0.4917149392722231,0.6835069936220769,1116127073.013217
base,question_only,question_only,43,10,3840,163049.77816930795,30869.980399938748,0.18932856423689162,44613.16718199297,0.02381362903741051,0.9891664463575223,0.008330105418839284,0.010833553642477733,2.196871200027205,1.2028622422325745,0.5223964342913797,0.650463807210303,1182401225.416496
base,question_only,question_only,44,10,3840,175217.9082078937,34073.7054589794,0.19446474283068946,49071.259856995144,0.024326066445087176,0.9889224140335523,0.009134127022933017,0.0110775859664477,2.0605343034159445,1.1454743105801293,0.49747317224688176,0.6772352539768856,1450545252.2142837
base,question_only,question_only,45,10,3840,186983.79032830632,35649.11989948993,0.1906535311798802,51207.232749918556,0.025076489455374367,0.9885821886335165,0.009353581217331399,0.011417811366483455,2.1024248562324956,1.1779621421447697,0.5115824582244074,0.6709059894785617,1561371155.841895
base,question_only,question_only,46,10,3840,194843.18871330205,35891.700328547464,0.1842081345802627,51042.300011187304,0.02451612715719431,0.9888543326041465,0.008397064394858447,0.011145667395853542,2.2307659107309674,1.2477996213025906,0.5419124900526824,0.6494915100579987,1505549508.1322126
base,question_only,question_only,47,10,3840,214280.96651747514,36741.34234458868,0.17146339659426696,52332.61439392956,0.0216954869957213,0.9901561920057377,0.0066844830920573545,0.009843807994262321,2.4760253320078713,1.3446789165261104,0.5839866333789331,0.6100244541569623,1548813996.6153967
base,question_only,question_only,48,10,3840,118.81377031704626,86.16064784918125,0.7251739223430654,127.54342163889237,0.3943660620396643,0.8022769617613635,0.13680340684464162,0.19772303823863646,4.182866884541704,1.6391094545225582,0.7118561913345961,0.35205034409272706,9329.708968012625
instruct,target,target,0,10,3840,33.090804289724495,47.434391420151194,1.4334614234468546,65.1523084471549,0.7713657918411235,0.5529574448224774,0.35398058424939194,0.44704255517752256,3.629517443501092,1.455251625821866,0.6320077508751721,0.44551104998516244,2729.298975499888
instruct,target,target,1,10,3840,744.7153133071674,527.7592835353211,0.7086725277497271,698.7313970750805,0.3852438652182056,0.7996985864289509,0.20817892891019418,0.20030141357104914,1.564681216069537,0.777982633627709,0.3378735648010732,0.7908095157519573,321465.02035733726
instruct,target,target,2,10,3840,765.50188504523,499.50884967414567,0.6525246500792501,666.3030279815159,0.3421359832076621,0.8260133791194418,0.17284412026187815,0.17398662088055816,1.7002063600415045,0.8706366984663356,0.3781127138863949,0.7546813262388786,289290.0702570876
instruct,target,target,3,10,3840,675.219050843243,476.6918475008607,0.7059810396426854,651.8766045003402,0.40716528759881554,0.7921053059873799,0.18491753028800678,0.20789469401262006,1.9894487404577075,1.0531612712217409,0.45738212864581596,0.6906362062628799,267489.2408251847
instruct,target,target,4,10,3840,506.81619085631024,461.98644427824604,0.9115463408887523,637.5361837563988,0.5314709277462577,0.7213532809493315,0.1911839186739556,0.2786467190506685,2.3406561507859087,1.1936523539916568,0.5183966306494034,0.6245096491079914,251684.68722193327
instruct,target,target,5,10,3840,910.9821442052671,425.93135854367364,0.46755181893850617,608.0029086750748,0.2117726206922415,0.8995955168440872,0.06915813317291543,0.10040448315591277,3.4992997534801726,1.4646606514841405,0.6360940388003841,0.4523911053220802,220596.55317343422
instruct,target,target,6,10,3840,1006.7887912136767,452.4903056737924,0.44943915707317134,643.8467692334539,0.19265566211930304,0.9090109459016024,0.052424637155921924,0.09098905409839764,3.6450290941646384,1.4871206434642896,0.6458482893809541,0.4367539227884206,249281.42532268804
instruct,target,target,7,10,3840,1052.3371291755534,609.4861624782312,0.5791738650861142,865.5496717316034,0.23627855936220393,0.8846178957376933,0.06438377796217537,0.11538210426230666,3.1684375509285303,1.3906355294129855,0.6039453367626668,0.48927076061395397,460670.78303627
instruct,target,target,8,10,3840,1882.9496764250055,733.3881299735552,0.38948896996863763,1021.4654613781549,0.08667591063096525,0.9592012223223826,0.017432503571721075,0.040798777677617415,2.348205591908636,1.2016473289807497,0.521868804170121,0.6227626350632334,651060.1228785345
instruct,target,target,9,10,3840,2733.417452635136,812.3232844065129,0.29718229962400977,1133.5853820527007,0.045625848427753565,0.9788831234454536,0.007753007076214598,0.021116876554546415,2.151062834547039,1.1508243036946628,0.49979664473474406,0.6607465990920465,788543.3777577773
instruct,target,target,10,10,3840,2997.28994620511,1123.2858539698211,0.3747671643819514,1522.6350570085626,0.04553633590414832,0.9782456327474618,0.0023420791671085895,0.02175436725253821,1.5617625607538512,0.8211884871444713,0.35663762856932335,0.7937271867125263,1479359.7735740268
instruct,target,target,11,10,3840,6066.038397425166,1496.1947879679315,0.2466510578968667,2058.035583105916,0.013628574279165308,0.9937258655575054,0.0015044545994285508,0.006274134442494583,1.343175709716238,0.6324427333733559,0.274666389223858,0.8602988858002139,2747769.96587195
instruct,target,target,12,10,3840,6317.209704827626,1432.6546758221855,0.22678599298790844,2022.1820609610152,0.015214538158223016,0.9930456755984072,0.0023401252213753766,0.006954324401592826,1.49353014102146,0.7902374083941436,0.343195745859103,0.8135683533707575,2589167.648382438
instruct,target,target,13,10,3840,7048.529794621862,1664.2867314463626,0.23611827997325616,2423.0696306067252,0.014713852750536568,0.9932683334545791,0.0022498033134379153,0.0067316665454209,1.384286985559445,0.6881391962132025,0.29885505569673293,0.8469878991598614,3801701.0808176324
instruct,target,target,14,10,3840,12975.02054527024,1768.2650995719753,0.13628225815924103,2633.052623331658,0.005531692288913504,0.9975001809801547,0.0009665431050180112,0.0024998190198453063,1.4403474885108667,0.7532905348775427,0.3271499225672658,0.8295406463781718,4553660.927150953
instruct,target,target,15,10,3840,17484.439262923457,2227.993254187103,0.12742720659687745,3336.293365986563,0.0036503028240010456,0.998352350251251,0.0007962036351542352,0.0016476497487489805,1.3194974082022832,0.6184639872316939,0.26859549691060786,0.8683961640751187,7159410.665586088
instruct,target,target,16,10,3840,21630.031493959777,2023.6654758867776,0.09355813820483293,3018.566864238439,0.0029540105355490356,0.9986680479016737,0.0006291766676043246,0.0013319520983262612,1.5629413766709646,0.8733348839301642,0.3792845209444872,0.7943852717638287,5608243.109331283
instruct,target,target,17,10,3840,25010.097314695475,2255.0395999990037,0.09016516695734661,3525.007071361835,0.0026097587171667646,0.9988235092096509,0.0004417534085875721,0.001176490790349094,1.4714836449634083,0.796949805530696,0.3461109028958509,0.8205106265963592,7929510.613636236
instruct,target,target,18,10,3840,29838.166996829917,2928.966713509885,0.09816175081468864,4346.206712756014,0.00241550490756399,0.9989105244544356,0.0004707390058518905,0.0010894755455643779,1.361389704628682,0.685046873529794,0.29751207701906435,0.854788880731882,12070846.431843229
instruct,target,target,19,10,3840,36381.04945832025,3975.4461711095455,0.10927244349187874,5860.464037870403,0.002014173568902433,0.9990910614063437,0.0003926100313670355,0.0009089385936562611,1.2149359081327875,0.48495227388981405,0.21061209653678065,0.9063280364686925,23124814.520098697
instruct,target,target,20,10,3840,39671.85149196435,4396.276159482834,0.11081600666843879,6878.791393308499,0.001974882768537821,0.9991086724094872,0.00036260183280408074,0.0008913275905128026,1.177351622128429,0.4219633464767932,0.1832563529403012,0.9209461998477865,32526213.200173683
instruct,target,target,21,10,3840,44267.625895259866,4564.1996611704835,0.10310468584806608,6863.001509054975,0.0019539290229474353,0.9991187473390453,0.0003566347124624228,0.0008812526609547344,1.2447251589336772,0.5290027534940361,0.22974297675408603,0.8951369289414363,30163502.169220224
instruct,target,target,22,10,3840,51439.30537099274,6768.8903953856325,0.13158984839641114,9205.824251835167,0.0020340416604882495,0.9990804766084462,0.0004334754152957704,0.0009195233915537671,1.1473729053411412,0.3714088270310853,0.16130080410975964,0.9331406711286473,60977230.46823198
instruct,target,target,23,10,3840,58902.823189206414,8015.577713953471,0.13608138421830818,10965.596115183182,0.002239128571243095,0.9989873385665607,0.00044466834291101426,0.0010126614334392547,1.1531707097422057,0.3808515866268515,0.16540174249613987,0.9307382773881973,85732514.36272807
instruct,target,target,24,10,3840,62251.92100296156,9544.255241278546,0.15331663806526533,12973.400546033212,0.002921950036034267,0.9986758624412101,0.0006336302990875654,0.0013241375587899062,1.1497892921345234,0.3755954162263918,0.16311901669527704,0.9321446519778958,117489789.47832304
instruct,target,target,25,10,3840,65109.29036265547,9153.069671265324,0.14058008650199053,12507.533082817363,0.003349858540099793,0.9984832948564837,0.0006446778755619871,0.001516705143516317,1.215899322569578,0.485250240035761,0.2107415015897594,0.9059354315932767,108816385.05423954
instruct,target,target,26,10,3840,67411.101963904,9434.312563914184,0.13995191131819634,13143.467612376595,0.003958999902256423,0.9982066454190803,0.0007816254379196103,0.0017933545809196705,1.2511079306676716,0.5373915180488429,0.2333861709102242,0.8927700772854615,123026252.68699592
instruct,target,target,27,10,3840,68289.06115652372,10828.77442411047,0.1585726065158532,15509.47539241896,0.005605782897297147,0.997454391157811,0.0011909279027646196,0.0025456088421890177,1.2638620463215697,0.5538747120821771,0.24054473112304184,0.8881100679079977,172517802.8465885
instruct,target,target,28,10,3840,67224.26573884168,10133.030451936453,0.15073471373123026,14771.10763558129,0.007600786668808946,0.9965579373134499,0.0013561949051685788,0.003442062686550118,1.5278379110751343,0.8390253437962608,0.3643840769876948,0.803710698678154,144462473.37138644
instruct,target,target,29,10,3840,69561.39639361107,10715.405041650429,0.1540424085367354,15792.866673047567,0.009320010722060844,0.9957808787211123,0.0015872268106077946,0.004219121278887683,1.7124939872089755,0.9806433235223581,0.4258879841210254,0.7551080854228012,155616745.03625333
instruct,target,target,30,10,3840,68601.89504257067,10997.54559895375,0.1603096473082742,16182.429830392346,0.011296647630573557,0.994882112118761,0.0021264923289913158,0.005117887881239014,1.8259019036829718,1.0550723708231637,0.45821210865708145,0.7287009846434278,162062889.2679729
instruct,target,target,31,10,3840,67058.74839924331,11305.623288467335,0.16859281687092906,16629.662504925403,0.012869296509027626,0.9941671460891024,0.0023699171844669374,0.005832853910897606,1.899337018874537,1.0946992137883673,0.47542182789211607,0.712431930560962,167986651.2146225
instruct,target,target,32,10,3840,67812.57148774435,11874.223105321389,0.17510356626820142,17559.552193379706,0.01646722454279796,0.992531924002002,0.0037530393398877014,0.007468075997998036,2.1368660740226337,1.2154704729839245,0.527872119333254,0.6656943016820581,181271716.1570245
instruct,target,target,33,10,3840,69506.98793457249,12575.726263440974,0.18092751012716318,18536.427334026183,0.01926969472032033,0.9912565081918865,0.004880270210108016,0.008743491808113513,2.3180903823870285,1.2906718662082184,0.5605316694420013,0.6344789725527562,198376765.4614906
instruct,target,target,34,10,3840,73042.68666676279,13459.727556736305,0.18427207665762102,19813.877710600816,0.021486490398999473,0.9902495645749285,0.00550480473854801,0.00975043542507148,2.556979755324073,1.3732291895038318,0.596385859389989,0.5966079294367135,222465800.47589388
instruct,target,target,35,10,3840,80146.2195701202,14312.364511070173,0.17857816111399036,21220.18976342377,0.023206715775725275,0.9894750730308933,0.006060630870056322,0.010524926969106674,3.062825653900476,1.5123798028846271,0.6568182029347213,0.5284913507955654,249723192.5243548
instruct,target,target,36,10,3840,81058.77751995035,15216.226113181381,0.18771842579832063,22572.462413235,0.027070746603603375,0.9877111026236299,0.007367131149696641,0.012288897376370067,3.239606247258662,1.5503157008272814,0.6732935540772609,0.5071540850363875,281111815.1187928
instruct,target,target,37,10,3840,86575.35059262866,17049.193976439252,0.19692896257114184,25265.11352795037,0.02832303215064811,0.9871304348006017,0.008434429950747776,0.012869565199398303,2.9309941301951477,1.4749039396867254,0.6405426423433114,0.5444128699898734,356474743.42272556
instruct,target,target,38,10,3840,91204.64541006593,18151.431591449968,0.19901871784972325,26975.890812211524,0.030299007469680492,0.986227175282979,0.009907637360753155,0.013772824717021015,3.041250201760451,1.4962983455354242,0.6498341147469998,0.5297623484256048,407152639.4794534
instruct,target,target,39,10,3840,96319.08782976324,19347.796434403008,0.20087188189114483,28737.181657385867,0.03225263485677553,0.9853355132534787,0.01091810782301512,0.014664486746521321,3.22862642347674,1.5338926745130146,0.6661611243728229,0.506670652486767,460227763.84025383
instruct,target,target,40,10,3840,104807.94465392752,21314.309399137703,0.20336539820065044,31635.521928173843,0.03377425287357903,0.9846370766785117,0.01139613892542385,0.015362923321488253,3.3022474299134656,1.5448991523351994,0.6709411769561883,0.49653867537455965,556931064.0799959
instruct,target,target,41,10,3840,120052.93154879585,22074.993639472206,0.18387717279939778,32953.498975652954,0.029863516693214884,0.9864458130411377,0.008737532123463145,0.013554186958862346,3.9683846354206107,1.6511865079027315,0.7171011889752563,0.41598272463421315,597565949.4213237
instruct,target,target,42,10,3840,127630.14729427737,25115.596370069798,0.19678419952114182,37451.13311829099,0.03229712363116548,0.9853155836239663,0.010966573539463988,0.014684416376033682,3.364671308740387,1.5474084059675013,0.6720309319623927,0.4867177612031432,787355401.3635222
instruct,target,target,43,10,3840,132975.96005967987,26841.692627138447,0.20185372314734065,40069.60012566496,0.035219712346684647,0.9839712003487617,0.01239986087418029,0.016028799651238268,3.3578857361151435,1.539599814349602,0.668639703711303,0.4851988202237588,908301463.1226923
instruct,target,target,44,10,3840,143044.69461634444,30839.3691099707,0.21559254044817236,45799.24700837228,0.037285141653996254,0.9829927210567286,0.015133648183276706,0.017007278943271364,2.7600830466793123,1.4023317907804813,0.6090249585334684,0.5638251721615347,1216460908.1263113
instruct,target,target,45,10,3840,156334.65413591912,33277.0876413184,0.212858037299823,49206.63705149879,0.03736494420315523,0.9829501751192758,0.015323018025745072,0.01704982488072415,2.68856744237323,1.3875558918000024,0.6026078671410865,0.5753201888048355,1412047851.651235
instruct,target,target,46,10,3840,172584.51479185835,35223.812453324725,0.20409601925065876,51481.70395099708,0.03397832196086962,0.9845126006829672,0.013245744399488803,0.015487399317032802,2.5833164733916996,1.3681530054895785,0.5941813006834733,0.5928677522486624,1535359417.8280902
instruct,target,target,47,10,3840,199215.0512637303,36344.16104787926,0.18243682300774122,52824.94343244149,0.02727381118549775,0.987605166567602,0.00967747970410252,0.012394833432398,2.681919091737882,1.4056650028213893,0.6104725541298482,0.5796544291663922,1583805393.4327967
instruct,target,target,48,10,3840,102.32132687243846,93.56533404250182,0.9144265120715895,139.98777903436115,0.48770174862920446,0.7458804278467287,0.1591977790935917,0.2541195721532713,4.082380049426129,1.6001906567169188,0.6949539722052985,0.36349133622501567,11544.916866412856
instruct,target_word_shuffle,target_shuffle,0,10,3840,33.090804289724495,47.434391420151194,1.4334614234468546,65.1523084471549,0.7713657918411235,0.5529574448224774,0.35398058424939194,0.44704255517752256,3.629517443501092,1.455251625821866,0.6320077508751721,0.44551104998516244,2729.298975499888
instruct,target_word_shuffle,target_shuffle,1,10,3840,751.0199603730371,529.8616132234041,0.7055226774002349,699.482276880047,0.37867273030439497,0.8030600657158891,0.20429669018798194,0.19693993428411094,1.539785037989947,0.7585341188845074,0.3294271821668867,0.797818619726015,323047.2148424858
instruct,target_word_shuffle,target_shuffle,2,10,3840,752.6619173252894,496.66712980798263,0.6598807756515329,660.9660810744022,0.34703795205657945,0.8229866878853548,0.17542608272202248,0.17701331211464522,1.6865030541470456,0.8607126160601914,0.3738027396594533,0.7580631081915202,285285.03553306835
instruct,target_word_shuffle,target_shuffle,3,10,3840,688.2715769510031,476.76379752535996,0.6926972048408433,650.4531301403687,0.3973079165986642,0.7971971480693825,0.18447947071986665,0.20280285193061753,1.9387632070958993,1.0279692814437937,0.4464413864970904,0.7012114932211531,267355.51133277663
instruct,target_word_shuffle,target_shuffle,4,10,3840,499.40289923620895,457.53356388901886,0.9161612088932076,630.8653316335075,0.5353508919771546,0.7187038550266538,0.19612243737605412,0.2812961449733462,2.295442291715805,1.1768002776503486,0.511077866885761,0.632117451306941,246614.86744836703
instruct,target_word_shuffle,target_shuffle,5,10,3840,904.6673379737495,417.4673962065217,0.46145956495075185,594.3459607815065,0.2086065818017998,0.9011727482056309,0.06987569347047065,0.09882725179436913,3.4561039208081286,1.4534655015307552,0.6312320469515493,0.457035100068054,212160.71863776713
instruct,target_word_shuffle,target_shuffle,6,10,3840,992.7336911933837,450.71180448991043,0.4540107870702977,641.993728971431,0.18725557503224113,0.9114372995441545,0.05131975621131606,0.08856270045584547,3.645082802972228,1.482402985613145,0.6437994366086944,0.429416138085983,247372.08666797893
instruct,target_word_shuffle,target_shuffle,7,10,3840,987.162028924971,583.4068748175465,0.5909940391982881,826.6336892401046,0.25087287146857545,0.877140183820668,0.07222757409827531,0.12285981617933195,3.19041818239152,1.3918368132469787,0.6044670477029697,0.4839122981567066,419558.9407897918
instruct,target_word_shuffle,target_shuffle,8,10,3840,1828.3757129614978,690.5846665077054,0.377703915892175,967.9809575874741,0.08788815356438273,0.9588499014980674,0.02051939318241122,0.04115009850193263,2.437878024454585,1.224337064135538,0.5317228309436919,0.6060574578196949,587868.3864405211
instruct,target_word_shuffle,target_shuffle,9,10,3840,2836.667824024309,683.5144284006643,0.24095680946913955,978.0551564914266,0.04118136309280528,0.9811685383162579,0.00887085854910432,0.018831461683742057,2.82076348901948,1.3578591555464326,0.5897107384556249,0.5497967977739334,569915.450990601
instruct,target_word_shuffle,target_shuffle,10,10,3840,3114.3014652027587,912.6983450434798,0.2930667937068378,1267.8739083209966,0.03979605473935119,0.9815301009115517,0.004748917680813893,0.018469899088448316,1.9106990779386421,1.0461951559705924,0.4543567832319401,0.7091123983686197,986618.7843440912
instruct,target_word_shuffle,target_shuffle,11,10,3840,5939.084086417658,1286.512704444194,0.2166180316231545,1790.0087551358158,0.013809555400823171,0.9936950453853196,0.002467210988930735,0.006304954614680391,1.445981823753309,0.731939591782614,0.31787732579770794,0.8272091245367669,2150796.277013721
instruct,target_word_shuffle,target_shuffle,12,10,3840,6118.916967183521,1166.183376588196,0.19058656668207397,1698.0004580081218,0.015266856022667093,0.9930670924606095,0.003126432469568056,0.006932907539390465,1.784639840420088,0.9979373664121026,0.43339869151783966,0.7375067572400067,1778638.0836061034
instruct,target_word_shuffle,target_shuffle,13,10,3840,6838.070318747427,1351.970506456199,0.19771228481661005,2005.7664893306637,0.015064779913223933,0.9931651542139225,0.0034215864185147614,0.006834845786077515,1.7114082320035315,0.9582240728460504,0.41615142726389925,0.7551040168177123,2427741.2789572077
instruct,target_word_shuffle,target_shuffle,14,10,3840,12156.767126039409,1507.1719168892198,0.12397801991788633,2263.401752675348,0.005879991576443043,0.997346177955033,0.00118927857212338,0.0026538220449670025,1.73063774021327,0.9866774899278508,0.42850858929381686,0.7509485643746984,3042760.2049217788
instruct,target_word_shuffle,target_shuffle,15,10,3840,16697.61018084692,1875.8135681159529,0.11234024197472368,2815.630340745833,0.0037382970727898633,0.9983133962897274,0.0009042223505951159,0.0016866037102726272,1.4795460544274814,0.7888400533851241,0.34258888228942597,0.8176260745343168,4867591.418338508
instruct,target_word_shuffle,target_shuffle,16,10,3840,20785.63836580822,2082.117520717257,0.10017096824614637,3118.7211689912147,0.0029935215220721783,0.998649189756501,0.0007261265000903517,0.0013508102434990343,1.410459330715801,0.7321964216955092,0.31798886561166606,0.8390189988691348,6129146.393361828
instruct,target_word_shuffle,target_shuffle,17,10,3840,24026.084178669167,2206.912983817957,0.09185487603416032,3373.2000768022294,0.002645536865507547,0.9988073818023471,0.00047411566209389316,0.0011926181976529282,1.4909885145857462,0.8134085171992739,0.3532588305527509,0.8147501624296248,7322634.369322706
instruct,target_word_shuffle,target_shuffle,18,10,3840,29402.82254722007,2641.009406369881,0.08982162859121766,4013.2829751093523,0.0024479709049366914,0.9988959345633504,0.0005168487083815684,0.0011040654366496483,1.4071972544826588,0.7385556472230301,0.3207506421674467,0.8402828971269676,10507374.425137505
instruct,target_word_shuffle,target_shuffle,19,10,3840,36470.6584637015,3764.7071489670416,0.10322564240823834,5422.082937946599,0.0020328169578266884,0.9990823249127061,0.00042687722587649783,0.000917675087293901,1.230116174291176,0.5113081008696059,0.2220582867601011,0.9006676968317351,20840114.855033416
instruct,target_word_shuffle,target_shuffle,20,10,3840,39851.430602564746,4532.572505536481,0.11373675767727082,6841.813348441413,0.00201816086853599,0.9990883378507804,0.0004494584119736639,0.0009116621492195609,1.1681124416675113,0.4063979691352223,0.17649639545211507,0.924666370616169,33931514.04481986
instruct,target_word_shuffle,target_shuffle,21,10,3840,43666.52043942107,4420.848338757214,0.10124114067871047,6655.235576570018,0.0020089306667916886,0.9990932769124996,0.00042619718511345593,0.000906723087500394,1.2253184483904145,0.5000636107660851,0.21717486675632627,0.9024047016773937,31454216.015762575
instruct,target_word_shuffle,target_shuffle,22,10,3840,50058.082108070135,6473.124535183344,0.12931227611174853,8939.166229483153,0.0020793012761242246,0.9990596433221575,0.0004769807284862249,0.0009403566778425354,1.1427336874321457,0.3626867020308882,0.15751283335170366,0.9350673034727043,60168043.4706153
instruct,target_word_shuffle,target_shuffle,23,10,3840,57497.606290973505,8267.156185093158,0.14378261493628494,11262.692923014962,0.002301306437956082,0.9989581380125563,0.0005085530481927276,0.0010418619874437152,1.1306366580672065,0.33794494581806267,0.14676762515587802,0.9400998289082421,96520286.12425286
instruct,target_word_shuffle,target_shuffle,24,10,3840,59515.2842632262,8680.63740493213,0.14585559848020072,12047.422624635896,0.0030450478312790304,0.9986205972691031,0.0007231373552555345,0.0013794027308968726,1.1653380403289628,0.40455095914911376,0.17569424920712795,0.9258331569515035,98285702.35166466
instruct,target_word_shuffle,target_shuffle,25,10,3840,62223.47197709433,8324.963513592642,0.13379136922248927,11768.58195261031,0.003480526324341001,0.9984237446620767,0.0007751172362299296,0.0015762553379232713,1.2226838036345835,0.49606464149485674,0.21543813646853113,0.9033821489470344,96735416.32303376
instruct,target_word_shuffle,target_shuffle,26,10,3840,63785.16099371838,8556.311923179286,0.13414267189859283,12153.235954286829,0.004118812741057088,0.9981341192339755,0.0009354663733633295,0.0018658807660244525,1.264789600522438,0.5565070973431955,0.24168796151614558,0.8877997068340033,105202419.4738749
instruct,target_word_shuffle,target_shuffle,27,10,3840,64742.686406484376,9987.840968156706,0.15426979513096575,14436.711787919157,0.0057371369380352045,0.9973942077401461,0.0013759236405854476,0.002605792259853912,1.2694732731410343,0.5610860333528171,0.24367656815811237,0.8860737118503375,146800166.95225534
instruct,target_word_shuffle,target_shuffle,28,10,3840,63959.37815415252,9021.655446097619,0.14105289492267983,13185.67832745575,0.0077173781032681575,0.9965051543058403,0.0016149102703905819,0.0034948456941596984,1.5866015903829727,0.8900752759335625,0.3865547808164604,0.7875910148449848,114275164.5285497
instruct,target_word_shuffle,target_shuffle,29,10,3840,66272.03423378475,9514.340062019215,0.14356493160381834,13960.473593962914,0.009489792971305049,0.9957033522525718,0.0019417318484202639,0.004296647747428217,1.797363963597736,1.039612569008512,0.45149800203766033,0.7351795079322564,122008850.05457836
instruct,target_word_shuffle,target_shuffle,30,10,3840,65056.24631193769,9864.41339660017,0.15162899730336993,14451.12594972552,0.01162633415427503,0.9947311680992103,0.0025958536964157393,0.00526883190078975,1.893325103895323,1.0958666146509815,0.47592882364491845,0.7139112018035545,130299721.53945085
instruct,target_word_shuffle,target_shuffle,31,10,3840,62571.82494227465,10278.915849185372,0.16427387020704828,15030.740605100074,0.013662082750274042,0.9938025514141685,0.003122114622820159,0.006197448585831489,1.9184176044928616,1.107293785643788,0.4808915809508593,0.7084077102889219,139305284.61350232
instruct,target_word_shuffle,target_shuffle,32,10,3840,63351.13454794678,10714.237343148332,0.16912463240953246,15732.046964664314,0.017134191728421764,0.9922258007470907,0.004495893692871851,0.007774199252909342,2.1897006244722452,1.2361079676546307,0.5368348693890493,0.6556758901193258,147582227.55391607
instruct,target_word_shuffle,target_shuffle,33,10,3840,64762.141634955886,11184.572772872649,0.17270233025826442,16355.153793888008,0.019822017537836065,0.9910074603278332,0.005348956509533809,0.008992539672166844,2.4887540760184104,1.3448094398837713,0.5840433189529247,0.6057203629280589,155429368.58348048
instruct,target_word_shuffle,target_shuffle,34,10,3840,67759.98466232995,11939.220940898736,0.1761986960356582,17490.397759253083,0.022500864738890798,0.9897908653366143,0.006144971390257726,0.010209134663385688,2.795898011777379,1.4341129225923777,0.6228273287080149,0.5603004897614668,174850323.44487494
instruct,target_word_shuffle,target_shuffle,35,10,3840,74986.04545517854,12234.635109785735,0.16315882555906688,18196.866052575926,0.023114693961958723,0.9895258547970732,0.006168874364534693,0.010474145202926777,3.6622905594109056,1.611450922096296,0.6998442433243283,0.4499206637370614,185064727.0343537
instruct,target_word_shuffle,target_shuffle,36,10,3840,75229.0749739468,13135.718534318246,0.17460959793626846,19546.90433497218,0.026975561315934884,0.9877641711488622,0.0075423569340346205,0.012235828851137831,3.678013754113245,1.6139138699347793,0.700913887979797,0.446726584935438,213173233.3523081
instruct,target_word_shuffle,target_shuffle,37,10,3840,78706.58137523929,14483.869112554317,0.18402360843880933,21625.53309535179,0.028733944378081935,0.9869584361883043,0.008341851364474004,0.013041563811695744,3.4516023081966445,1.5646590235195108,0.6795227799746538,0.4686400804673001,263558738.9191815
instruct,target_word_shuffle,target_shuffle,38,10,3840,82464.40133254191,15234.84288730876,0.1847444793284011,22825.393735763322,0.030458708484207106,0.9861726033629135,0.009637205360136,0.013827396637086542,3.6058044770777395,1.5838584851670756,0.6878610002237043,0.4475983331517792,294568067.451153
instruct,target_word_shuffle,target_shuffle,39,10,3840,87217.36400408798,16265.628492249636,0.18649530031069556,24359.586280000887,0.032402560997916593,0.9852858787786152,0.01071718205791458,0.014714121221384824,3.7928419974826224,1.6102056872489068,0.6993034447014335,0.4239502149993441,335105012.5102218
instruct,target_word_shuffle,target_shuffle,40,10,3840,94314.00196237517,18007.03259961999,0.19092639719395602,26974.757022402136,0.03461859957122771,0.9842703263621002,0.011795877749086437,0.015729673637899788,3.796920005792401,1.605167106236696,0.6971152167712078,0.41966575306028003,411766637.7673191
instruct,target_word_shuffle,target_shuffle,41,10,3840,108776.95896274433,19035.611623385154,0.17499672545455855,28600.728038769317,0.030524287624717338,0.9861528683283481,0.009107591544054163,0.013847131671651858,4.1519093483555105,1.6494384049287782,0.7163419974998698,0.36497332664935384,464740201.08949035
instruct,target_word_shuffle,target_shuffle,42,10,3840,114566.00051068504,21269.283664608745,0.1856509223486863,32038.929214219428,0.03347480834754054,0.9847934150263387,0.011554426493595785,0.015206584973661341,3.830882915517424,1.594176715727391,0.6923421508190547,0.4092655450840674,589791349.351086
instruct,target_word_shuffle,target_shuffle,43,10,3840,119360.53310794731,23130.35884472743,0.1937856529495289,34850.94381777816,0.03710646817306643,0.9831226359134572,0.013527133715493203,0.016877364086542834,3.7035678975903457,1.5654858214981082,0.6798818537744075,0.4212544774378071,706112374.4135336
instruct,target_word_shuffle,target_shuffle,44,10,3840,127435.4404266915,26018.729360828722,0.20417184790753914,39095.964204691525,0.039647928584836595,0.9819341089647216,0.016304937113236145,0.018065891035278447,3.260235187428139,1.4841340813759916,0.6445512419461448,0.4841936733470295,902024606.3975134
instruct,target_word_shuffle,target_shuffle,45,10,3840,140557.46964226227,28248.35536884921,0.20097370449784766,42007.29831642218,0.03905231250069192,0.9822055733410524,0.016288686878531668,0.017794426658947593,3.1785757861322614,1.4784400127161914,0.6420783393476154,0.4999467011946775,1039071187.3028622
instruct,target_word_shuffle,target_shuffle,46,10,3840,158424.6468239946,30624.46933340458,0.1933062181128137,44827.532826574716,0.03472520337462546,0.9841912151421734,0.013956477042625584,0.015808784857826552,2.911906851041029,1.4353308675334122,0.6233562754751681,0.5413314541003179,1174816889.2106895
instruct,target_word_shuffle,target_shuffle,47,10,3840,184028.0734948812,31806.146548765817,0.17283312238581097,46351.91917592657,0.02780056251189898,0.9873775817876336,0.010199980705909393,0.012622418212366426,2.9993950999337264,1.469235021237031,0.6380806623422496,0.5318965225192832,1229367235.8597262
instruct,target_word_shuffle,target_shuffle,48,10,3840,105.38794554201574,99.32925427597787,0.9425105856758225,148.66285585661353,0.49299845881707144,0.741284222614877,0.15406388269154248,0.25871577738512297,4.0424836936143125,1.5750588052166414,0.6840393477787161,0.34786637269821186,13272.170810308038
instruct,target_sentence_shuffle,target_shuffle,0,10,3840,33.090804289724495,47.434391420151194,1.4334614234468546,65.1523084471549,0.7713657918411235,0.5529574448224774,0.35398058424939194,0.44704255517752256,3.629517443501092,1.455251625821866,0.6320077508751721,0.44551104998516244,2729.298975499888
instruct,target_sentence_shuffle,target_shuffle,1,10,3840,748.2787485416649,527.6134337492987,0.7051027906078773,697.8647202739744,0.38309741558780996,0.8010447437262679,0.2059525763146438,0.19895525627373212,1.572562822455161,0.784133553859097,0.3405448755161921,0.7886595538331637,321054.17298790044
instruct,target_sentence_shuffle,target_shuffle,2,10,3840,765.2141000861875,501.72457924194885,0.6556656224518576,667.8025455979122,0.3461023187741512,0.8237718562164821,0.17468066979066213,0.17622814378351792,1.7029880416334737,0.8721276519334396,0.37876022674993265,0.7540349796025736,291643.83634628047
instruct,target_sentence_shuffle,target_shuffle,3,10,3840,672.9030104987115,477.089560189228,0.7090019701883037,652.7415822712745,0.4107921230287553,0.7901103015243783,0.18730497321362233,0.20988969847562167,2.007146574707759,1.0619540962036949,0.46120080401581964,0.687089236748676,268083.4388736543
instruct,target_sentence_shuffle,target_shuffle,4,10,3840,503.4132020142363,457.197073655486,0.9081944450923554,631.9112160642833,0.5286446958654683,0.7232455701292511,0.1878461117526854,0.27675442987074894,2.4011932476173667,1.2132942013509125,0.5269269765719142,0.6141058272779893,246655.82745380493
instruct,target_sentence_shuffle,target_shuffle,5,10,3840,916.789746452271,424.8172149843375,0.46337474500371006,605.9846709886409,0.20751079648426823,0.9017246502814368,0.06562548526457905,0.09827534971856322,3.544742496295482,1.4714749107335645,0.639053433990667,0.4466577783454755,219423.6010600727
instruct,target_sentence_shuffle,target_shuffle,6,10,3840,1016.3401343476454,451.0936000652182,0.4438411756264644,641.7325191958412,0.1870369330151357,0.9117616684401723,0.04839678319075997,0.08823833155982774,3.632510754132352,1.4876071668123068,0.646059583786315,0.4397844886884865,247440.54051134802
instruct,target_sentence_shuffle,target_shuffle,7,10,3840,1067.480915116848,611.1100675825093,0.5724786822213264,864.4136275471166,0.22722678231527926,0.8890931239053946,0.05622812264160185,0.11090687609460537,3.1165107076287484,1.382986490555568,0.6006234013950268,0.4985440935850751,459114.49687379773
instruct,target_sentence_shuffle,target_shuffle,8,10,3840,1889.116551357602,742.2024659042083,0.3928833641157973,1032.0313672891732,0.0862441406511584,0.9593265475167907,0.017098440560923956,0.040673452483209305,2.3014264450725097,1.1877037129662957,0.5158131686772659,0.6313202753120938,662007.2258087478
instruct,target_sentence_shuffle,target_shuffle,9,10,3840,2745.0968035228343,823.702672105583,0.30006325133908196,1150.3259541170105,0.045157415268968354,0.979081068540437,0.00751300872191622,0.020918931459563028,2.0980750127551646,1.1298125152046983,0.49067134093863424,0.6709020746292307,810825.907772115
instruct,target_sentence_shuffle,target_shuffle,10,10,3840,3067.94895018865,1188.4962564602895,0.3873911449495298,1596.2634716817201,0.043804531023536576,0.9789393239558537,0.0021062135793109152,0.021060676044146298,1.4867787410618298,0.757971862353486,0.32918299725805006,0.8150421687962215,1648184.212601281
instruct,target_sentence_shuffle,target_shuffle,11,10,3840,6072.439594392044,1515.129922844647,0.24950926218251454,2096.7369353212007,0.013665377093595074,0.9937075293078197,0.0015984929549000665,0.0062924706921803075,1.332536344288656,0.6206410067287814,0.2695409644651887,0.8638870535806522,2852036.323733875
instruct,target_sentence_shuffle,target_shuffle,12,10,3840,6332.954693340881,1380.2546269517325,0.21794797117419357,1950.4785347830527,0.015130434425935804,0.9930974641019036,0.002561865969595005,0.006902535898096418,1.5558690812991751,0.8441316095406597,0.36660170002361886,0.7959591245685896,2380964.878944343
instruct,target_sentence_shuffle,target_shuffle,13,10,3840,7051.315190879782,1572.9212709815722,0.22306778642032607,2283.876826828479,0.014583150134562461,0.993345252504039,0.002452993290332575,0.006654747495960955,1.4387544437693938,0.7428649426342105,0.32262214538541334,0.829907940343654,3414053.191272819
instruct,target_sentence_shuffle,target_shuffle,14,10,3840,12821.418749639879,1767.1969363713736,0.1378316215138835,2620.2379593884084,0.005594237857341401,0.9974713016472411,0.0010023547567988504,0.002528698352758929,1.4162429084060277,0.7269290152669232,0.3157012600657894,0.8369094393408381,4659158.321490391
instruct,target_sentence_shuffle,target_shuffle,15,10,3840,17356.392950655158,2122.6885290323094,0.12230009628539687,3198.0438460383575,0.0036340359851359293,0.9983597927402214,0.0008054653227651065,0.0016402072597786477,1.3301668194862788,0.6300442595646581,0.2736247452837511,0.8647359909206722,6787733.381034382
instruct,target_sentence_shuffle,target_shuffle,16,10,3840,21987.900131762734,1863.0747297780592,0.08473181698177468,2818.2862629780907,0.0028177312505478034,0.9987296348522113,0.0006281335072701399,0.0012703651477886657,1.6212155062466806,0.9179705533334265,0.3986695458623818,0.7787452286778487,5001796.206026986
instruct,target_sentence_shuffle,target_shuffle,17,10,3840,25112.8067007689,1967.0277175589058,0.07832767324644281,3064.8854764315583,0.0025060881210905318,0.9988707351829218,0.00040506671651215515,0.0011292648170782016,1.6749381147682927,0.9716405908908673,0.42197814701711867,0.7657256964103756,5845386.374623602
instruct,target_sentence_shuffle,target_shuffle,18,10,3840,29940.43280540851,2695.8123513971987,0.0900391911138379,3956.7238901630853,0.002334190758016498,0.9989476176166404,0.00046409956470856375,0.0010523823833595847,1.4539683480269159,0.786925977689485,0.34175760977686476,0.8259700853345635,9729669.666856641
instruct,target_sentence_shuffle,target_shuffle,19,10,3840,36240.71825766458,3578.1876642141797,0.09873390584518633,5265.224359008512,0.001979035891117648,0.9991074081306968,0.0003895269710638297,0.0008925918693032386,1.2705067207397769,0.5671156120006893,0.24629518089308491,0.8857912782146673,18576478.516728193
instruct,target_sentence_shuffle,target_shuffle,20,10,3840,39608.275667847985,4080.334071938933,0.10301721049803599,6500.762115168946,0.001951908226767851,0.9991191116555971,0.00037807799610633136,0.0008808883444029192,1.188796523489044,0.4414242148758278,0.1917081006990473,0.9164260402338893,30258045.19351359
instruct,target_sentence_shuffle,target_shuffle,21,10,3840,44294.1857457687,4241.0587934018085,0.0957475280783764,6496.933123525907,0.00194078193239685,0.9991248014544496,0.00037753824912354256,0.0008751985455504041,1.2695654319335057,0.5647079088021653,0.24524952867990513,0.8861173581513467,27703070.429088235
instruct,target_sentence_shuffle,target_shuffle,22,10,3840,51261.31819213524,6275.13084275121,0.12241454305234725,8605.902945673159,0.0020641289327248983,0.9990677521850744,0.0004547383365864859,0.0009322478149256241,1.1782614733266765,0.4267608531364944,0.18533988360950357,0.9206445770677079,53076898.399742916
instruct,target_sentence_shuffle,target_shuffle,23,10,3840,58699.85713577078,7440.351251242772,0.12675245927828227,10238.191177120887,0.0022987157679314908,0.9989615788040119,0.000464165828451538,0.0010384211959880707,1.1920249904618725,0.4492744300380796,0.19511740582576653,0.9152005881562162,73207721.9272464
instruct,target_sentence_shuffle,target_shuffle,24,10,3840,62149.46224256492,8670.949031328984,0.13951768395817954,11991.973201458428,0.00291588960542764,0.9986806467204918,0.0006613760411676625,0.001319353279508162,1.1862816137361323,0.4415250448528976,0.19175189060169917,0.9174934756983842,97153662.28162396
instruct,target_sentence_shuffle,target_shuffle,25,10,3840,64676.30974259438,8470.116551679097,0.13096165482213445,11658.47140441213,0.0033787348961055053,0.998472064158802,0.0006854715166920223,0.001527935841198036,1.2618602434700943,0.5555577841815009,0.2412756800484235,0.8889245982750753,92702982.89432798
instruct,target_sentence_shuffle,target_shuffle,26,10,3840,66722.1922357457,8735.351878325548,0.1309212360328544,12360.31968719418,0.003998660582017881,0.9981909830617799,0.0008223765270810712,0.0018090169382201093,1.3038159026737262,0.6110671198181956,0.26538307820955553,0.874040537039344,104070466.89824314
instruct,target_sentence_shuffle,target_shuffle,27,10,3840,67342.18658359704,10101.946848589545,0.15000918979738237,14562.27459365464,0.005626364222586737,0.9974485385981939,0.0012621620804826206,0.0025514614018060655,1.3050474760187183,0.6094076113738764,0.2646623628495159,0.8735428664947574,148369655.06606373
instruct,target_sentence_shuffle,target_shuffle,28,10,3840,66352.67793634789,9581.348717798306,0.1444003319201328,14043.995423828832,0.0076750989231625134,0.9965263605325871,0.0014671626282906686,0.003473639467412859,1.5960125708923198,0.8972925258182206,0.3896891926158843,0.7850191567111001,129172543.6970599
instruct,target_sentence_shuffle,target_shuffle,29,10,3840,68511.7662086075,10046.433694104462,0.14663807766266979,14864.181191856325,0.009483652023655614,0.9957095531635568,0.0016960776540511386,0.004290446836443196,1.8476548816415512,1.0675149396534005,0.46361584764075464,0.7235117805104251,136234650.17693943
instruct,target_sentence_shuffle,target_shuffle,30,10,3840,67705.53311078085,10397.571402832864,0.15357048272288465,15330.488610529193,0.011416394708797663,0.9948306442788153,0.0022496861377592275,0.00516935572118471,1.9521185791046698,1.1284107604695446,0.49006256659217523,0.7014277595012219,144067235.81946194
instruct,target_sentence_shuffle,target_shuffle,31,10,3840,65803.78105738311,10690.668937623099,0.16246283672210987,15769.79408420962,0.013053167208231586,0.994086321091826,0.002557773970423413,0.005913678908173958,2.0154479586889833,1.1584554692980373,0.5031108178467796,0.6884702713571553,150222932.45878732
instruct,target_sentence_shuffle,target_shuffle,32,10,3840,66557.51282636733,11182.380640219719,0.16801079495551288,16558.639726817913,0.016600295620692863,0.9924747016177766,0.003938467013242847,0.007525298382223378,2.293427105226427,1.2818262956221307,0.5566900869471777,0.637850028370551,161150122.013369
instruct,target_sentence_shuffle,target_shuffle,33,10,3840,68096.84314495805,11961.303871534508,0.17565137118136925,17606.440426055662,0.019387257472824715,0.9912054100685888,0.005029829912261593,0.008794589931411245,2.433837426613195,1.3331094081571748,0.5789620597359708,0.6155422693907975,179288977.2019982
instruct,target_sentence_shuffle,target_shuffle,34,10,3840,71483.0976675943,12837.235024184683,0.17958420162315147,18895.905411975225,0.021717491111372916,0.9901477876412621,0.005619908888592938,0.0098522123587379,2.7126448122166624,1.4197570700246938,0.6165926611548531,0.5737145023154305,201914400.90642974
instruct,target_sentence_shuffle,target_shuffle,35,10,3840,78993.73749413414,13439.146682987968,0.17012926732307004,19974.520344137265,0.022737317406419353,0.9896930037967314,0.0059239009672174695,0.010306996203268581,3.3194635387593587,1.5627438193574106,0.6786910173753355,0.4960943369081345,221322412.5449387
instruct,target_sentence_shuffle,target_shuffle,36,10,3840,79800.97001462923,14514.484236243583,0.18188355647284446,21539.677298598792,0.026523263752651002,0.9879632711146746,0.007296186478335682,0.012036728885325365,3.3257480569918045,1.5664664072825154,0.6803077167696082,0.49637986867576955,256645421.17200586
instruct,target_sentence_shuffle,target_shuffle,37,10,3840,84395.41953956625,16268.549133272027,0.19276578304874717,24139.172738103636,0.028144415071676435,0.9872137507758671,0.008458905971444152,0.01278624922413285,2.9742329987763894,1.4850826971848998,0.6449632205573999,0.5382514170742736,325610712.50865203
instruct,target_sentence_shuffle,target_shuffle,38,10,3840,88898.90654405496,17316.253161711593,0.19478589596746398,25761.503585712962,0.03019850624435577,0.9862746329647875,0.010018556644274021,0.013725367035212543,3.0777782956987396,1.504040840707634,0.6531966376764532,0.524507165611777,371760006.54235154
instruct,target_sentence_shuffle,target_shuffle,39,10,3840,94313.2775363812,18417.02113953395,0.1952749561951085,27390.967358835933,0.03179059569119683,0.9855499835472697,0.01090358083654983,0.014450016452730252,3.2910033343703646,1.546156852274565,0.6714873890997448,0.49846205432698026,417972669.656171
instruct,target_sentence_shuffle,target_shuffle,40,10,3840,102646.29669534598,20460.18473001864,0.19932706184953197,30420.646911755128,0.03354263410431424,0.9847436577466013,0.011642636487042377,0.01525634225339867,3.273880859283884,1.5396953106217357,0.668681177215333,0.4991697728205899,515904846.99956346
instruct,target_sentence_shuffle,target_shuffle,41,10,3840,117885.94313328111,21196.523258817273,0.17980534994619857,31702.690796972118,0.02948975439113329,0.9866185215712464,0.008881951926358924,0.01338147842875359,3.98624271575582,1.6515396989903741,0.7172545779156769,0.4096157180687834,554735828.3663354
instruct,target_sentence_shuffle,target_shuffle,42,10,3840,125308.3868000433,24160.05193001912,0.19280474792618407,36102.39551799431,0.03171268177410718,0.9855861640482372,0.011035922639614495,0.014413835951762821,3.380213708035727,1.546890850703145,0.6718061605670027,0.4823899190084306,731283231.442848
instruct,target_sentence_shuffle,target_shuffle,43,10,3840,130451.04006651574,25956.6340378774,0.19897606047941327,38805.68384879402,0.034724648150266726,0.9841999908084753,0.012556052762607014,0.01580000919152469,3.3189564105294633,1.5274760888567416,0.663374436629644,0.48725329255369326,853312964.6284068
instruct,target_sentence_shuffle,target_shuffle,44,10,3840,139906.81237399147,29682.343963120882,0.21215796042708496,44209.696686627976,0.036826219346230475,0.9832074604693595,0.015206742807169308,0.016792539530640527,2.7631232366552,1.3978067815981752,0.6070597720150314,0.5616809693058975,1133714596.2835078
instruct,target_sentence_shuffle,target_shuffle,45,10,3840,153037.16748720518,32234.413702008304,0.21063127494635114,47734.61011703378,0.03714245436401846,0.9830554809877057,0.015535980598350499,0.016944519012294323,2.6756570221974387,1.3806434517356405,0.5996058325646472,0.5761585564304665,1327416369.8383555
instruct,target_sentence_shuffle,target_shuffle,46,10,3840,169230.98000924013,34528.33918611291,0.20403084106838856,50557.253391771155,0.034059055957540926,0.9844760231496954,0.013621025431520765,0.0155239768503046,2.5485504159150616,1.3551276569287496,0.5885244636786389,0.597335523444369,1478840151.3796892
instruct,target_sentence_shuffle,target_shuffle,47,10,3840,194082.4263561079,35616.994447799705,0.18351478346859,51938.51248861462,0.027792474775143492,0.9873676733448233,0.010145957646415418,0.012632326655176662,2.663996484376873,1.399116304933778,0.6076284907736071,0.5815098347760564,1529637268.034175
instruct,target_sentence_shuffle,target_shuffle,48,10,3840,104.34728707648637,96.47866260776178,0.924591959319864,144.26510264478202,0.48880068155620326,0.7446568065248382,0.156962922445963,0.25534319347516177,3.9420662251360774,1.5714235621577441,0.6824605817778598,0.3803551674575698,12431.026523582992
instruct,control,control,0,10,3840,33.090804289724495,47.434391420151194,1.4334614234468546,65.1523084471549,0.7713657918411235,0.5529574448224774,0.35398058424939194,0.44704255517752256,3.629517443501092,1.455251625821866,0.6320077508751721,0.44551104998516244,2729.298975499888
instruct,control,control,1,10,3840,752.1446706636389,529.4283450523052,0.7038916390714762,699.2031434568289,0.3801046624856784,0.8024915805402033,0.20241109863073936,0.1975084194597967,1.5617641401636009,0.7771483917053409,0.3375112581376164,0.7917294219060798,322465.3464014403
instruct,control,control,2,10,3840,762.0766763085747,497.63249495543033,0.6529953092986824,662.7070620207122,0.34300954178520665,0.8255409779517517,0.16969902843835855,0.17445902204824826,1.720688202267872,0.8840732371548264,0.383948128494686,0.749639799329253,286348.8080953077
instruct,control,control,3,10,3840,682.3768576227267,476.0564891300043,0.6976445402742634,652.436672263501,0.4025011814627806,0.7949742854303391,0.18409051499269485,0.2050257145696609,2.020260529054227,1.0696273287159996,0.46453324655427425,0.6845771230185461,267373.60361592245
instruct,control,control,4,10,3840,508.7877324514561,457.7443175469478,0.8996764040308709,634.62060089988,0.5239379339203027,0.7261706389353562,0.18730960538134594,0.27382936106464384,2.399930605256057,1.2169223850746953,0.5285026767424843,0.6147168546163927,247453.6083699874
instruct,control,control,5,10,3840,887.8360670705692,428.597488864375,0.4827439487545708,612.0236238010549,0.2193942502478873,0.8957168841951176,0.06902643174564217,0.10428311580488236,3.590308224923851,1.473130202623421,0.639772318124371,0.43453781764591765,223894.02082681574
instruct,control,control,6,10,3840,983.5600160901658,450.08629115914,0.4576093820368139,639.4614665305535,0.19624774979942833,0.9071758371820261,0.051787077327208025,0.0928241628179739,3.6203069085849267,1.482901603924246,0.6440159837897815,0.43828758854943584,245658.5238935515
instruct,control,control,7,10,3840,1050.1636218596263,619.3846452596905,0.5897982298823926,884.3118779596591,0.2531005829471112,0.8757291576722839,0.10019572546883988,0.12427084232771612,2.9748361472680767,1.349448297412014,0.5860579491797759,0.515463406786762,482879.57986887917
instruct,control,control,8,10,3840,1853.4416954438996,739.7784659580175,0.399137705694508,1025.6259998893524,0.08742282436264068,0.9587124457803569,0.01565747476425598,0.04128755421964314,2.221621788193335,1.1617453708015788,0.5045396039157728,0.6458990421099159,657915.5187413832
instruct,control,control,9,10,3840,2794.888515437826,813.1507198230191,0.29094209494636564,1129.0456721499872,0.04257773423643241,0.9803054435938774,0.006579776381432994,0.01969455640612261,2.07537586004558,1.1190263298858993,0.485986960173894,0.6751004472015744,785886.1546863458
instruct,control,control,10,10,3840,2974.9196255571533,1143.6440866117096,0.38442856633396394,1541.0820759780033,0.045438139698739506,0.978261873596112,0.0028305727785596134,0.021738126403887947,1.5086246812777684,0.7755784092266781,0.33682942341044836,0.8086021859452655,1550672.5776161163
instruct,control,control,11,10,3840,6088.395232480513,1548.9180881107163,0.25440498340966955,2119.640262279536,0.013301603733359762,0.9938791749606691,0.001754217631344547,0.006120825039330868,1.300556564002326,0.578707302553918,0.2513293881362822,0.8747917421342318,3016475.108366633
instruct,control,control,12,10,3840,6277.875724358746,1540.670102909056,0.24541264761440104,2194.53790371899,0.015442671523980956,0.992936202578346,0.0032603718778775595,0.007063797421653972,1.3827092767839746,0.6730829018469096,0.29231619013554083,0.8471874038611118,3157602.1599266566
instruct,control,control,13,10,3840,7158.998493078203,1517.6392900960298,0.21199044692681307,2224.9295727864637,0.014162102468101203,0.9935587560715964,0.0030654299076323687,0.006441243928403617,1.4733974978527993,0.7653136283406059,0.33237148571368125,0.819097827301155,3286407.562108402
instruct,control,control,14,10,3840,12405.660764628528,1780.2987594923738,0.14350696776816807,2664.789974284055,0.005847305255918816,0.9973558703841453,0.001119697460131155,0.0026441296158546956,1.38594214136002,0.6876163826667568,0.2986280006584473,0.846291204133605,4898164.81743346
instruct,control,control,15,10,3840,16735.932553575996,2205.2877083374897,0.13176963406597153,3448.7614742435785,0.0038394035360821543,0.9982654920202011,0.0009014337310107553,0.001734507979798905,1.2708408577083594,0.549065636638551,0.23845617619481863,0.8853785251270825,7908211.253891845
instruct,control,control,16,10,3840,21182.25510211054,2155.1905033140515,0.10174509243349233,3254.5622691437848,0.002997033370460615,0.9986480090562194,0.0007173959286031043,0.0013519909437805788,1.4253415751798035,0.7354119959538077,0.3193853717681952,0.8339843209409684,6687000.493421287
instruct,control,control,17,10,3840,24856.853194960346,2137.970428341875,0.08601130688478871,3212.006372358342,0.0025092304140554634,0.9988690902992385,0.00042812895255710525,0.0011309097007614621,1.5743455534851432,0.8869561093583306,0.3852001439847001,0.7915025785608765,6362280.369537953
instruct,control,control,18,10,3840,29045.443200344816,2726.7876421244746,0.09388004938730297,4097.872776168349,0.002423600955859029,0.9989070532236916,0.0004995466987987748,0.0010929467763084455,1.4018676951292681,0.727082048393433,0.31576772150818105,0.8417637249497872,10639145.789452069
instruct,control,control,19,10,3840,35282.51537563957,3672.777734316812,0.10409625547425232,5344.8387441510995,0.002137043822935928,0.9990357558058769,0.00042776283946218725,0.0009642441941231095,1.2655456839123655,0.560491494267631,0.24341836311414022,0.8875996840326165,18993320.543710258
instruct,control,control,20,10,3840,38227.88111839507,4156.222047526942,0.10872227091673645,6117.829216385089,0.0021196732410403403,0.9990436341113164,0.00040677783161952074,0.0009563658886836413,1.2416133221908479,0.5268724580941496,0.22881780121709144,0.8963514477837093,24728032.862940527
instruct,control,control,21,10,3840,43143.138987476246,4833.844218308506,0.11204201483141255,6798.314737184965,0.0021089977096463257,0.9990484724920747,0.0004229045175207576,0.000951527507925265,1.2484759405187447,0.5388749668434532,0.23403042453590947,0.8938687997041116,29848425.094411332
instruct,control,control,22,10,3840,50110.73490379452,7082.67719752001,0.14134051737851666,9604.544565326865,0.0022148621121812683,0.9989982448845833,0.0005130435409615148,0.0010017551154166693,1.13837678224309,0.35520945319873853,0.15426550544408352,0.9368838130426784,66437854.29504224
instruct,control,control,23,10,3840,58064.30749583914,8317.024720213547,0.14323816263217368,11246.271090137207,0.0024851062901790327,0.9988757745358023,0.0005239001042625836,0.001124225464197659,1.156606068706594,0.3873813154135227,0.16823756767651601,0.9293424153664653,90754857.08363728
instruct,control,control,24,10,3840,59773.92367333641,9593.381928592571,0.16049443200383262,13201.263143408156,0.0033603571904810793,0.998476276018177,0.000779724061184759,0.0015237239818229886,1.1556475256600127,0.3866915644517137,0.1679380126399149,0.92974979352201,121361656.60861172
instruct,control,control,25,10,3840,63428.3381571606,9946.287037262402,0.1568114083742479,13716.15182190261,0.0037596934615441568,0.9982948216288665,0.0008294382831467735,0.0017051783711334867,1.1835219612800842,0.43226163617598057,0.1877288433296994,0.918494298222748,133825470.28389257
instruct,control,control,26,10,3840,65451.168005327025,10196.80433764221,0.1557925495968582,14542.381493584424,0.0042898737205875415,0.9980529109562655,0.0009672245139073757,0.001947089043734529,1.2006354808327206,0.45916256926751886,0.19941177012940306,0.9117758274180542,151616558.39860547
instruct,control,control,27,10,3840,66561.63477680655,11616.734218721773,0.1745259751758626,16859.740058464216,0.0057880069171389655,0.9973655962498326,0.0013586367683952028,0.0026344037501674356,1.210176021630058,0.4720007977461092,0.20498734191506804,0.9080646739937513,206498159.73935342
instruct,control,control,28,10,3840,65625.74676536833,10723.53194347597,0.1634043416193922,15651.114971719926,0.007805555549104571,0.9964580861085099,0.001607262254864365,0.003541913891490056,1.4077682439337595,0.7225088300212423,0.31378159800460004,0.8394403359943374,170107479.14158666
instruct,control,control,29,10,3840,67762.58562116664,11160.562756333533,0.16470095782247374,16359.084639422808,0.009641786066129579,0.9956265371792886,0.0018624622727523488,0.004373462820711382,1.5625901190090914,0.8693115521077994,0.37753721013516844,0.7940188340169334,177534332.07925162
instruct,control,control,30,10,3840,66782.2718494665,11688.892012947594,0.17502986480147684,17161.080456514163,0.011927367723704573,0.9945822608248133,0.002538358610018033,0.005417739175186731,1.6213334979925098,0.9188994200242249,0.3990729475406193,0.7784433730040723,192112984.88038287
instruct,control,control,31,10,3840,65881.6058856539,12408.98219028195,0.1883527583073696,18323.979449428716,0.013723327999215074,0.9937589737878934,0.003042819813404889,0.006241026212106648,1.6178248360453256,0.9143084484351223,0.3970791139128974,0.7793352951046184,211268874.5998361
instruct,control,control,32,10,3840,66356.89637069202,12812.082489873597,0.19307838658247337,18990.08218408528,0.017816314545137855,0.9918986857290328,0.00467139076553289,0.008101314270967164,1.8298951481605013,1.0617384223221487,0.46110713803917347,0.7283560045203673,216961593.55418825
instruct,control,control,33,10,3840,68635.20974762857,13717.497452146246,0.19986093875993732,20083.249765988807,0.020648022340226623,0.9906049607241831,0.006023603299616581,0.009395039275816863,1.9161135642463647,1.1136107294510549,0.4836349947888482,0.7102610928143687,239403298.09561485
instruct,control,control,34,10,3840,71714.27536666514,14505.288777943224,0.20226501214409118,21233.683357842612,0.02371451198005454,0.9892074941663997,0.007168841549303858,0.010792505833600252,2.108556710950492,1.2111496169759317,0.5259955954118841,0.6724459660964106,263413357.18444526
instruct,control,control,35,10,3840,79304.52339017947,14492.346815591198,0.18274300375387958,21477.974106196147,0.0239496798554616,0.9891235354498624,0.006856177142169965,0.010876464550137577,2.7008377513424513,1.425335229413689,0.6190152249966706,0.577566764953313,263229023.91621318
instruct,control,control,36,10,3840,79915.30990120085,15604.816733805852,0.1952669238609981,23112.537329769948,0.027993576893896678,0.9872715630162041,0.008245392548862808,0.012728436983795888,2.760171378488628,1.4406590500855874,0.6256702757561511,0.5687350864830666,302622192.05319065
instruct,control,control,37,10,3840,84487.75573746074,17392.23748759852,0.20585512463656355,25726.962320714836,0.029547773207279478,0.9865549646712996,0.009148743793362417,0.01344503532870045,2.5981236110750743,1.3861088401332613,0.601979420587192,0.5904979519415355,375570777.3828819
instruct,control,control,38,10,3840,88461.68170954174,18459.570731365002,0.20867307035803162,27410.555103008406,0.032289878724692835,0.9852967091018584,0.011084975760411052,0.014703290898141597,2.6745639592038226,1.402940581443678,0.6092893529591289,0.5786412589910955,427645904.3771849
instruct,control,control,39,10,3840,93299.35711719478,19599.99610604278,0.21007643258916478,29086.835709067156,0.03483278131236947,0.9841359895125172,0.01240974954835228,0.01586401048748276,2.884332009954961,1.4514339867188806,0.6303497712788475,0.5484383887236645,479403169.4931891
instruct,control,control,40,10,3840,101225.53660282945,21361.585117849016,0.21102960611277133,31657.202367888258,0.03626182878775607,0.983483527994823,0.012757882513740647,0.01651647200517703,3.0192177450489583,1.4802795574047753,0.6428772434550818,0.5293713315406918,563865840.1855056
instruct,control,control,41,10,3840,116363.45067845208,21867.901422385,0.18792757773068042,32592.882767167604,0.03175108744024213,0.9855781747156213,0.009784084684660016,0.014421825284378742,3.6808986890128046,1.6018986877320256,0.695695760650079,0.44334133312363944,590547489.8481535
instruct,control,control,42,10,3840,122511.9749076831,24857.05479131775,0.20289489913168388,36979.57275186729,0.03476162458415634,0.9841745340574093,0.012389330943427397,0.01582546594259071,3.0972244568201144,1.4873341295168754,0.6459410051955554,0.5162110612329087,777559497.490891
instruct,control,control,43,10,3840,127981.4453101306,26562.48605604358,0.20754950838128236,39611.64838601248,0.03776747718522097,0.9827886262912428,0.014076006120515235,0.01721137370875725,3.116121003822321,1.4839388433956935,0.6444664511686434,0.5114372488553817,900144944.9237776
instruct,control,control,44,10,3840,137224.26512188392,30623.93032991246,0.22316702007995443,45345.502780314135,0.04014680635537566,0.9816554078406308,0.0168927161216009,0.018344592159369233,2.5993831365952413,1.3497442402671131,0.5861864755287041,0.5850561920132242,1209898904.8563375
instruct,control,control,45,10,3840,149869.23154441037,33417.397311931425,0.22297703783200443,49182.80040568799,0.04055255996013605,0.9814608363175263,0.01717476127035876,0.01853916368247366,2.527404676950066,1.3338022723377925,0.5792629668263215,0.5977716978659492,1429835707.599355
instruct,control,control,46,10,3840,167687.57179370362,36195.48267099838,0.21585071740157108,52777.898815358625,0.036622418372961096,0.983272883514989,0.015140328792594386,0.016727116485011018,2.356258948542041,1.2860473796536172,0.5585232804497022,0.6272089618956068,1647387627.0297017
instruct,control,control,47,10,3840,193551.28876926043,38620.263099529286,0.1995350345900818,55925.4151570335,0.029534078310057017,0.9865448715109512,0.011245122962200491,0.01345512848904884,2.2909401120561097,1.269866742697213,0.551496119105856,0.6390938976994298,1823623376.384804
instruct,control,control,48,10,3840,108.35836240965916,101.07085140270256,0.9327462057851483,151.96283124497805,0.4779787773705647,0.7492842269336445,0.14803598675569793,0.2507157730663555,3.900675040457131,1.548893125765082,0.6726757375776545,0.3680394159884044,14117.647731743044
instruct,question_only,question_only,0,10,3840,33.090804289724495,47.434391420151194,1.4334614234468546,65.1523084471549,0.7713657918411235,0.5529574448224774,0.35398058424939194,0.44704255517752256,3.629517443501092,1.455251625821866,0.6320077508751721,0.44551104998516244,2729.298975499888
instruct,question_only,question_only,1,10,3840,758.5760985385833,512.6158825368235,0.6757606567414801,679.2342191205227,0.3620921148746542,0.8138159280946822,0.1919100501356695,0.18618407190531783,1.6290667740628002,0.8233845268320366,0.35759135648767343,0.773211409706949,304044.8110226924
instruct,question_only,question_only,2,10,3840,765.6183354787204,476.8060050262264,0.6227724480084348,637.9331697961558,0.3247283290591228,0.8366164521577479,0.15998043116536884,0.16338354784225206,1.8213322971819892,0.9401207823945587,0.40828926811652455,0.7251760047705242,264928.8220125785
instruct,question_only,question_only,3,10,3840,697.7123766484409,447.8591592226077,0.6418965381895061,615.6008508519419,0.3593794906420329,0.8199950004659262,0.16031415771223767,0.18000499953407378,2.217754806156234,1.1492372475820611,0.49910739502257034,0.6464219186238448,237657.16765262638
instruct,question_only,question_only,4,10,3840,521.6428897021325,429.8106121308597,0.823955661269127,600.7108797106798,0.478939706837185,0.7539622400471742,0.17605175950435725,0.24603775995282584,2.7605902607975565,1.3189286951752945,0.5728034543384865,0.5586259424653578,220977.6486349978
instruct,question_only,question_only,5,10,3840,1015.0137275203273,425.5395242912864,0.4192450927051761,612.9806277985792,0.1761230024045557,0.9172379730531572,0.0605409349124775,0.08276202694684276,3.638680200112108,1.4959552472918944,0.6496851090730842,0.4309495530017558,221263.54577079718
instruct,question_only,question_only,6,10,3840,1054.154903531522,453.6743486507054,0.43036782083055497,652.7055963218562,0.18226753020237244,0.9142015265027441,0.05727131874144788,0.08579847349725589,3.855090850238029,1.5253259393481942,0.6624406385628149,0.40416776619756917,252886.43808800023
instruct,question_only,question_only,7,10,3840,1115.2494937829915,572.9541763908853,0.5137452916005286,832.4995290930271,0.22034448685477287,0.8942987204372714,0.07974202225543618,0.10570127956272857,3.712745141343627,1.4943570297294366,0.6489910120048279,0.40125551393035025,415303.89988804
instruct,question_only,question_only,8,10,3840,1929.1352456537413,693.163907953826,0.3593132775503916,984.708152657345,0.08229944264136194,0.9616597662632552,0.019079425835638417,0.03834023373674478,2.6730043348571524,1.3150942751385584,0.5711381868752327,0.5708992078819111,591321.8886414792
instruct,question_only,question_only,9,10,3840,2965.0942867180543,831.5024278246134,0.2804303497360181,1160.610752568389,0.038543637063754126,0.9822006483768442,0.005226869625753117,0.017799351623155824,2.1244779215965397,1.1637378257821882,0.5054049161192922,0.6671742484819618,806957.8043360268
instruct,question_only,question_only,10,10,3840,3336.551962470601,1102.1524973071469,0.3303267893634244,1525.0701743645461,0.037165320030764004,0.9825869727926001,0.0031180331275550963,0.0174130272073999,1.646387487665287,0.9026063116970833,0.3919969405010898,0.7716527531954078,1443985.426676727
instruct,question_only,question_only,11,10,3840,6471.98130551052,1302.1393457671995,0.20119640096279368,1842.5765927901791,0.012862150769512167,0.9941489012687008,0.002168956869034169,0.005851098731299187,1.5316721799505926,0.833046828141903,0.361787640629035,0.8028412827943281,2224764.490843433
instruct,question_only,question_only,12,10,3840,6835.280921161121,1255.9925945146208,0.18375142280198528,1850.9606561584758,0.013705601977529796,0.9937796779392862,0.0023577764460630266,0.006220322060713768,1.7970082365213185,1.0401557405558506,0.4517338984433963,0.736506185075811,2045853.2321900204
instruct,question_only,question_only,13,10,3840,7925.911778886963,1466.312763111744,0.18500240780091784,2165.190902008312,0.012321957194475666,0.9944067656166276,0.002036792286754132,0.005593234383372447,1.617827467681245,0.9223276150949494,0.4005617937427229,0.7802552069476454,2913202.4193794737
instruct,question_only,question_only,14,10,3840,13426.860238725778,1713.4676253735895,0.12761491479829382,2647.1450001399817,0.00574184603927398,0.9974069217889078,0.0011319968473223003,0.0025930782110922257,1.5492778355764274,0.8735935800139701,0.3793968712261741,0.7987174184869875,4342055.072614767
instruct,question_only,question_only,15,10,3840,18115.87650333231,2055.0229050314597,0.11343767466362724,3125.994693419027,0.0037641235222925546,0.998301817346358,0.0007457170752221011,0.0016981826536419664,1.4613962010558044,0.7966097354673953,0.34596321234389893,0.8238917340649466,5967157.881625125
instruct,question_only,question_only,16,10,3840,22127.448983331004,2198.9362734489205,0.09937595043628472,3363.628593933007,0.0030674008917025136,0.9986166935368035,0.0005814287584926869,0.0013833064631965097,1.4887274224529834,0.8307641489172972,0.3607962856378335,0.8161336133636625,6856632.491789684
instruct,question_only,question_only,17,10,3840,24536.992709981732,2180.7618286858233,0.08887649168998131,3308.070346732002,0.0030038463426645856,0.9986458414717443,0.0004816019526881695,0.0013541585282557111,1.6716417004729123,0.9940838080070747,0.43172511236684413,0.7678545588956119,6607985.200802293
instruct,question_only,question_only,18,10,3840,30014.89524123343,3344.1861375751882,0.11141755154224428,5111.838307146803,0.0026147469617742985,0.9988191195902466,0.0005280868138021625,0.0011808804097533931,1.2503811889854637,0.5484440064000503,0.23818620561245354,0.8932964886224057,17672365.967064455
instruct,question_only,question_only,19,10,3840,36941.04132611899,4781.672825909162,0.1294406615042631,7126.234745031213,0.002242423791772125,0.9989856569043214,0.0004698423869038134,0.0010143430956786048,1.146661933850583,0.375902113909298,0.1632522138065757,0.9335009294142343,35836725.43752112
instruct,question_only,question_only,20,10,3840,40884.926803950795,5388.130117102719,0.13178769141350286,8027.051319872738,0.002165572279336719,0.9990202793890821,0.0004634217013197696,0.000979720610917889,1.1358476796806702,0.3538328381544655,0.15366764912665073,0.9379718630270726,45959571.72885167
instruct,question_only,question_only,21,10,3840,44444.596080251875,6434.525404822696,0.1447763276598155,9264.73603384667,0.002214187202567408,0.9989979103054936,0.00043373275495388086,0.0010020896945064361,1.1239720198073977,0.3307618640943374,0.14364805240020403,0.942972401201768,59736483.71007989
instruct,question_only,question_only,22,10,3840,51334.96510036428,9164.7744412418,0.17852889201977398,12366.982978721077,0.002295567838285385,0.9989573194314664,0.0005154858394794286,0.0010426805685336271,1.0819529091873104,0.2400617217424759,0.10425748106895116,0.9612603665184918,116013414.54948537
instruct,question_only,question_only,23,10,3840,57315.379872316975,10637.027443694664,0.18558766368453036,14053.055271805386,0.0026858130078620296,0.9987795639929373,0.000539799290344263,0.0012204360070626752,1.0944597323614234,0.26782340286366574,0.11631422598824159,0.9557093161537714,149970703.32649085
instruct,question_only,question_only,24,10,3840,59123.05081388258,11235.455490664774,0.19003511043490665,15214.757681140745,0.003439462805013855,0.9984347174037784,0.0007028825818749454,0.0015652825962215733,1.1123266920673265,0.3061632655698027,0.13296501679844516,0.9479378868551284,167668266.76792014
instruct,question_only,question_only,25,10,3840,63130.25387824192,11134.551433201308,0.17637425400943735,15418.043011661865,0.003813820344227703,0.9982668300404246,0.000763344178290203,0.001733169959575398,1.1461999263774234,0.3713231247789248,0.16126358409455968,0.9336442651462746,168629283.88826507
instruct,question_only,question_only,26,10,3840,64766.22570890863,10322.428676669422,0.15937980890014355,14702.72112661689,0.004358646480829748,0.9980218185283578,0.000852691141163233,0.001978181471642193,1.2048538650694631,0.4715058884740472,0.20477240554916873,0.9102327746580164,155077076.2563009
instruct,question_only,question_only,27,10,3840,64237.222243013006,10701.022681696668,0.16658601209769158,15732.951979276158,0.006112011806352379,0.9972243055459525,0.0011583389990540832,0.0027756944540474615,1.2724172329973866,0.5706135383194743,0.2478143109914374,0.8851151022150563,176160263.4825857
instruct,question_only,question_only,28,10,3840,62878.76749702891,10287.639101549894,0.16361069898572672,15342.289104051102,0.008272236427632583,0.9962522036967767,0.001296641700457564,0.0037477963032233053,1.4898549826072238,0.8163546817726453,0.35453833356974496,0.8150537197117421,154264610.13677222
instruct,question_only,question_only,29,10,3840,64396.3114135528,10843.053847997537,0.1683800455334079,16289.94182863783,0.010512484643934453,0.9952376030889543,0.0015708151902332427,0.004762396911045741,1.6670587736146232,0.9681451262393319,0.420460086007269,0.7674551552650588,166281532.4275036
instruct,question_only,question_only,30,10,3840,63819.881040729466,11239.623462918542,0.17611476674087628,16847.255446396946,0.012561811894970357,0.9943035994714069,0.002049581327386621,0.005696400528593104,1.7555127531145587,1.0331060872257576,0.44867227290280604,0.7462238893439558,175898927.22217938
instruct,question_only,question_only,31,10,3840,62246.008030810124,11586.109227417837,0.18613417300082954,17392.77034585854,0.014346532019868376,0.9934853872388055,0.0024833139628809018,0.0065146127611944715,1.7588347106567104,1.0389222379287908,0.45119819505905107,0.7457326028208395,186554518.443988
instruct,question_only,question_only,32,10,3840,62725.851259644354,12046.537119652432,0.1920505960100498,18234.198082596668,0.018523914068474454,0.9915834930082534,0.004067809318950488,0.008416506991746564,1.976126525991661,1.1755678629419997,0.5105426359785087,0.6995560661377841,195622862.08096823
instruct,question_only,question_only,33,10,3840,63347.00714829778,12609.952010384368,0.19906152757720638,19075.27603691048,0.021814176433148518,0.9900863742940175,0.005159337272519429,0.009913625705982532,2.163522565417354,1.266498729642964,0.5500334096214176,0.6643738500015475,208166360.9515486
instruct,question_only,question_only,34,10,3840,65937.32160672481,13330.229415881058,0.20216516368965667,20116.707523022018,0.02470331487875715,0.9887773952749048,0.005686444297087547,0.011222604725095175,2.49691490554998,1.3985755233856842,0.6073936323313549,0.6103011098559653,225166853.49757943
instruct,question_only,question_only,35,10,3840,73697.06022634332,14115.676536837447,0.19153649404039239,21176.155153334745,0.024842259988877707,0.9887278402018808,0.005767264427475331,0.011272159798119241,3.044389806292352,1.5550028496437425,0.6753291569441092,0.5375602951708697,243663213.30764136
instruct,question_only,question_only,36,10,3840,74639.17105756054,14717.903490754083,0.19718739211886302,22105.32274292857,0.028343458804987117,0.987128612345699,0.006829169186952654,0.012871387654300959,3.2720871716916493,1.6120863814956028,0.7001202198349207,0.5127879543029243,263862456.13962615
instruct,question_only,question_only,37,10,3840,78295.09376378471,16161.446331446432,0.20641710169228877,24272.605903994416,0.030911738792972827,0.9859534192544851,0.007477643858295924,0.014046580745514903,3.2381317190300822,1.609587483577426,0.699034962258217,0.517624590330385,317131194.91536176
instruct,question_only,question_only,38,10,3840,83027.27933491439,17206.69040364673,0.2072414095882704,25890.82607423285,0.03289504320384558,0.9850447869375623,0.009151648195931122,0.014955213062437744,3.3323371160579267,1.625887979922161,0.7061141778730196,0.5070222278239535,361758005.5519418
instruct,question_only,question_only,39,10,3840,87665.39128230547,18109.72954751703,0.2065778670764038,27280.320824820807,0.03484646023581453,0.9841567316472336,0.010391644139769535,0.015843268352766393,3.6433432137242057,1.6775834010287556,0.7285652139992784,0.4734405744415935,400689082.4763223
instruct,question_only,question_only,40,10,3840,94912.42030986756,20032.667143268307,0.211064759257705,30099.467770232717,0.03644419974041896,0.9834245381725785,0.010776396640364887,0.016575461827421534,3.6871589566962277,1.6790100393278196,0.7291847951402338,0.46689042305364453,486441466.9451693
instruct,question_only,question_only,41,10,3840,109224.24082894636,20937.983568412532,0.19169722224211233,31403.83720405525,0.0322639557005435,0.9853557958058102,0.008227068861426459,0.01464420419418977,4.547233066972096,1.7945996548549328,0.7793847273289775,0.37985255059671436,523990648.8669093
instruct,question_only,question_only,42,10,3840,114154.75486094129,23400.277698425278,0.20498732380381834,35222.13099862202,0.03538282408318767,0.9839123784693393,0.010791458882709425,0.01608762153066068,3.8166253269518764,1.6870273214211686,0.732666656513237,0.44899356047056554,669797494.1362758
instruct,question_only,question_only,43,10,3840,118072.06022939361,25279.417648744507,0.21410160540631684,38084.77540761924,0.03917189768434707,0.9821693023118853,0.012839220480642304,0.01783069768811474,3.7526583861300424,1.6667957399618178,0.7238801923252649,0.4522621610393711,788028019.6717051
instruct,question_only,question_only,44,10,3840,124594.89178000469,28293.533343412033,0.22708421620823344,42720.7318556078,0.04310321784238005,0.9803375937788708,0.015974217566205724,0.019662406221129247,3.2962167477891144,1.5767259952567891,0.6847633992134363,0.5008837569095541,1007320626.8678371
instruct,question_only,question_only,45,10,3840,136884.1537392937,30353.923913374223,0.22174899785102653,45732.47663731795,0.04278229101042377,0.9804853102617097,0.01604154468154882,0.019514689738290292,3.3085389883076646,1.5857013221028062,0.6886613341359397,0.5016561201276886,1154136624.5999908
instruct,question_only,question_only,46,10,3840,157258.89950495106,32878.4716524762,0.20907224809519329,49075.039438346,0.03727064116305907,0.9830110691084677,0.013975019951021649,0.016988930891532306,2.9071564927876588,1.5064002270845183,0.6542213061606117,0.5529856482035829,1346074229.318408
instruct,question_only,question_only,47,10,3840,175521.26449074576,33187.97603097015,0.1890823663290095,49494.06190656618,0.03186331197202047,0.9855198361822447,0.010254206777776836,0.014480163817755298,3.442541946768138,1.6370445724428448,0.7109594244415957,0.4936776876401956,1329935490.6981668
instruct,question_only,question_only,48,10,3840,118.54827034361018,117.1526101702298,0.9882270726571036,176.9882876970348,0.5101861345604852,0.7299440433961781,0.14238564059350503,0.27005595660382187,4.154593071298971,1.6387533611346348,0.7117015419411786,0.3559748212593957,18475.979763039897
