condition,condition_family,layer,centroid_norm_base,abs_disp_l2_mean_base,rel_disp_l2_mean_base,pairwise_l2_mean_base,pairwise_cosine_distance_mean_base,cos_to_centroid_mean_base,cos_to_centroid_std_base,angular_disp_to_centroid_base,effective_rank_pr_base,spectral_entropy_base,spectral_entropy_norm_base,top1_pc_variance_share_base,cov_trace_base,centroid_norm_instruct,abs_disp_l2_mean_instruct,rel_disp_l2_mean_instruct,pairwise_l2_mean_instruct,pairwise_cosine_distance_mean_instruct,cos_to_centroid_mean_instruct,cos_to_centroid_std_instruct,angular_disp_to_centroid_instruct,effective_rank_pr_instruct,spectral_entropy_instruct,spectral_entropy_norm_instruct,top1_pc_variance_share_instruct,cov_trace_instruct,centroid_norm_instruct_minus_base,centroid_norm_instruct_over_base,abs_disp_l2_mean_instruct_minus_base,abs_disp_l2_mean_instruct_over_base,rel_disp_l2_mean_instruct_minus_base,rel_disp_l2_mean_instruct_over_base,pairwise_l2_mean_instruct_minus_base,pairwise_l2_mean_instruct_over_base,pairwise_cosine_distance_mean_instruct_minus_base,pairwise_cosine_distance_mean_instruct_over_base,cos_to_centroid_mean_instruct_minus_base,cos_to_centroid_mean_instruct_over_base,cos_to_centroid_std_instruct_minus_base,cos_to_centroid_std_instruct_over_base,angular_disp_to_centroid_instruct_minus_base,angular_disp_to_centroid_instruct_over_base,effective_rank_pr_instruct_minus_base,effective_rank_pr_instruct_over_base,spectral_entropy_instruct_minus_base,spectral_entropy_instruct_over_base,spectral_entropy_norm_instruct_minus_base,spectral_entropy_norm_instruct_over_base,top1_pc_variance_share_instruct_minus_base,top1_pc_variance_share_instruct_over_base,cov_trace_instruct_minus_base,cov_trace_instruct_over_base
target,target,0,33.10863497389326,47.64500221765639,1.4390506360417417,59.545789678247665,0.7007105578539526,0.5534406448713828,0.35116718606662145,0.4465593551286172,3.666559421080564,1.4604499442481123,0.3171326759414334,0.4408295020844532,2507.835901396975,33.090804289724495,47.434391420151194,1.4334614234468546,59.22937131559537,0.701241628946479,0.5529574448224773,0.35398058424939194,0.44704255517752267,3.629517443501097,1.4552516258218668,0.31600387543758623,0.44551104998516183,2481.1808868180815,-0.01783068416876432,0.9994614491299981,-0.21061079750519696,0.995579582585723,-0.005589212594887094,0.996116041745927,-0.31641836265229273,0.9946861337407222,0.0005310710925263695,1.0007579036530463,-0.0004832000489054522,0.9991269162205879,0.002813398182770488,1.0080115634187665,0.0004832000489054522,1.0010820511144933,-0.037041977579467034,0.989897346987618,-0.005198318426245407,0.99644060486447,-0.0011288005038471716,0.9964406048620104,0.004681547900708627,1.010619860688909,-26.655014578893315,0.9893713083204343
target,target,1,774.0249013993924,508.39366207267545,0.6568182252967939,622.36095012038,0.32051174005621547,0.820997501679662,0.18076246486071357,0.179002498320338,1.7903726917000575,0.9261859287003937,0.2011187190255098,0.7323909854383167,274473.0378465361,737.7752590642463,525.9245799328423,0.7128520148532705,633.2840878491702,0.3535868252223957,0.7973476203467834,0.21097855295072493,0.20265237965321659,1.5553564520373993,0.773028603112053,0.16786102834247177,0.7934302220760011,289959.6068935339,-36.24964233514618,0.9531673434929421,17.53091786016688,1.0344829591082898,0.05603378955647664,1.0853109542294925,10.923137728790152,1.0175511296566346,0.03307508516618024,1.1031946135866222,-0.023649881332878597,0.9711937231410998,0.03021608809001136,1.1671590842276198,0.023649881332878597,1.132120398059603,-0.23501623966265828,0.868733342084007,-0.15315732558834072,0.834636522923553,-0.03325769068303802,0.8346365229203042,0.0610392366376844,1.0833424193500563,15486.569046997814,1.0564229155931035
target,target,2,762.3385864382316,479.61198164289823,0.6291325011944127,591.6766251531644,0.30759037764706976,0.8304952276982953,0.1622929543060285,0.1695047723017047,2.002681949663289,1.0328657726067143,0.22428395279491742,0.6846743814781304,246327.6706232976,752.9018910330196,494.87362687347996,0.6572883303487093,601.0092771058263,0.31494619219550746,0.823503086793698,0.175174129659764,0.176496913206302,1.7000612288703263,0.8744511617023503,0.18988465711060942,0.7547111360216685,257899.8507198983,-9.436695405211935,0.987621385598094,15.261645230581735,1.0318208172746275,0.028155829154296597,1.0447534169666928,9.332651952661877,1.01577323077491,0.0073558145484377,1.0239143194389972,-0.0069921409045973215,0.9915807572730219,0.012881175353735508,1.07936989875954,0.0069921409045973215,1.0412504073402171,-0.30262072079296254,0.8488922712641959,-0.15841461090436404,0.8466261395172299,-0.034399295684307996,0.8466261395142749,0.07003675454353808,1.1022920623833403,11572.1800966007,1.0469788069984949
target,target,3,773.2772899296717,492.6939075831874,0.6371503650753748,618.3023638836257,0.31680369470191677,0.8261720935352789,0.1487851293741974,0.17382790646472113,2.154618649418548,1.1242694375569517,0.24413200645172833,0.6567579518743348,260782.59907565676,668.9205010173398,462.3456671253324,0.691181786807498,577.9305784623353,0.3608950330180824,0.7981840972119183,0.1806630928840279,0.2018159027880817,2.046679395507424,1.0866947552444144,0.23597276785792698,0.679137022158067,229243.18129981362,-104.35678891233192,0.8650460963080606,-30.348240457855013,0.9384034590427082,0.054031421732123164,1.084801680565068,-40.37178542129038,0.9347054325205686,0.04409133831616563,1.1391755811323867,-0.027987996323360576,0.9661232852775709,0.03187796350983049,1.2142550377359458,0.027987996323360576,1.1610097992400306,-0.10793925391112413,0.9499033140081643,-0.037574682312537355,0.9665785788901687,-0.008159238593801355,0.9665785788870692,0.022379070283732205,1.0340750655836448,-31539.417775843147,0.8790585802594402
target,target,4,605.2961387385261,497.8932268700045,0.8225613794722751,627.1920802894991,0.4336189418813335,0.7543208549938882,0.17702836391698473,0.24567914500611177,2.368234879598704,1.2053477591587205,0.261737940288541,0.6187016023342745,266238.2401208251,512.8555821370802,443.85378968839456,0.8654557055591467,560.9795825027801,0.45958349747243965,0.7374105371533378,0.18652442684080814,0.2625894628466622,2.4661938699290893,1.2426428405114818,0.26983646430535957,0.6036635636046767,212081.1069590732,-92.4405566014459,0.8472804455780959,-54.03943718160997,0.8914638033513155,0.042894326086871604,1.0521472648197254,-66.21249778671904,0.894430271255725,0.025964555591106164,1.0598787393313458,-0.016910317840550415,0.9775820624213486,0.009496062923823406,1.0536414770642224,0.016910317840550415,1.0688309047927569,0.09795899033038546,1.0413637140358067,0.03729508135276127,1.0309413454070389,0.008098524016818542,1.0309413454039555,-0.015038038729597858,0.9756941978591341,-54157.13316175193,0.7965839424976136
target,target,5,951.722015646848,461.89320250475635,0.48532365009001627,603.0038104362962,0.20079133275798355,0.8949857430139673,0.06737462758717488,0.10501425698603273,3.5813620694972674,1.4901947308287333,0.32359167428011026,0.4401631239488082,235763.13432099143,884.6083565766402,422.40014113413764,0.4774996053268026,551.6028718171847,0.19660300412346562,0.8973035447142498,0.06973476592646628,0.10269645528575022,3.573822363550964,1.4861072865627871,0.32270409703521646,0.4382071952931288,197828.72916476117,-67.11365907020786,0.929481867639056,-39.493061370618705,0.9144974181121166,-0.007824044763213689,0.9838787069973896,-51.40093861911157,0.9147585177249179,-0.004188328634517929,0.9791408893104697,0.002317801700282507,1.0025897638229124,0.0023601383392913983,1.035030076198976,-0.002317801700282507,0.9779286949431188,-0.007539705946303599,0.9978947378676069,-0.004087444265946205,0.9972571072878036,-0.0008875772448938002,0.9972571072853911,-0.0019559286556793953,0.9955563550187307,-37934.40515623026,0.8390995044009613
target,target,6,1089.5776179294041,505.8227882282245,0.46423749892134564,660.1833951242111,0.1735871618374233,0.9095087484366221,0.04829255524970988,0.0904912515633779,3.647910380038697,1.518285445528502,0.3296914954735243,0.4307827443357187,281798.07986480766,1008.2248716994798,446.5451997754575,0.44290238448765246,584.3123639166575,0.17220827566506258,0.9106400437479671,0.05431595171021502,0.08935995625203286,3.7191305886393313,1.5438041090749353,0.33523280285540513,0.4307989898550798,221144.5021486245,-81.35274622992438,0.9253355200297477,-59.27758845276702,0.8828095731700759,-0.02133511443369318,0.9540426732346713,-75.87103120755353,0.8850758262508562,-0.0013788861723607049,0.9920565198557472,0.0011312953113450375,1.001243853137519,0.006023396460505141,1.124727226137337,-0.0011312953113450375,0.9874982907984181,0.07122020860063438,1.0195235631306434,0.025518663546433284,1.0168075532967606,0.005541307381880856,1.0168075532943466,1.6245519361079985e-05,1.000037711627438,-60653.57771618315,0.784762274656798
target,target,7,1192.5021184011314,685.5611047624452,0.5748929869253592,893.9743356795192,0.20769567746683862,0.888570376761463,0.05868853488074223,0.111429623238537,3.0268665961561507,1.4000394453523015,0.3040147027816969,0.508451241311317,532476.9275167831,1032.440033189732,608.670351774008,0.5895454769353677,794.0988811557398,0.22229950812384433,0.8802407645570534,0.07319844148127133,0.11975923544294664,3.160423918041433,1.4331829707903598,0.3112117278859813,0.49312340914389974,418326.6735860624,-160.06208521139934,0.8657762676128355,-76.89075298843716,0.8878425971743517,0.014652490010008568,1.02548733476007,-99.87545452377935,0.888279282147553,0.014603830657005712,1.0703135993683215,-0.008329612204409642,0.9906258272577588,0.014509906600529102,1.2472357953519653,0.008329612204409642,1.0747522244197463,0.13355732188528213,1.0441239538121183,0.03314352543805832,1.0236732797401251,0.0071970251042843825,1.0236732797374892,-0.015327832167417288,0.9698538799337848,-114150.25393072073,0.7856240373398661
target,target,8,2083.4088884229714,865.33812701412,0.4153472377998416,1098.4632850784012,0.07894841035038543,0.9587328908534704,0.014601604422631222,0.041267109146529646,2.036689207907814,1.1182686637213721,0.2428289549697575,0.6816884803954827,829998.7279383909,1827.5006240863402,725.7708948201252,0.3971385209145821,930.3183506016128,0.08219476368318547,0.9573817257214311,0.018491686241133686,0.0426182742785689,2.3741177574572907,1.2582646799518924,0.273228703638434,0.6199070768384906,580783.9092408931,-255.9082643366312,0.8771684877804564,-139.56723219399476,0.8387136451787034,-0.01820871688525949,0.9561602552537245,-168.14493447678842,0.8469271237729279,0.003246353332800045,1.0411199328441332,-0.001351165132039256,0.9985906761456416,0.003890081818502464,1.2664146832526677,0.001351165132039256,1.0327419380458382,0.33742854954947665,1.1656750319283784,0.13999601623052027,1.1251899662139477,0.03039974866867648,1.1251899662103202,-0.06178140355699213,0.9093700343563692,-249214.81869749783,0.6997407221134964
target,target,9,3217.4173149007634,1050.2046594066812,0.3264123228724133,1312.255131223453,0.03613457302180225,0.9813833466905456,0.004771121387266421,0.01861665330945439,1.6717279946807444,0.9324767577007187,0.20248475518622883,0.7649503687940029,1186418.7572185805,2683.137772194403,877.4023830354877,0.3270060867272962,1112.2920195053925,0.04238278130166221,0.9782307798377601,0.006588790562625102,0.02176922016223992,1.8975951990336493,1.0807214621902246,0.23467568375181416,0.7126370033165658,830717.0386528131,-534.2795427063602,0.8339414846088002,-172.80227637119356,0.8354584748568723,0.0005937638548829116,1.001819060777657,-199.96311171806042,0.8476187237068528,0.00624820827985996,1.172914960830369,-0.003152566852785532,0.9967876295594239,0.0018176691753586808,1.3809731562958887,0.003152566852785532,1.1693412236459908,0.22586720435290486,1.1351100209307103,0.14824470448950589,1.15897951693068,0.032190928565585336,1.1589795169261992,-0.052313365477437146,0.9316120788844845,-355701.7185657674,0.7001887264496152
target,target,10,3493.2780163379257,1470.5976386170637,0.42097927268861374,1818.5733337089234,0.03898375213114749,0.9790452057274592,0.004316560534922747,0.020954794272540767,1.3330463984363348,0.6261501132747476,0.13596676951915945,0.8635945681684334,2390204.409096448,2942.9933437797013,1226.2159179457385,0.4166560283044687,1512.9676502623963,0.044221671728875415,0.9763553878210816,0.003459196885170803,0.023644612178918445,1.4518897804639794,0.7614178393011176,0.16533978301558616,0.8257460718612929,1607087.6760575979,-550.2846725582244,0.8424732672336512,-244.38172067132518,0.8338214925320157,-0.004323244384145053,0.9897305053583183,-305.6056834465271,0.8319530602468174,0.005237919597727923,1.1343616073427816,-0.0026898179063776784,0.9972526111239406,-0.0008573636497519444,0.8013780546764261,0.0026898179063776784,1.1283628877604426,0.11884338202764466,1.0891517220750597,0.13526772602637005,1.2160308257674948,0.02937301349642671,1.2160308257604933,-0.03784849630714049,0.956173304345385,-783116.7330388504,0.6723641166175882
target,target,11,6805.589068506002,1830.5627499538334,0.2689793244239602,2311.0307066415544,0.011976777923474862,0.9939218385945091,0.001704109317761724,0.0060781614054908895,1.2504309756564902,0.5355840896717605,0.11630060736981099,0.8928801449912298,3939725.329322414,5897.119646865425,1600.137887111602,0.2713422794401237,2016.8932038160071,0.013265525389579636,0.993255289288674,0.001562891126687933,0.006744710711325985,1.2957270283896298,0.6049826989239315,0.1313703238947999,0.8767151416453096,2888245.560732705,-908.4694216405769,0.8665112729411373,-230.4248628422315,0.8741234831485326,0.0023629550161634594,1.0087848946018998,-294.13750282554724,0.8727245371598736,0.0012887474661047744,1.1076038541610749,-0.0006665493058350958,0.9993293745232754,-0.00014121819107379093,0.917130790543176,0.0006665493058350958,1.1096629819871655,0.045296052733139636,1.0362243527343222,0.069398609252171,1.1295755616892453,0.015069716524988924,1.1295755616816416,-0.016165003345920193,0.9818956626624721,-1051479.768589709,0.7331083563709881
target,target,12,7269.673622408204,1860.97537434597,0.25599159893638934,2387.6097821013354,0.012705747188753903,0.9935841061484019,0.002170823290502095,0.006415893851598131,1.3058865100634884,0.6205067598702054,0.13474133089764817,0.873157784730397,4117984.067527417,6182.432957930698,1480.8322986264254,0.2395225809487904,1909.7150516095787,0.01449220244114691,0.9927072564266455,0.0025782265467997802,0.007292743573354521,1.4584775432075754,0.8056736669944808,0.17494981389523054,0.8242690342406219,2527736.2853014525,-1087.2406644775065,0.850441612519416,-380.14307571954464,0.7957291208900898,-0.01646901798759895,0.9356657872486396,-477.8947304917567,0.7998438714423585,0.0017864552523930068,1.140602140489119,-0.0008768497217563898,0.9991174881750529,0.0004074032562976851,1.1876722333376954,0.0008768497217563898,1.136668364673974,0.15259103314408695,1.1168486173699363,0.18516690712427541,1.298412393060326,0.04020848299758237,1.298412393052782,-0.048888750489775035,0.9440092600149991,-1590247.7822259646,0.6138285733628869
target,target,13,8255.321659429866,1890.8292237768171,0.2290436765255495,2518.911094310854,0.0114038316129871,0.9942707022349963,0.001988118740244974,0.005729297765003749,1.3457287920994194,0.6831495903059448,0.1483440486921695,0.8597908259842655,4436525.149481277,6950.363043029705,1670.5953338760548,0.24036087374621973,2268.8989816606954,0.013866199129323322,0.9930154300558407,0.00220987867779233,0.006984569944159302,1.3794799380887208,0.7348257484041646,0.15956538384617797,0.8489067792937299,3557868.6255900064,-1304.9586164001612,0.8419251641261564,-220.23388990076228,0.8835252347851599,0.011317197220670233,1.049410651240391,-250.01211265015854,0.9007459559748535,0.002462367516336222,1.2159245768164502,-0.0012552721791555532,0.9987374945501939,0.00022175993754735591,1.1115426015291663,0.0012552721791555532,1.2190970393621414,0.0337511459893014,1.0250801990612257,0.05167615809821979,1.0756439860763165,0.011221335154008472,1.0756439860706402,-0.010884046690535554,0.9873410527740126,-878656.5238912706,0.8019493873501418
target,target,14,14672.175728176606,2230.0706811266746,0.15199318236381412,3032.93077977612,0.004581390921744388,0.997719685991681,0.0008029243205355383,0.002280314008318962,1.2886504599859758,0.6164348152559489,0.13385711935935451,0.8793660056494342,6775306.228124828,12713.652835801804,1859.4586458173767,0.14625683663322298,2556.499929437468,0.005234084184153258,0.9973968154131275,0.0009764609811967642,0.0026031845868724757,1.3810073932338476,0.7457599061942384,0.1619397060424222,0.8484844608648187,4689816.044837472,-1958.5228923748018,0.8665144877856367,-370.6120353092979,0.8338115296318508,-0.005736345730591147,0.9622591905614374,-476.4308503386519,0.8429140376313431,0.00065269326240887,1.1424661794671491,-0.00032287057855351353,0.9996763914914315,0.00017353666066122588,1.2161307797095358,0.00032287057855351353,1.141590402126215,0.09235693324787175,1.071669499305347,0.12932509093828948,1.2097952415023523,0.02808258668306768,1.2097952414952768,-0.030881544784615578,0.9648820347987257,-2085490.183287356,0.6921924835470429
target,target,15,19162.66096866097,2701.807599235251,0.14099334135555838,3683.5391295256745,0.0031129387514112934,0.9984530560097983,0.0005884608161590386,0.0015469439902017212,1.2257851875663859,0.5262025779106048,0.11426343797492079,0.9022538287806442,10005317.48985409,16802.515221256268,2402.3525985072406,0.14297577278597606,3225.471306289532,0.003579682456024253,0.9982217970145716,0.0007237996028008998,0.001778202985428412,1.2790213031325646,0.6178069423414329,0.13415507297020238,0.8828633462340091,7415001.074526607,-2360.145747404702,0.8768362206446936,-299.4550007280104,0.8891649424582372,0.0019824314304176804,1.0140604613689117,-458.06782323614243,0.8756446430650167,0.0004667437046129595,1.1499366806531026,-0.0002312589952266908,0.9997683827047907,0.00013533878664186117,1.2299877607743666,0.0002312589952266908,1.1494940964520897,0.05323611556617869,1.0434302160811941,0.09160436443082809,1.1740857386016388,0.019891634995281585,1.1740857385935948,-0.019390482546635113,0.978508838722448,-2590316.415327483,0.7411060250757462
target,target,16,23654.143173625274,2302.5762242605037,0.09734346356827293,3255.678374023529,0.002458904332425146,0.9987808250642396,0.0004826959739704439,0.0012191749357604031,1.4641834731986594,0.8504022811388813,0.18466250904827697,0.8230122373924994,6971989.105456328,21056.64039192269,2041.7927726966561,0.09696669243968692,2861.041182765695,0.0028337665719455705,0.9985950328115446,0.0005639522290154887,0.0014049671884553971,1.6107068861126093,1.0238933041949236,0.22233560603477148,0.7830075689221259,5142971.546203476,-2597.502781702584,0.8901882531683144,-260.7834515638476,0.8867427497877506,-0.0003767711285860148,0.9961294665736041,-394.6371912578343,0.8787849578734269,0.00037486223952042444,1.1524509243506265,-0.000185792252694994,0.9998139809565498,8.12562550450448e-05,1.168338370855527,0.000185792252694994,1.1523917906225025,0.14652341291394988,1.1000717571225922,0.17349102305604236,1.2040105334883329,0.037673096986494514,1.2040105334832285,-0.04000466847037354,0.9513923771072113,-1829017.5592528516,0.7376620170244601
target,target,17,26557.858324260174,3246.1984494488215,0.1222311833211141,4467.21952126905,0.0022515092887852657,0.9988823257963411,0.00033166347117128764,0.001117674203658936,1.2363233677705792,0.5595249646596019,0.12149930231938853,0.8984671244779799,13686232.84973968,23517.579421288676,2344.0135699232833,0.09967069858394637,3326.6523828186373,0.002648432329260103,0.998686624759103,0.0004141327329875971,0.00131337524089703,1.4703688140509683,0.9012894087852795,0.19571250841664553,0.8218893496075883,7284463.912219594,-3040.2789029714986,0.8855224368678007,-902.1848795255382,0.7220795667379107,-0.022560484737167735,0.8154277482635964,-1140.567138450413,0.7446807498445026,0.00039692304047483744,1.1762919839041364,-0.00019570103723809407,0.9998040799870176,8.246926181630946e-05,1.2486534325785452,0.00019570103723809407,1.1750966743460034,0.23404544628038915,1.189307629686921,0.34176444412567764,1.6108117880530783,0.074213206097257,1.610811788042699,-0.07657777487039163,0.914768417469032,-6401768.937520086,0.532247550673387
target,target,18,31807.7194366156,3066.052554818479,0.09639334756232096,4548.1869413323475,0.001990937164563873,0.9990124229379255,0.0003797779038128008,0.0009875770620745294,1.2749866876061675,0.6325415597764188,0.13735465449268727,0.8844848063010418,15517916.801951768,28616.869995498553,2441.905798966072,0.08533098830690375,3467.857261550025,0.002332420060763126,0.9988438443468906,0.0004407128070511469,0.0011561556531094475,1.6036489531205942,1.0757781458400029,0.23360225624521244,0.7858272603927269,7840771.367165134,-3190.849441117047,0.8996831744735561,-624.1467558524073,0.7964331189067437,-0.011062359255417209,0.885237316308054,-1080.3296797823223,0.7624702560124209,0.000341482896199253,1.1715186702552405,-0.000168578591034918,0.999831254759036,6.0934903238346106e-05,1.1604487819489708,0.000168578591034918,1.170699175120672,0.3286622655144267,1.257777017366545,0.44323658606358407,1.7007232634936302,0.09624760175252517,1.700723263483937,-0.09865754590831488,0.8884576137358493,-7677145.434786634,0.5052721616717883
target,target,19,36460.712989706204,3692.268796468507,0.10126704865894777,5574.071235063183,0.001898586307480049,0.9990578687819334,0.0003488196434312509,0.000942131218066633,1.205321758323323,0.5156088094679316,0.11196303038631392,0.9101767887552019,24946985.70142261,34469.86595317148,3611.146135112702,0.10476240725793858,5176.808094376587,0.002084249510525301,0.9989660689170959,0.00041610473873824195,0.0010339310829040604,1.267722243225298,0.648534308341588,0.14082743571884684,0.887200437233905,18863322.568456106,-1990.8470365347239,0.9453974737933185,-81.12266135580512,0.9780290477677583,0.0034953585989908054,1.034516248318129,-397.26314068659576,0.9287301643747125,0.00018566320304525203,1.0977902354062,-9.179986483742741e-05,0.9999081135650838,6.728509530699108e-05,1.1928936497160278,9.179986483742741e-05,1.0974385117270324,0.06240048490197503,1.0517708109639754,0.13292549887365634,1.2578030018718405,0.028864405332532928,1.2578030018630455,-0.022976351521296956,0.9747561662677696,-6083663.1329665035,0.7561363442550263
target,target,20,40008.35830545599,4436.601431342254,0.11089186408174186,6704.319691175751,0.0017604306043645887,0.999126212974676,0.00031302475447206687,0.0008737870253240354,1.1540110930919547,0.42065962115423866,0.09134507611339912,0.9304948645262753,35895749.94478691,38057.13373647624,4045.477025444201,0.1063000974654792,5974.901400015836,0.001993337796858889,0.9990111769037342,0.0003842810551691865,0.0009888230962658007,1.2229222222704503,0.5765535706889726,0.1251970171359186,0.9036077154587725,26144445.055217482,-1951.2245689797564,0.9512295767278792,-391.1244058980528,0.9118414372012402,-0.004591766616262649,0.9585923939935168,-729.4182911599155,0.8912017438368909,0.00023290719249430053,1.132301262421,-0.00011503607094176527,0.999884863323124,7.125630069711961e-05,1.2276379054738316,0.00011503607094176527,1.1316522979583645,0.06891112917849562,1.0597144425993354,0.15589394953473396,1.3705940425316065,0.03385194102251948,1.37059404251986,-0.02688714906750278,0.9711044626966723,-9751304.889569432,0.7283437480880491
target,target,21,43239.46405242238,4524.923774281216,0.10464800786603919,6833.878943837902,0.0017523236563107456,0.9991304050904977,0.000313346833711881,0.0008695949095023359,1.176126537686418,0.46456695191089786,0.10087943184475814,0.9215853310328858,37320541.26654914,42022.21629072183,4344.086931208088,0.10337595954374323,6264.592238179971,0.0020140060287942995,0.9990011068283812,0.0003855414849084203,0.000998893171618831,1.2663225929867694,0.6580463039520742,0.1428929393216079,0.8877519236426592,27757173.840589404,-1217.2477617005497,0.97184868526065,-180.83684307312797,0.9600353835569628,-0.0012720483222959517,0.9878445051251031,-569.2867056579307,0.9166964018039482,0.0002616823724835538,1.1493344967362664,-0.0001292982621164951,0.9998705892019124,7.219465119653933e-05,1.2303985303152065,0.0001292982621164951,1.1486879230259108,0.09019605530035135,1.0766890741847395,0.19347935204117633,1.416472483124173,0.04201350747684976,1.4164724831131805,-0.033833407390226555,0.963287819096176,-9563367.425959736,0.7437505700237124
target,target,22,48888.00289434863,6231.086076056757,0.1274563432162016,8765.830090490193,0.0017927588436614315,0.9991086116809264,0.00038625653422828175,0.0008913883190736493,1.1269104568362172,0.3638488770373207,0.07900877977200159,0.9417364682177227,61492795.22362575,48866.59215522152,6330.627720129089,0.1295491959009596,8404.602129962466,0.0020605041396379318,0.9989763660585979,0.0004454147048719595,0.0010236339414021467,1.170911155968483,0.4840912690733172,0.10511908344804197,0.9237777794579783,52782310.65184545,-21.41073912710999,0.9995620451264213,99.54164407233202,1.0159750070625448,0.0020928526847579787,1.0164201532142774,-361.2279605277272,0.9587913572589531,0.00026774529597650026,1.1493481935809748,-0.00013224562232849735,0.9998676363892952,5.9158170643677755e-05,1.1531577183767638,0.00013224562232849735,1.1483591587980093,0.0440006991322659,1.0390454262486462,0.12024239203599646,1.330473445496803,0.026110303676040378,1.3304734454836198,-0.01795868875974438,0.9809302396511066,-8710484.571780302,0.8583495100506717
target,target,23,54817.446520445475,7733.122617980158,0.14107046403731893,10546.840020999185,0.0021392727053855852,0.9989352133630098,0.0004314278964448332,0.001064786636990167,1.1336767024508723,0.3744142662231952,0.08130302488329437,0.9388596963992599,87130837.08443098,53402.140983516554,7586.342223224003,0.14206063808500957,10164.512818036274,0.0025611306260865294,0.9987265222018731,0.0005345545312183969,0.0012734777981269207,1.177353836577393,0.494679834005073,0.10741836110860989,0.9211915334004289,76064051.44127454,-1415.3055369289214,0.9741814763954565,-146.78039475615515,0.9810192593591004,0.0009901740476906395,1.0070190032579864,-382.32720296291154,0.9637495968269468,0.0004218579207009442,1.1971968877281174,-0.00020869116113675368,0.9997910863894427,0.00010312663477356367,1.2390356172707875,0.00020869116113675368,1.1959934062758975,0.043677134126520745,1.038526975134143,0.1202655677818778,1.3212098967106776,0.02611533622531552,1.3212098966979557,-0.017668162998831005,0.9811812531014233,-11066785.643156439,0.8729865795684647
target,target,24,63125.855036007066,10973.620548792538,0.1738371787999255,14252.203902314568,0.002420578904869108,0.9987890459840522,0.0005599812499548054,0.0012109540159478405,1.093350195940104,0.29057776964965715,0.06309816096130015,0.9562225732283339,154485259.2636447,59514.37017621475,9546.337360534766,0.1604039046749421,12453.093529662274,0.0029281544005178082,0.9985409771619461,0.0006313566016869914,0.0014590228380538806,1.1566616437597859,0.4576805205878092,0.09938406228294659,0.9295208492302429,111366246.7298621,-3611.484859792319,0.9427891335850845,-1427.283188257772,0.8699350700243756,-0.013433274124983408,0.9227249647132912,-1799.1103726522942,0.8737661638169435,0.0005075754956487002,1.2096917780362362,-0.0002480688221060401,0.9997516304127451,7.137535173218595e-05,1.1274602508753395,0.0002480688221060401,1.2048540387448297,0.0633114478196819,1.0579059189395272,0.16710275093815208,1.575070664001754,0.03628590132164644,1.5750706639822118,-0.02670172399809101,0.9720758275880117,-43119012.5337826,0.7208859101553783
target,target,25,67594.73359000283,11189.361437206919,0.16553599434352695,14507.473321634501,0.0026961257239726073,0.9986508709669608,0.0006239536406392711,0.001349129033039187,1.1110139476660121,0.3291950363722305,0.07148379388319999,0.9485181446080954,163091495.06084886,62855.048044160176,9628.796185264277,0.15319049917039848,12649.398314462605,0.003362625078026241,0.9983245125202117,0.0006944545150041726,0.0016754874797882957,1.1985414095193951,0.5398845288427797,0.11723443587067811,0.9129215771861355,115737544.23016724,-4739.685545842651,0.9298808458275566,-1560.5652519426421,0.8605313394602265,-0.012345495173128468,0.9254210830519795,-1858.0750071718958,0.8719229071818445,0.0006664993540536337,1.2472063327315366,-0.00032635844674910874,0.9996732006577707,7.050087436490148e-05,1.1129905631765835,0.00032635844674910874,1.2419030630243106,0.087527461853383,1.0787816048900012,0.2106894924705492,1.6400141836606443,0.04575064198747812,1.6400141836426836,-0.035596567421959824,0.9624713901096432,-47353950.83068162,0.7096479444681403
target,target,26,68675.07668879881,10971.016136866827,0.15975251380616579,14356.249670876277,0.0032513937946689656,0.9983745405864526,0.0007298476821948796,0.0016254594135474143,1.1491035455531586,0.40765612903520937,0.0885214036770157,0.9324806933573849,158146569.95831034,64915.3253002035,10084.392133364976,0.15534686280518975,13370.524561192662,0.003955542443396674,0.9980281301163969,0.0008183054114432176,0.0019718698836030946,1.227826773847037,0.5876178284668474,0.1275995901855617,0.9017665209308701,130612320.51002094,-3759.751388595316,0.9452530441919617,-886.6240035018509,0.9191848783703402,-0.004405651000976035,0.9724220239357609,-985.7251096836153,0.9313382580909482,0.0007041486487277082,1.2165682448756816,-0.00034641047005568026,0.999653025536036,8.845772924833794e-05,1.1212002590199612,0.00034641047005568026,1.213115421988025,0.07872322829387834,1.0685083851646404,0.17996169943163803,1.4414546639004495,0.039078186508545984,1.4414546638877015,-0.030714172426514863,0.9670618677187879,-27534249.448289394,0.8258941091447775
target,target,27,70825.18523204744,12949.93034464935,0.1828435789079967,17000.49957226838,0.004574455020875451,0.9977057380492076,0.001097081978707894,0.002294261950792409,1.1602087414042146,0.4236382882316009,0.09199188545096178,0.9279167849335299,220660000.9455594,66698.38323268852,11767.139257225796,0.17642315580835224,15822.964021506285,0.005394751411802907,0.9973031131746566,0.0011909660815255301,0.002696886825343414,1.2305303992936796,0.58454078085028,0.1269314177853473,0.9007191373750163,184209950.13431746,-4126.801999358926,0.9417325632705638,-1182.791087423555,0.9086642896181861,-0.006420423099644468,0.964885706465853,-1177.535550762097,0.9307352383524705,0.0008202963909274552,1.179321118254464,-0.00040262487455100526,0.9995964492733721,9.388410281763616e-05,1.0855761953565526,0.00040262487455100526,1.1754921111935155,0.07032165788946498,1.0606112119128608,0.16090249261867917,1.3798110253182188,0.03493953233438553,1.3798110253064764,-0.027197647558513616,0.9706895618216104,-36450050.811241955,0.8348135110348577
target,target,28,72115.2714930567,12132.017130427677,0.1682309014339044,16000.755461591136,0.006102360661081345,0.9969494770943754,0.0013278894898782361,0.0030505229056245753,1.2994303704074623,0.646810517429609,0.14045311927833312,0.8755267489055036,192285094.34302822,66321.56394557729,11157.181595332655,0.16822856596819866,15153.826006380894,0.007453777600882757,0.9962812293887177,0.0014325249995381405,0.0037187706112823404,1.4317501831710386,0.8698584561793593,0.18888736377778864,0.8331031053919558,160591731.9200291,-5793.707547479411,0.9196604626519748,-974.8355350950224,0.9196476954644178,-2.3354657057439443e-06,0.9999861174927684,-846.9294552102419,0.9470694082386768,0.0013514169398014114,1.2214580575675906,-0.0006682477056577651,0.9993297075508734,0.0001046355096599044,1.078798355871241,0.0006682477056577651,1.2190600513789243,0.1323198127635763,1.10182909048138,0.22304793874975026,1.3448427827592944,0.04843424449945552,1.3448427827517986,-0.04242364351354788,0.9515450058293099,-31693362.422999114,0.8351751469281361
target,target,29,75782.2105273018,12666.344949750446,0.16714140246921388,16792.86148184443,0.007464493177689993,0.9962710704588456,0.001523516717028771,0.0037289295411544465,1.4121992163262669,0.7908483641535353,0.1717305402870469,0.8384805032850627,203053699.57823238,68406.19274234143,11601.049685176313,0.16959063529339796,15864.418696661975,0.009251676280591299,0.995385641311985,0.0016953753442615794,0.004614358688014963,1.5967240139103605,1.0431108044977793,0.2265086332035236,0.7866743326153368,168507039.90907186,-7376.017784960364,0.9026682154870234,-1065.2952645741334,0.9158956061278654,0.0024492328241840777,1.0146536572446228,-928.4427851824548,0.9447120560015195,0.0017871831029013059,1.2394245743305714,-0.0008854291468605169,0.9991112567913351,0.00017185862723280844,1.1128038991624396,0.0008854291468605169,1.237448612490797,0.18452479758409357,1.130664849158457,0.25226244034424394,1.3189770021373537,0.0547780929164767,1.3189770021313412,-0.051806170669725926,0.9382142214783838,-34546659.669160515,0.8298644164527994
target,target,30,74770.6605918227,13231.023249125667,0.17695474594446312,17561.116940531196,0.009101814666664251,0.9954470934854751,0.002112670034130673,0.00455290651452489,1.4426824262700129,0.8294735557280011,0.18011789406867013,0.829304964308408,218663457.54341042,67817.92261012938,11914.24730290016,0.17567992124135975,16288.535770832661,0.011048207688201535,0.9944844303643885,0.0022776698623337465,0.005515569635611506,1.6748773845000984,1.1192907981976672,0.24305090865116652,0.7670813280881035,175574865.21139985,-6952.737981693324,0.9070124842195962,-1316.7759462255071,0.9004781473486925,-0.001274824703103361,0.9927957586144863,-1272.5811696985347,0.9275341554863513,0.0019463930215372835,1.2138466988843637,-0.0009626631210866154,0.9990329339164425,0.00016499982820307327,1.0781001407978352,0.0009626631210866154,1.211439245854059,0.2321949582300855,1.1609466879202608,0.2898172424696661,1.3493990139492198,0.0629330145824964,1.349399013943355,-0.06222363622030458,0.9249689331437677,-43088592.33201057,0.8029456187325843
target,target,31,76016.04781502367,13807.219062083619,0.18163558168246133,18375.515077376283,0.00956045515665217,0.9952169780760678,0.002165731207043253,0.004783021923932207,1.4502193694910221,0.8388629197475269,0.18215676855980065,0.8271788459031965,235095446.05824584,67310.71268108877,12075.317966039494,0.17939667379917826,16559.245615284428,0.012087136348558822,0.9939639324973305,0.002483467627288145,0.006036067502669495,1.7274858895739873,1.1693799843390198,0.25392763722327366,0.7548475278255327,177575740.81174853,-8705.335133934903,0.885480298119177,-1731.9010960441246,0.8745655379076192,-0.00223890788328307,0.987673627251158,-1816.2694620918555,0.9011581741004896,0.002526681191906653,1.2642846129437992,-0.0012530455787372885,0.9987409322717159,0.00031773642024489216,1.1467109205726265,0.0012530455787372885,1.261977803447984,0.27726652008296515,1.1911893648056053,0.3305170645914929,1.3940060489138975,0.07177086866347301,1.3940060489079065,-0.0723313180776638,0.9125566152509645,-57519705.2464973,0.7553346684892971
target,target,32,77010.3248068253,14321.104587541011,0.1859634357271501,19005.25817392549,0.012076516953325584,0.9939564627202241,0.0032875210807182123,0.006043537279775912,1.5618587002451019,0.9494170311852992,0.2061632888343715,0.795457579696551,245350872.90115947,68083.6393071891,12311.612816684645,0.18083070972653828,16931.91660222124,0.015352574275028391,0.9923327641137694,0.003826729661835826,0.007667235886230639,2.005618850994747,1.3646035493240343,0.29631989572851,0.6962741439256369,178639741.6879158,-8926.685499636194,0.8840845624008453,-2009.4917708563662,0.8596831858483477,-0.00513272600061182,0.9723992731070258,-2073.341571704248,0.8909069504486503,0.0032760573217028074,1.2712750152294021,-0.0016236986064547265,0.9983664288443687,0.0005392085811176135,1.1640167672585078,0.0016236986064547265,1.2686669296505546,0.4437601507496449,1.284123109650522,0.4151865181387351,1.4373067940638882,0.09015660689413849,1.4373067940584303,-0.09918343577091404,0.8753127277891731,-66711131.21324366,0.7280990671668875
target,target,33,78499.45891859233,15369.798353395905,0.19579495916443346,20323.59875534718,0.014189169515698445,0.9928944768386203,0.004167115042911256,0.00710552316137969,1.6113744808241226,0.9903502453127385,0.21505182334542705,0.7823225367293458,275652527.6300707,69622.59361846285,13162.552420221251,0.18905576101276902,18015.124834140468,0.017894541647700515,0.9910585447776173,0.0048239970997753,0.008941455222382655,2.1225183462650117,1.4298451533465444,0.3104869300372565,0.674899337866136,197955855.21844682,-8876.865300129473,0.8869181339283472,-2207.245933174654,0.8563907032204511,-0.006739198151664433,0.9655803286183161,-2308.4739212067107,0.8864141164664872,0.003705372132002069,1.261140874146399,-0.001835932061002965,0.9981509293234798,0.000656882056864044,1.1576347302491303,0.001835932061002965,1.2583809830813497,0.5111438654408891,1.3172098550165396,0.43949490803380586,1.4437772496270507,0.09543510669182947,1.4437772496217947,-0.10742319886320983,0.8626868154493204,-77696672.41162387,0.718135461772751
target,target,34,82072.42344712594,16399.574248670055,0.1998183258136061,21618.075844379382,0.015818129190965223,0.9920776859563848,0.004522726565666007,0.007922314043615208,1.697753354064096,1.0618655946156654,0.2305811841322494,0.7606555627683219,305482462.0990871,73141.82488857459,14163.278373005129,0.1936413043369056,19416.79366542856,0.02000468897396285,0.9900008984604617,0.0053850077554316155,0.009999101539538313,2.270544836587884,1.506452247399965,0.3271219491482786,0.6498740397530886,225987803.56893778,-8930.598558551355,0.8911863670712151,-2236.295875664926,0.8636369553406985,-0.006177021476700489,0.9690868119702314,-2201.2821789508234,0.8981740005541173,0.004186559782997628,1.2646684529624517,-0.0020767874959231047,0.9979066281539042,0.0008622811897656089,1.1906551669784564,0.0020767874959231047,1.2621440507442008,0.5727914825237879,1.3373820355891493,0.44458665278429965,1.41868448797778,0.09654076501602918,1.4186844879729636,-0.11078152301523336,0.8543604642646527,-79494658.53014934,0.7397734129026228
target,target,35,92173.60661525073,17630.0468880926,0.1912700124850663,23228.039721189365,0.0164631047623419,0.9917634891015835,0.005123682250740496,0.008236510898416483,1.8292138299640237,1.1504832967299885,0.24982427364584772,0.730309106552513,346503580.14860284,81001.84500785977,14928.011934444798,0.1842922458494162,20620.241197598334,0.02105005888719247,0.9894862801167821,0.006042413675476581,0.01051371988321792,2.6287038752425156,1.6477353484931092,0.35780118474374445,0.5967295944879566,250386846.3297712,-11171.76160739096,0.878796523021781,-2702.0349536478006,0.8467369388862621,-0.006977766635650112,0.9635187631037645,-2607.798523591031,0.8877305810179017,0.004586954124850568,1.2786202353558642,-0.0022772089848014376,0.9977038789884652,0.0009187314247360847,1.1793107727209264,0.0022772089848014376,1.2764773836410228,0.7994900452784919,1.4370675708770355,0.4972520517631207,1.4322114481583739,0.10797691109789673,1.432211448153886,-0.13357951206455643,0.8170918165104814,-96116733.81883165,0.722609694890856
target,target,36,93559.7413969772,18845.1009271692,0.20142318315319818,24883.49919712751,0.01875397702078146,0.9906107481918931,0.005788286490770592,0.009389251808106902,1.9027873030911429,1.19761477127334,0.2600587433049183,0.7143631027225399,395096981.4605185,81591.89274420979,15656.251269649476,0.19188488884222543,21607.862803936805,0.024133599172616715,0.9879392752594821,0.007022122427293899,0.012060724740517892,2.8629342671638045,1.737571530005004,0.3773088636966819,0.5672577020068208,270905283.5403125,-11967.84865276741,0.8720833504446381,-3188.8496575197223,0.8307862786278676,-0.00953829431097275,0.9526454990800598,-3275.6363931907035,0.8683611027837743,0.005379622151835253,1.2868523377514642,-0.00267147293241099,0.9973032061904392,0.0012338359365233068,1.2131608270042427,0.00267147293241099,1.2845245804164984,0.9601469640726616,1.5046002580064337,0.539956758731664,1.450860136065385,0.11725012039176358,1.4508601360610178,-0.1471054007157191,0.7940747497233922,-124191697.92020595,0.6856678138589721
target,target,37,103344.10904627596,21978.077577016546,0.21266889598104802,28972.24647752456,0.018578936996481363,0.9906880098780318,0.005915837817375932,0.00931199012196815,1.7556103164927475,1.0847940051624445,0.23556002522188865,0.7458136200298208,547226301.9118851,86533.06247426523,17455.50746114921,0.20172067140626676,24017.52166944621,0.02550396650026514,0.9872425774367334,0.007788579618314597,0.012757422563266618,2.6816972350861206,1.6665867493156346,0.36189471442042903,0.5890282344313755,336989047.9344909,-16811.04657201073,0.8373294159952263,-4522.570115867336,0.7942235802918091,-0.010948224574781257,0.9485198598261148,-4954.72480807835,0.8289837547833229,0.006925029503783778,1.3727355070810867,-0.0034454324412984683,0.9965221821522608,0.001872741800938665,1.3165640873591065,0.0034454324412984683,1.36999958062673,0.9260869185933731,1.5275014107013942,0.58179274415319,1.5363163341454233,0.12633468919854038,1.5363163341403174,-0.15678538559844524,0.7897794014636444,-210237253.97739422,0.615812958472806
target,target,38,110530.06223824604,23440.82357210298,0.21207645320579488,30976.54819961844,0.019227160964141076,0.9903609710732727,0.006726423978795859,0.0096390289267273,1.77179596569146,1.0892018781442672,0.23651718267835664,0.7418243188232769,627834460.7159745,91733.26357934448,18617.029020621863,0.2029474183540751,25648.888958861167,0.02696291994518233,0.986508752234887,0.00911914753902707,0.013491247765113012,2.764271196329789,1.6795488297359806,0.3647093944207003,0.5772851636373841,385162078.68534017,-18796.798658901564,0.8299394908655229,-4823.794551481118,0.794213947447566,-0.009129034851719786,0.9569540384390618,-5327.659240757272,0.8280099123238368,0.007735758981041254,1.4023349569947545,-0.0038522188383857126,0.9961102881152444,0.0023927235602312115,1.3557200031425656,0.0038522188383857126,1.3996480212134805,0.9924752306383289,1.560152099821181,0.5903469515917135,1.5419995718295838,0.12819221174234363,1.54199957182448,-0.1645391551858928,0.7781966012550355,-242672382.03063428,0.6134771230080398
target,target,39,118198.13643124425,25033.35734685041,0.21179147237581275,33047.31988311352,0.02022346001558468,0.9898610061624796,0.007488856376381831,0.010138993837520371,1.8181594632296325,1.1169277814737113,0.24253778608923693,0.7312250573698942,711958727.1094612,97697.79270645251,19869.537202643834,0.2033775446938172,27363.510991886276,0.028356893401979975,0.9858100773830478,0.010246068260919896,0.014189922616952177,2.908083428238334,1.7125587557715516,0.37187740878334175,0.5583184727659659,438152208.47641546,-20500.34372479173,0.8265595013275293,-5163.8201442065765,0.7937224291308945,-0.008413927681995559,0.960272585158548,-5683.808891227247,0.8280099895746296,0.008133433386395293,1.4021781326600542,-0.004050928779431806,0.9959075781799583,0.002757211884538064,1.3681752920066026,0.004050928779431806,1.3995395246263387,1.0899239650087016,1.5994655513169613,0.5956309742978403,1.5332761743202517,0.12933962269410482,1.5332761743153027,-0.17290658460392827,0.7635384853650795,-273806518.63304573,0.6154179895445696
target,target,40,129124.29646209774,27270.546195171846,0.21119608735430093,35950.15892489599,0.02138753537562917,0.9892768596842589,0.007970590888150553,0.010723140315741064,1.8980062751709132,1.1582654071732568,0.25151413745738427,0.7130877087749988,833116490.945372,106764.01132191546,21948.359016170707,0.20557825379932465,30169.59371495164,0.02961176786997838,0.9851748617968277,0.01084440259471666,0.014825138203172328,2.9204836522793074,1.7087921328109967,0.3710594969997522,0.5558129934377067,533078540.19321126,-22360.285140182285,0.8268313109706215,-5322.187179001139,0.8048375290721748,-0.005617833554976276,0.9733999165120647,-5780.565209944354,0.8392061291851138,0.008224232494349212,1.3845339048432896,-0.0041019978874312635,0.9958535390287646,0.002873811706566108,1.360551902052569,0.0041019978874312635,1.3825369961845213,1.0224773771083941,1.538711273235797,0.55052672563774,1.4753027434185602,0.11954535954236795,1.4753027434139683,-0.1572747153372921,0.7794454827888548,-300037950.7521607,0.6398607469506513
target,target,41,145498.43860622274,27290.649330070286,0.18756661302689132,36400.58142541138,0.01939310808888373,0.9903090371341189,0.006324646126687661,0.009690962865881114,2.263986615526513,1.328260454609799,0.28842809298367017,0.6405622100537275,827142343.7502809,121576.54893474035,22491.50864664392,0.18499874230446264,31104.339413113135,0.026607523479822787,0.9867126995607249,0.008551860850294971,0.013287300439275063,3.705421428227375,1.87522543406834,0.4072000291702551,0.4656063749361072,556242108.1137829,-23921.889671482393,0.8355866227800242,-4799.140683426365,0.8241470686394252,-0.0025678707224286723,0.9863095532729653,-5296.242012298244,0.8545011699016182,0.007214415390939057,1.3720092393906889,-0.0035963375733939484,0.9963684693973935,0.0022272147236073103,1.3521485119708343,0.0035963375733939484,1.3711021930219585,1.4414348127008623,1.636679917987945,0.5469649794585412,1.4117904568782862,0.11877193618658494,1.4117904568744544,-0.1749558351176203,0.7268714382890732,-270900235.636498,0.6724865584704193
target,target,42,159396.10533204215,31427.285519289297,0.197164701445009,41797.78564351952,0.019956920157532282,0.9900148307649204,0.007371882754595697,0.009985169235079638,2.055776233577172,1.2360878773622115,0.26841307214295596,0.6800564425709289,1106471955.417889,129814.46093505475,25759.367178284214,0.19843218538781623,35560.72068111831,0.028521858637272832,0.9857327979501656,0.010531556260513017,0.014267202049834449,3.120524812991504,1.7382783671921016,0.3774623514416621,0.5285538172373686,742399201.9868538,-29581.644396987394,0.814414258520526,-5667.918341005083,0.8196497646121472,0.0012674839428072349,1.0064285540591773,-6237.064962401208,0.8507800146257695,0.00856493847974055,1.4291713556351902,-0.00428203281475481,0.9956747791218016,0.0031596735059173193,1.4286114700507058,0.00428203281475481,1.428839282791767,1.0647485794143319,1.5179301920229364,0.5021904898298901,1.4062740999451826,0.10904927929870617,1.4062740999410812,-0.1515026253335603,0.7772205131068426,-364072753.4310353,0.670960703840403
target,target,43,164980.87974546594,32361.124001993267,0.19615075426873899,43236.58893944089,0.021510710862870885,0.9892363928729188,0.007862890619671721,0.010763607127081243,2.198488558629819,1.299465594766848,0.2821753686151846,0.6525637109314614,1175776773.18275,135059.51029088008,27361.572889934472,0.20258901302844476,37820.66052563798,0.03097033270548751,0.9844944483054004,0.011983665905484463,0.01550555169459955,3.141903722779507,1.7358092485022445,0.37692618913057757,0.5246149566813083,846323199.5169884,-29921.36945458586,0.8186373505781468,-4999.551112058794,0.8455074949884049,0.006438258759705773,1.032823013006884,-5415.928413802911,0.8747373799216978,0.009459621842616624,1.4397633300675752,-0.004741944567518308,0.9952064596463722,0.004120775285812742,1.524078927662955,0.004741944567518308,1.440553478967754,0.943415164149688,1.4291198880453717,0.4363436537353964,1.3357870000493164,0.09475082051539296,1.3357870000456107,-0.12794875425015306,0.8039290997834916,-329453573.6657616,0.7197992159906743
target,target,44,176847.3323369806,36005.94405305844,0.2035990228252328,47866.658906191224,0.02235945202664341,0.988796754155603,0.009076921541738206,0.011203245844397025,2.039683870991593,1.2242790454658807,0.26584881687780615,0.6831939896087433,1465578019.3791673,144535.55630214166,31267.91434630838,0.2163337184723249,43007.58986721762,0.033078996219915474,0.9834022983632199,0.014739507982286222,0.016597701636780093,2.637446064535457,1.5771889218286093,0.3424822228345521,0.5890366004083364,1124483623.8640409,-32311.776034838927,0.8172900003192064,-4738.029706750061,0.8684097909009665,0.01273469564709212,1.0625479212489193,-4859.069038973605,0.8984873991624028,0.010719544193272063,1.479418913264032,-0.005394455792383068,0.9945444240480095,0.0056625864405480154,1.6238443742061694,0.005394455792383068,1.481508293741446,0.597762193543864,1.2930660981556756,0.3529098763627285,1.2882593455049667,0.07663340595674595,1.2882593455011735,-0.09415738920040695,0.8621805949212289,-341094395.51512647,0.7672628880858781
target,target,45,188201.30476575284,37349.256060505926,0.19845375730520654,49636.76644048459,0.023257968458876038,0.9883482159914441,0.00949200380218337,0.011651784008555932,2.136424838360843,1.2919726763788264,0.28054830206055,0.6664274312475811,1557225955.373556,156546.74703179428,33295.83133728331,0.2126893849191322,45704.16784221899,0.033209390490792065,0.9833344324771923,0.014987294625462045,0.01666556752280768,2.632156521751597,1.593350406255555,0.345991644587546,0.5913200608535062,1272198684.4724996,-31654.557733958558,0.8318047912932495,-4053.424723222619,0.8914724106778443,0.014235627613925661,1.0717327190281443,-3932.5985982656057,0.9207724660513318,0.009951422031916027,1.4278715076978425,-0.005013783514251746,0.9949271082457338,0.005495290823278674,1.578938961279777,0.005013783514251746,1.43030178976368,0.49573168339075435,1.232037970392569,0.3013777298767286,1.2332694300627196,0.06544334252699602,1.2332694300592784,-0.07510737039407489,0.8872985011220833,-285027270.9010563,0.8169647314716878
target,target,46,196027.03104979795,36925.67779646654,0.18837033647204543,48847.342224394255,0.02271633467740817,0.9886413338609975,0.008358127230831444,0.011358666139002493,2.3882746700635256,1.428649285174867,0.3102272505632349,0.6258773359256976,1452366041.1973653,170546.17423628736,34552.937636574134,0.2026016578284654,47167.17244944162,0.030794747067504197,0.9845682096749414,0.0131602710662253,0.015431790325058592,2.7143798427774413,1.652085798940547,0.35874587305530237,0.5824320983542476,1335716575.4628541,-25480.85681351059,0.8700135553905445,-2372.7401598924043,0.9357428136330797,0.014231321356419968,1.0755496944045453,-1680.1697749526356,0.9656036603335696,0.008078412390096028,1.3556212964574141,-0.0040731241860560985,0.9958800790058565,0.0048021438353938566,1.574547826468251,0.0040731241860560985,1.3585917690380505,0.3261051727139157,1.1365442496210476,0.2234365137656802,1.156397036055756,0.048518622492067454,1.1563970360528382,-0.043445237571450024,0.9305850602368859,-116649465.73451114,0.9196831498219674
target,target,47,215611.18527283682,38214.14207568513,0.17723636196020406,50513.74837393221,0.02024682455750109,0.9898937236561599,0.0067763317217746115,0.010106276343840093,2.5828624883781286,1.5139384431469485,0.3287475558999598,0.598112934875223,1520459397.3824115,193717.61906884922,35646.65827228052,0.1840135060694264,48755.54949180447,0.025916043858457683,0.9870445622303236,0.010114103859155541,0.012955437769676448,2.929338168840011,1.7422259511984641,0.3783195584170685,0.5568164223258871,1398073372.29382,-21893.566203987604,0.8984581148872994,-2567.4838034046115,0.9328132554089642,0.006777144109222338,1.038237887718017,-1758.198882127741,0.9651936564059248,0.005669219300956593,1.280005355090423,-0.002849161425836355,0.997121750185151,0.0033377721373809297,1.4925632736017027,0.002849161425836355,1.2819199997723232,0.34647568046188226,1.1341440676844985,0.22828750805151565,1.1507904823235975,0.04957200251710869,1.1507904823208572,-0.04129651254933586,0.930955326089241,-122386025.08859158,0.91950720598045
target,target,48,117.94385793873384,88.15298073360309,0.7474147638904061,121.34729925818068,0.3708230665731157,0.79463626777372,0.14043706470183145,0.20536373222628002,4.508746910303733,1.8557351233004418,0.40296776196171624,0.3416450124539297,8865.456221652914,104.73708656537973,97.79275450280164,0.9336974868186335,136.0880076931521,0.4578337157720634,0.7365483055125552,0.1642395774759487,0.26345169448744477,4.170645454451794,1.8900352439918637,0.41041593853416625,0.3907034652769687,11446.761821452823,-13.206771373354115,0.8880249331829108,9.639773769198555,1.1093527829572627,0.18628272292822745,1.249236076040763,14.74070843497141,1.121475372959127,0.08701064919894769,1.234641954724672,-0.05808796226116475,0.9268999357091605,0.02380251277411724,1.1694888227939253,0.05808796226116475,1.2828540445295262,-0.3381014558519393,0.9250121014598959,0.034300120691421965,1.0184833062971834,0.007448176572450005,1.0184833062952048,0.049058452823039,1.1435948163549172,2581.305599799909,1.2911644404148483
target_word_shuffle,target_shuffle,0,33.10863497389326,47.64500221765639,1.4390506360417417,59.545789678247665,0.7007105578539526,0.5534406448713828,0.35116718606662145,0.4465593551286172,3.666559421080564,1.4604499442481123,0.3171326759414334,0.4408295020844532,2507.835901396975,33.090804289724495,47.434391420151194,1.4334614234468546,59.22937131559537,0.701241628946479,0.5529574448224773,0.35398058424939194,0.44704255517752267,3.629517443501097,1.4552516258218668,0.31600387543758623,0.44551104998516183,2481.1808868180815,-0.01783068416876432,0.9994614491299981,-0.21061079750519696,0.995579582585723,-0.005589212594887094,0.996116041745927,-0.31641836265229273,0.9946861337407222,0.0005310710925263695,1.0007579036530463,-0.0004832000489054522,0.9991269162205879,0.002813398182770488,1.0080115634187665,0.0004832000489054522,1.0010820511144933,-0.037041977579467034,0.989897346987618,-0.005198318426245407,0.99644060486447,-0.0011288005038471716,0.9964406048620104,0.004681547900708627,1.010619860688909,-26.655014578893315,0.9893713083204343
target_word_shuffle,target_shuffle,1,776.0830195134525,509.4900020726538,0.656489047256911,623.1387731717973,0.3198619575425534,0.8213306220230641,0.18112494281712413,0.17866937797693594,1.7803326648343187,0.919706617202254,0.1997117544104226,0.7347572186981971,275595.86003114225,738.5955049149914,526.3250897959279,0.7126026171205909,633.2418448523272,0.35322530942605707,0.7975466957997936,0.2111411562944489,0.20245330420020635,1.5521726931534505,0.7702953278104945,0.1672675051519771,0.794317894397523,290341.85233865463,-37.48751459846119,0.9516965148625928,16.835087723274057,1.033043018812511,0.05611356986367988,1.0854752567419985,10.103071680529865,1.0162131969883752,0.033363351883503645,1.104305470205724,-0.023783926223270413,0.9710422020237625,0.030016213477324777,1.1657210376953187,0.023783926223270413,1.1331169699667702,-0.2281599716808682,0.8718441917129162,-0.14941128939175952,0.8375446184707185,-0.032444249258445496,0.8375446184674354,0.05956067569932588,1.0810617087965073,14745.99230751238,1.0535058556606987
target_word_shuffle,target_shuffle,2,757.9894643731543,478.7850045962466,0.6316512657497078,590.9807411867182,0.31005112443231747,0.8290324521949253,0.1644634485513032,0.17096754780507473,2.00383172892002,1.03286129413966,0.22428298030815288,0.6843490531355657,245732.94817442526,751.4858892044872,492.934818090808,0.655946871620732,598.7570946506119,0.31408727953335525,0.8240920641210034,0.1744785246626775,0.17590793587899656,1.706114477389675,0.8777976220237096,0.1906113317363467,0.7531461111511342,255924.36313253143,-6.503575168667112,0.9914199662734805,14.149813494561386,1.0295535853435775,0.024295605871024195,1.0384636383830392,7.776353463893656,1.0131583872738008,0.004036155101037775,1.0130177083131522,-0.004940388073921831,0.9940407784256988,0.010015076111374283,1.0608954524457102,0.004940388073921831,1.028896642294511,-0.2977172515303448,0.8514260218388431,-0.1550636721159504,0.8498698005273173,-0.033671648571806184,0.8498698005243509,0.06879705801556846,1.1005291929597214,10191.41495810618,1.0414735387900533
target_word_shuffle,target_shuffle,3,774.1342921153564,495.27544881706484,0.6397797563827098,621.9863792342608,0.31809511967457804,0.8253326544958258,0.14878135983055868,0.17466734550417418,2.1469889266209177,1.1220909740789624,0.24365895911796906,0.6581980547543778,263298.9594266857,678.1838980324451,464.7307763502574,0.6852577563379769,580.7272230244924,0.3564909413277672,0.8007761793469262,0.17932398794080648,0.19922382065307376,2.0305106569543403,1.0791215329401684,0.23432826352944666,0.6823310821752295,231513.01813246674,-95.95039408291132,0.876054587608148,-30.54467246680747,0.9383279091669847,0.045477999955267134,1.071083837055625,-41.25915620976832,0.9336654988159641,0.038395821653189166,1.120705472285613,-0.02455647514889958,0.9702465726805991,0.0305426281102478,1.205285313589191,0.02455647514889958,1.140589960171875,-0.11647826966657737,0.9457480808478854,-0.04296944113879397,0.9617059203465869,-0.009330695588522397,0.961705920343497,0.02413302742085177,1.0366652973911035,-31785.941294218967,0.8792781355329677
target_word_shuffle,target_shuffle,4,598.0687102218233,497.2842102203034,0.8314834093826112,629.2902731472175,0.43787207638134834,0.7516409973605849,0.17681259540673525,0.24835900263941513,2.39108877048862,1.2175923113891585,0.2643968110220687,0.6149098855044794,265902.0072402598,509.93158450198416,444.5612348811357,0.871805646860074,562.4645690278386,0.46295701652626203,0.7351424854186297,0.18792567213289782,0.2648575145813703,2.4582947751458355,1.242793990047556,0.2698692860100892,0.6049155869980242,212782.88051196493,-88.1371257198391,0.8526304349091428,-52.722975339167704,0.8939781833897126,0.040322237477462775,1.0484943379764535,-66.82570411937888,0.8938078229222106,0.025084940144913692,1.0572882846313534,-0.016498511941955174,0.9780500105757026,0.011113076726162574,1.0628522911477853,0.016498511941955174,1.066430094200541,0.0672060046572156,1.028106863068264,0.02520167865839751,1.0206979613961458,0.005472474988020504,1.0206979613931237,-0.00999429850645528,0.983746726564268,-53119.126728294854,0.8002304409823493
target_word_shuffle,target_shuffle,5,971.1033249228784,457.75075373756545,0.47137183241949865,598.4800939509232,0.19310362834168276,0.8992734681985175,0.06505259513233275,0.1007265318014825,3.562510821944253,1.4957377356406465,0.32479532248159876,0.4464723880090526,231470.82429016038,887.688713880273,417.1138087637323,0.469887475464727,544.4774745443071,0.1933544650830946,0.8991252421214306,0.06962222362056414,0.10087475787856937,3.5455635610504155,1.485876764274717,0.32265403975638424,0.4446486091811572,192952.1873048127,-83.41461104260543,0.9141032587348716,-40.636944973833124,0.9112247338927775,-0.0014843569547716706,0.9968509850320298,-54.00261940661608,0.9097670583325277,0.0002508367414118251,1.0012989747658532,-0.00014822607708686597,0.9998351712984666,0.004569628488231392,1.070245137459396,0.00014822607708686597,1.0014715693416063,-0.01694726089383769,0.9952428885856454,-0.00986097136592945,0.9934072858282877,-0.0021412827252145217,0.9934072858258935,-0.001823778827895417,0.995915136349139,-38518.63698534769,0.8335918269463514
target_word_shuffle,target_shuffle,6,1076.1708400202183,533.2050979055718,0.495465104681292,694.2270961851478,0.17475312455736944,0.9079585050949557,0.038467821714968396,0.09204149490504432,3.317643854422403,1.4760579958126945,0.32052192127531315,0.4764556129644342,308156.294314998,982.7962405980753,458.0764846586025,0.46609507213808843,599.9921076141779,0.17314337220557852,0.9096553966717852,0.04964682004263686,0.09034460332821481,3.6476231504562446,1.5321073465204798,0.3326928831386388,0.4342803836019426,231544.58395313457,-93.37459942214298,0.9132344085625015,-75.12861324696934,0.8590999719581167,-0.029370032543203584,0.9407222985702766,-94.2349885709699,0.8642591320782462,-0.0016097523517909218,0.9907884201964398,0.0016968915768295068,1.0018689087290946,0.011178998327668464,1.2906064816773326,-0.0016968915768295068,0.9815638416177215,0.3299792960338417,1.099461940615742,0.05604935070778527,1.037972322812348,0.012170961863325669,1.0379723228098132,-0.04217522936249163,0.9114813044157561,-76611.71036186346,0.7513868391617183
target_word_shuffle,target_shuffle,7,1087.278374151261,667.9741556943733,0.6143543103354734,871.8802192172956,0.23504117239252081,0.8724531749374307,0.06388815725314494,0.1275468250625693,3.098727426619409,1.427510491552701,0.3099799646701683,0.5007523133754642,497287.96949256654,963.2297965422346,593.5097480173991,0.6161663085464726,774.7122014221928,0.24253899323495945,0.8683923495501379,0.08068233099220694,0.1316076504498621,3.196543129157056,1.445213632160348,0.3138241528092975,0.4879111014604862,395056.8291743585,-124.04857760902644,0.8859090913990995,-74.46440767697413,0.8885220228325036,0.0018119982109991994,1.0029494351704098,-97.16801779510274,0.8885534782721263,0.007497820842438635,1.0319000316629008,-0.004060825387292799,0.9953455090714991,0.016794173739062,1.2628683383565962,0.004060825387292799,1.0318379182254742,0.09781570253764693,1.0315664106808284,0.017703140607646883,1.0124014084039261,0.0038441881391291788,1.0124014084013693,-0.012841211914978001,0.9743561605748908,-102231.14031820802,0.7944226553026713
target_word_shuffle,target_shuffle,8,2038.5137483175363,791.7392254444499,0.38839042714227573,1019.1281763308901,0.08056623292169658,0.958380066931082,0.018924701757553175,0.04161993306891798,2.327623960573598,1.235705728146994,0.2683300894952396,0.6260834510564436,705279.8130775742,1810.537992127398,693.9087513428966,0.3832610828163553,895.8594924429458,0.08199658998998387,0.9577055693112928,0.020265316697806436,0.042294430688707196,2.498732466231564,1.3018352982374517,0.2826899431856997,0.5984010253019987,536747.4898570053,-227.97575619013833,0.888165700928779,-97.83047410155325,0.8764359893288903,-0.005129344325920437,0.9867933296794974,-123.26868388794435,0.8790449653430812,0.0014303570682872857,1.0177538034905977,-0.0006744976197892161,0.9992962107163306,0.001340614940253261,1.0708394222723938,0.0006744976197892161,1.0162061197372931,0.17110850565796598,1.0735120915385001,0.06612957009045761,1.0535156296382706,0.014359853690460056,1.0535156296351973,-0.027682425754444906,0.9557847668570544,-168532.32322056894,0.7610419012488708
target_word_shuffle,target_shuffle,9,3260.606950756486,900.8906914517379,0.27629539685631965,1142.4977438624053,0.03377048101927147,0.982855387893053,0.006071612309509369,0.017144612106946955,1.9927815970577967,1.1244372101077758,0.24416843779824718,0.6920508849168948,873177.6992919076,2830.5940181430915,725.1153573991802,0.2561707375736156,945.9136283542052,0.03781240520625489,0.9809307064504895,0.008768497864116653,0.01906929354951048,2.5934326445010383,1.3745644304807587,0.2984828735891397,0.5876909009831542,576524.6968657216,-430.0129326133947,0.8681187462617569,-175.7753340525577,0.8048871680877223,-0.02012465928270407,0.9271625241947243,-196.58411550820006,0.827934788874405,0.004041924186983417,1.1196880845006965,-0.001924681442563525,0.998041745034651,0.002696885554607284,1.4441794725495298,0.001924681442563525,1.1122615915393845,0.6006510474432416,1.3014133853548022,0.25012722037298296,1.2224465876114026,0.05431443579089254,1.222446587607483,-0.10435998393374057,0.8492018633180104,-296653.002426186,0.6602604456495477
target_word_shuffle,target_shuffle,10,3417.4125655244147,1256.001522350315,0.3675299655128343,1562.215177486744,0.03765603763957599,0.9802534089739655,0.003197843872347205,0.019746591026034488,1.4650425006931185,0.7666120600194223,0.1664676937134598,0.821576202493955,1737536.3499701328,3041.215730988258,1000.2596970001312,0.32890126366507105,1268.2903433113268,0.038869371572092845,0.9799525820110463,0.004181196284784063,0.02004741798895371,1.7461352405162112,1.0086890741080574,0.21903404942061477,0.7472178581890624,1072395.3757492204,-376.19683453615653,0.8899176416885363,-255.74182535018394,0.7963841438092979,-0.038628701847763236,0.8948964561440387,-293.92483417541735,0.8118538096344208,0.0012133339325168524,1.0322214977342554,-0.0003008269629192206,0.9996931130652902,0.0009833524124368584,1.3075048221186536,0.0003008269629192206,1.0152343744551842,0.2810927398230927,1.1918666111658294,0.24207701408863513,1.3157751184884652,0.05256635570715498,1.3157751184822772,-0.07435834430489263,0.9094930645750426,-665140.9742209124,0.6171930594532047
target_word_shuffle,target_shuffle,11,6446.593051789008,1420.9686857253828,0.22042165129859506,1855.2985541458488,0.01258074166685603,0.9936732651756519,0.00218039258918957,0.00632673482434809,1.4022771176848379,0.7197002401546447,0.15628092146180367,0.8409501378239137,2515162.0706342063,5851.237173111246,1311.4057061609135,0.22412451715123466,1681.0834571740866,0.013055739896528085,0.9934285480512911,0.0021189911743810133,0.006571451948708895,1.4465032186584563,0.7801827948332307,0.16941454133596445,0.8275823942419439,1984106.7096162476,-595.3558786777621,0.907647981826223,-109.56297956446929,0.9228955707010954,0.0037028658526395974,1.0167990114846146,-174.21509697176225,0.9060986186926832,0.0004749982296720547,1.037755979831116,-0.00024471712436080484,0.99975372475648,-6.140141480855685e-05,0.9718392843175007,0.00024471712436080484,1.0386798451517747,0.044226100973618454,1.0315387739091144,0.06048255467858599,1.084038536189047,0.013133619874160785,1.0840385361836167,-0.013367743581969793,0.984103999771562,-531055.3610179587,0.7888583931754142
target_word_shuffle,target_shuffle,12,7102.905006551972,1388.2396110520503,0.195446737605457,1861.8615029623954,0.012311310072715933,0.9938417268288288,0.002574264951842743,0.006158273171171236,1.5196015149123092,0.8433657648510232,0.18313454895045742,0.8057531321943574,2555884.691544335,6212.44093846179,1150.9325079929517,0.18526252714410904,1543.9380748800788,0.013782472009512494,0.9931180914766361,0.003069295266478163,0.0068819085233639,1.8434382846733797,1.1052415951157446,0.24000016296435794,0.7252564869609172,1585886.9140359454,-890.4640680901821,0.8746338199273695,-237.3071030590986,0.8290589742794756,-0.010184210461347959,0.9478926556305358,-317.9234280823166,0.8292443194209282,0.0014711619367965608,1.1194967819824002,-0.0007236353521926642,0.9992718806891909,0.0004950303146354202,1.192299674937796,0.0007236353521926642,1.1175062117190118,0.32383676976107045,1.2131063746527948,0.2618758302647214,1.3105127587312844,0.05686561401390053,1.3105127587256822,-0.08049664523344024,0.9000976328629107,-969997.7775083894,0.6204845309659528
target_word_shuffle,target_shuffle,13,7796.34686112977,1427.7688193987935,0.18313305511292952,1971.6607606190762,0.012133729593701983,0.9939483979441434,0.003029959188991434,0.006051602055856642,1.6360270495296978,0.949956217427867,0.20628037163930416,0.7741673444447528,2714489.790079411,7121.209373291782,1277.9427522721155,0.17945585999269473,1762.5778937198636,0.01288221254333964,0.9935802242478986,0.0031245560985313377,0.006419775752101398,1.8767398047094879,1.1436841184951814,0.248347850851421,0.7182042271024055,1984413.181801722,-675.1374878379884,0.9134033541780933,-149.82606712667803,0.895062796517879,-0.0036771951202347886,0.9799206368345291,-209.0828668992126,0.8939559628738749,0.0007484829496376567,1.0616861405057576,-0.0003681736962447557,0.9996295846967449,9.459690953990364e-05,1.0312205223266295,0.0003681736962447557,1.0608390458899397,0.24071275517979007,1.147132503247938,0.1937279010673144,1.2039335050521114,0.04206747921211684,1.2039335050475422,-0.05596311734234727,0.927711860045695,-730076.6082776892,0.7310446291064034
target_word_shuffle,target_shuffle,14,13600.943791376214,1592.9994829137047,0.11712418692030463,2258.740203424046,0.004898680199681006,0.9975674567810472,0.001055906545909914,0.0024325432189528096,1.605075498556926,0.941863231815388,0.20452300214249314,0.7824991915406111,3551588.3006577846,12231.210449759157,1445.6996033879736,0.1181975904450602,2026.3797006381906,0.005416889571971799,0.9973110878018951,0.0012100610656441474,0.0026889121981048536,1.817886838412373,1.126012527247853,0.24451051356883874,0.7316503139497572,2637364.3339976794,-1369.7333416170568,0.8992913019399765,-147.29987952573106,0.9075330022980859,0.0010734035247555729,1.0091646614757444,-232.36050278585526,0.8971282742328583,0.0005182093722907932,1.105785507537061,-0.00025636897915204404,0.9997430058705212,0.0001541545197342334,1.1459925778331075,0.00025636897915204404,1.1053913353107936,0.21281133985544698,1.1325864982959657,0.18414929543246494,1.1955159615651756,0.0399875114263456,1.1955159615605995,-0.05084887759085388,0.9350173416899309,-914223.9666601052,0.7425872907367155
target_word_shuffle,target_shuffle,15,18110.948630841405,1882.3885014508776,0.10393649387560683,2689.5539006634513,0.0031632451135989665,0.9984307144740722,0.0007659622833069893,0.0015692855259278327,1.499207443440097,0.8505030673655155,0.1846843944993165,0.8118337926762691,4857149.635924439,16703.096552058167,1778.5190183955385,0.10647840134626943,2490.456193115384,0.0034563259672870197,0.9982854465559086,0.0008975446735431598,0.0017145534440914378,1.5830194221174099,0.9544190033027227,0.20724945327898694,0.7892187361906206,3993731.0352725247,-1407.8520787832385,0.9222651387577906,-103.86948305533906,0.9448203795468996,0.002541907470662602,1.0244563519015788,-199.09770754806732,0.9259737060859962,0.0002930808536880532,1.092651957742835,-0.00014526791816360518,0.9998545037556863,0.00013158239023617051,1.1717870343384085,0.00014526791816360518,1.0925694621347806,0.08381197867731283,1.0559041906061652,0.10391593593720716,1.1221817297590364,0.02256505877967044,1.1221817297542795,-0.022615056485648544,0.9721432432467876,-863418.6006519143,0.8222375950154182
target_word_shuffle,target_shuffle,16,23049.78737666551,2398.8660888580575,0.10407324152961835,3256.3132338975533,0.002429611139737915,0.9987939165538324,0.0006490697825201184,0.0012060834461675718,1.3366491269471772,0.6917836998185671,0.15021892175090965,0.8628849661581404,7218545.5113044735,21274.14770306865,2081.7394387537825,0.09785301238899952,2903.1719541746156,0.0027259697371549187,0.9986473454787906,0.00075965035502029,0.0013526545212093621,1.448740244121279,0.8559399462504172,0.18586499774856108,0.8279812151244188,5484210.7849507835,-1775.6396735968592,0.9229650302373534,-317.1266501042751,0.8678014368633478,-0.00622022914061883,0.9402321956140008,-353.1412797229377,0.8915518089455245,0.0002963585974170035,1.1219777895515388,-0.00014657107504179034,0.9998532519335447,0.0001105805725001716,1.1703677698574364,0.00014657107504179034,1.1215264784422714,0.11209111717410192,1.0838597915587818,0.16415624643185012,1.237294180932083,0.03564607599765143,1.2372941809256348,-0.034903751033721564,0.9595499372412472,-1734334.72635369,0.7597390327957805
target_word_shuffle,target_shuffle,17,25727.24140404282,2458.9181611904833,0.09557644065189534,3528.800976168271,0.002204598790965267,0.9989068058307974,0.00042137302701042906,0.001093194169202616,1.388557027312485,0.755385076486249,0.16402978521502187,0.8458871397924519,8490166.777261017,24093.221638907173,1900.6308101057596,0.07888653657825932,2659.3843143774275,0.002497881287959899,0.9987622872925157,0.0004936530582237139,0.0012377127074842953,2.0383148548869694,1.332204447940761,0.2892845202538202,0.688902438244194,4290815.224743567,-1634.0197651356466,0.9364867869246614,-558.2873510847237,0.7729540739109309,-0.01668990407363602,0.8253763797791058,-869.4166617908436,0.753622641893821,0.0002932824969946318,1.1330321403892216,-0.00014451853828167938,0.9998553233009947,7.228003121328481e-05,1.1715345439990903,0.00014451853828167938,1.1321984156345197,0.6497578275744844,1.46793744498244,0.5768193714545121,1.7636096997519237,0.1252547350387983,1.7636096997435062,-0.15698470154825794,0.8144141290673951,-4199351.5525174495,0.5053864473234544
target_word_shuffle,target_shuffle,18,30286.91474029901,3199.84461353591,0.10565105891351412,4462.343867868815,0.002104852201131214,0.9989553319616298,0.00047621163247375337,0.0010446680383702223,1.2648958712641947,0.6068238917778609,0.13177013384309053,0.8879582003447827,14409845.252609497,29361.92822971706,2322.294381760744,0.07909202568686757,3317.819361744259,0.002265970245018519,0.9988768334027128,0.0005164801605303198,0.001123166597287173,1.6847169838281315,1.124379794635727,0.24415597018690385,0.7654489721515247,7066811.662608365,-924.9865105819481,0.9694592031405832,-877.5502317751661,0.7257522355732607,-0.026559033226646545,0.7486155510363945,-1144.5245061245564,0.7435149464016599,0.00016111804388730484,1.0765460124583421,-7.849855891695068e-05,0.999921419349389,4.02685280565664e-05,1.0845601497863993,7.849855891695068e-05,1.0751421073092975,0.41982111256393684,1.331901717841024,0.5175559028578661,1.8528930878770906,0.11238583634381333,1.8528930878660823,-0.12250922819325794,0.8620326630841957,-7343033.590001132,0.4904155137494365
target_word_shuffle,target_shuffle,19,34807.30677544516,3478.008204405938,0.09992178443577546,4851.991871760234,0.001940271513420657,0.9990372113234695,0.0003985151236273973,0.000962788676530546,1.2597247996030263,0.601135936211681,0.13053500998523912,0.8898534844366661,18282025.120777454,36376.10709064935,3477.909625625448,0.09560972582795868,4791.288206113279,0.0019307352741381367,0.9990421994326623,0.0004455516793030398,0.000957800567337741,1.306704489231331,0.6950484112903241,0.15092784483950478,0.8735320277359504,16568264.858821485,1568.8003152041856,1.0450710055025256,-0.09857878049024293,0.9999716565417051,-0.004312058607816777,0.9568456605021382,-60.703665646955415,0.9874889185201924,-9.536239282520323e-06,0.9950851000946804,4.9881091928050125e-06,1.0000049929153152,4.703655567564252e-05,1.1180295345618831,-4.9881091928050125e-06,0.9948191017310268,0.04697968962830479,1.037293613368628,0.09391247507864309,1.156225022362358,0.020392834854265657,1.1562250223554236,-0.01632145670071572,0.9816582651108796,-1713760.261955969,0.9062598234804805
target_word_shuffle,target_shuffle,20,37518.15169625891,3998.8226324072207,0.10658367887578961,5700.537904857534,0.0018440586407546537,0.9990849780599989,0.00036046113344326606,0.0009150219400011483,1.210810091541175,0.519964555405062,0.11290886859884804,0.9080090637390565,24953507.832689036,39870.16214154424,3969.2643914795963,0.09955475920534743,5566.616569315792,0.0018504519996864993,0.9990823191442472,0.00040429589842187524,0.0009176808557528338,1.2751234675802487,0.6464564105601351,0.14037622594862487,0.8844776176072845,22023846.614917263,2352.010445285334,1.0626899337773044,-29.55824092762441,0.9926082640705093,-0.0070289196704421825,0.9340525702854787,-133.92133554174234,0.9765072458464619,6.393358931845554e-06,1.0034670035903859,-2.65891575168542e-06,0.999997338648053,4.3834764978609186e-05,1.121607462747162,2.65891575168542e-06,1.0029058480813873,0.06431337603907372,1.0531159894415478,0.1264918551550731,1.2432701495495022,0.02746735734977683,1.243270149540882,-0.02353144613177205,0.9740845691166927,-2929661.2177717723,0.882595215173158
target_word_shuffle,target_shuffle,21,40416.89093125922,4084.9390446930934,0.10107009595668134,5902.920278488361,0.0018062303591012496,0.9991038528007863,0.0003725931305749115,0.0008961471992137149,1.2197562552824741,0.5359271547987445,0.11637510301560229,0.9046145665019567,27129281.185116574,43403.66087293043,4229.282877628663,0.09744069492226498,5854.700803113168,0.0018890859441763584,0.9990631824367512,0.00042486436098241595,0.0009368175632488152,1.2992023847160659,0.6881812936181653,0.14943666918370535,0.8761117553554628,24568652.766650792,2986.7699416712057,1.0738990524221936,144.34383293556994,1.035335614890776,-0.003629401034416363,0.9640902583397564,-48.219475375192815,0.9918312507876962,8.285558507510875e-05,1.0458721024213458,-4.067036403510027e-05,0.9999592931556404,5.227123040750444e-05,1.1402903730043534,4.067036403510027e-05,1.0453835742893591,0.07944612943359175,1.0651327911527113,0.15225413881942074,1.2840948391116929,0.03306156616810306,1.2840948391030549,-0.02850281114649389,0.9684917619028848,-2560628.418465782,0.9056138494421087
target_word_shuffle,target_shuffle,22,45402.54171913926,5981.70519651426,0.1317482451426876,8145.374543329507,0.001858563916576554,0.9990760276987438,0.00043558208891306236,0.0009239723012561818,1.1309277543627962,0.36979895353227815,0.08030082246633272,0.9400411641378135,51668185.364133954,49858.96003287091,6577.770442515823,0.13192754999661532,8579.78131994138,0.00196960768436881,0.9990212464526955,0.0004938984833519896,0.0009787535473044784,1.1515707627144625,0.42921703205409856,0.09320329427999308,0.9315519405741103,55543592.8191181,4456.41831373165,1.0981534985706112,596.0652460015626,1.0996480479093,0.00017930485392772533,1.0013609657778149,434.4067766118724,1.0533317129004975,0.0001110437677922559,1.0597470798513347,-5.4781246048296595e-05,0.9999451680897855,5.8316394438927255e-05,1.133881522655274,5.4781246048296595e-05,1.0592888389776731,0.020643008351666214,1.0182531627427243,0.059418078521820406,1.1606767081223592,0.01290247181366036,1.1606767081110436,-0.008489223563703185,0.9909693065702284,3875407.4549841434,1.0750056814976572
target_word_shuffle,target_shuffle,23,51849.609329896804,7702.0097727137545,0.14854518427919433,10172.751997678197,0.002090020573475532,0.998959189477722,0.0004769313107211607,0.0010408105222780017,1.1174314928929907,0.33903281436622174,0.0736200402316898,0.9457510496902101,81672997.92058742,55932.381221137104,8280.926086662856,0.1480524502241906,10696.830197799929,0.002308306798022991,0.9988513869969912,0.0005640506310451926,0.001148613003008836,1.139471892395386,0.4006564160092498,0.08700143530597543,0.9365149907986016,87815315.9636883,4082.7718912402997,1.0787425776974204,578.9163139491011,1.0751643182796329,-0.0004927340550037185,0.9966829348363505,524.0782001217322,1.0515178390509612,0.000218286224547459,1.1044421410072653,-0.0001078024807308342,0.9998920851994093,8.711932032403192e-05,1.1826663865067566,0.0001078024807308342,1.1035755090093762,0.022040399502395225,1.0197241617419548,0.06162360164302805,1.1817629416109579,0.013381395074285624,1.1817629415983912,-0.0092360588916085,0.9902341542252329,6142318.043100879,1.0752062272658731
target_word_shuffle,target_shuffle,24,57931.33491924099,9950.463044150803,0.1717630546235853,12754.398591068884,0.0024070174903266656,0.9987976082827256,0.0006006671645922822,0.0012023917172744314,1.0979805951483448,0.30079218831873167,0.06531619379321446,0.9541962625995074,118928046.29453777,59150.691755167936,9635.367997185991,0.16289527157295094,12333.512906299198,0.0028873146867129463,0.9985610432895826,0.0007398437776264567,0.0014389567104173828,1.1438473265113185,0.4151663862888986,0.09015223531849126,0.9347278588692506,110412276.04349972,1219.3568359269484,1.0210483124137704,-315.09504696481235,0.9683336297449959,-0.008867783050634348,0.948371999607155,-420.8856847696861,0.967000742389813,0.0004802971963862807,1.1995403843623742,-0.00023656499314295143,0.9997631502196431,0.0001391766130341745,1.2317033791866094,0.00023656499314295143,1.1967453605572476,0.0458667313629737,1.0417737176454698,0.11437419797016696,1.3802432457042109,0.024836041525276797,1.3802432456876674,-0.019468403730256822,0.9795970656202333,-8515770.251038045,0.9283956096449457
target_word_shuffle,target_shuffle,25,61736.1627913182,9943.580087398681,0.16106572935234356,12846.9839874124,0.002639702683944499,0.9986810630448956,0.0006329613366552789,0.0013189369551044328,1.117595755945427,0.34421425049775606,0.07474517479181955,0.9457126519287901,122005601.76262723,61972.49264208534,9287.874266676186,0.14987091644541692,12216.303989661159,0.003273468548902498,0.9983687409397837,0.0007746899374093114,0.001631259060216328,1.187472475607725,0.5004515893773778,0.1086716818631536,0.9171671239090502,109886136.2558313,236.3298507671352,1.0038280618697664,-655.7058207224945,0.9340573701866735,-0.011194812906926643,0.930495376310825,-630.6799977512419,0.9509083222669857,0.000633765864957999,1.2400898660188786,-0.0003123221051118952,0.9996872654166894,0.0001417286007540325,1.2239135178130267,0.0003123221051118952,1.2367983569391816,0.06987671966229803,1.062524145505656,0.1562373388796217,1.4538956148742783,0.033926507071334044,1.4538956148590505,-0.028545528019739863,0.9698158547815864,-12119465.506795928,0.900664679885966
target_word_shuffle,target_shuffle,26,62048.571871948,9198.40616241352,0.14824525182298506,11992.828365151658,0.003269193322611092,0.9983689184251395,0.0007418882821414404,0.0016310815748604712,1.1838495589946743,0.476289718831775,0.10342499833794559,0.9185421061494397,106050800.14611328,63441.47633857555,9401.922597497825,0.1481983576063313,12391.08760460661,0.0038515663226281055,0.998080457430539,0.0009097039766451767,0.0019195425694610302,1.230044226560744,0.5738659247399102,0.12461340223342489,0.9008784310063499,115713720.24917589,1392.9044666275513,1.0224486144419591,203.51643508430607,1.0221251846777448,-4.689421665377003e-05,0.9996836713683791,398.25923945495197,1.0332081163282716,0.0005823730000170135,1.1781396636322916,-0.00028846099460055896,0.9997110677323016,0.0001678156945037363,1.2262007600297178,0.00028846099460055896,1.1768525853456364,0.046194667566069825,1.0390207245625527,0.09757620590813515,1.2048673360958986,0.021188403895479296,1.2048673360867785,-0.017663675143089752,0.9807698797629243,9662920.103062615,1.0911159565957953
target_word_shuffle,target_shuffle,27,64019.55020368352,10963.719014129883,0.17125579575688835,14352.680357340018,0.004577643041223674,0.9977095030373073,0.0011049814325449936,0.0022904969626926786,1.19168359139962,0.483483447126175,0.10498709658923021,0.9154211814698628,150726595.07564473,64422.781172734314,10660.874447327995,0.16548298991847937,14249.91709100366,0.005236926684416372,0.997384654925844,0.001262944016118749,0.0026153450741559503,1.2492307274924352,0.5972524303976704,0.1296917174125071,0.8937357619176833,151754085.65121385,403.2309690507973,1.0062985598581666,-302.8445668018885,0.9723775694714916,-0.005772805838408973,0.9662913257103997,-102.76326633635836,0.992840134122836,0.000659283643192698,1.144022510298758,-0.00032484811146327175,0.9996744061157341,0.00015796258357375528,1.1429549653761881,0.00032484811146327175,1.141824292113254,0.057547136092815254,1.0482906171630495,0.11376898327149537,1.2353110203596478,0.024704620823276888,1.2353110203504363,-0.021685419552179508,0.9763109921508084,1027490.575569123,1.0068169162519292
target_word_shuffle,target_shuffle,28,65345.82805938025,9744.087876530577,0.14911568444241077,13057.068316784094,0.006064267847334458,0.9969760396298253,0.0013234511328351658,0.0030239603701747164,1.405766979790539,0.7868463533880394,0.17086151469106078,0.8406466956270957,120064377.71192591,63367.39507939627,9659.051076206244,0.1524293536779273,13124.809650651623,0.0071915615350065555,0.9964169998112993,0.00152989184274141,0.0035830001887007246,1.5208463494168918,0.9388788546822405,0.20387495288207103,0.8068798240514271,120963050.42243071,-1978.432979983976,0.9697236527757188,-85.03680032433294,0.9912729850754781,0.0033136692355165143,1.0222221374423832,67.74133386752874,1.0051880967629196,0.0011272936876720978,1.185891143805877,-0.0005590398185260081,0.9994392645386614,0.00020644070990624426,1.1559866500760096,0.0005590398185260081,1.1848700872058182,0.11507936962635279,1.0818623365605142,0.1520325012942011,1.193217520343558,0.03301343819101024,1.1932175203380906,-0.0337668715756686,0.9598322675241834,898672.7105048001,1.0074849237353398
target_word_shuffle,target_shuffle,29,69158.26106567384,10457.110860556177,0.1512055204890986,14072.612154795974,0.0073559390433515425,0.9963324403390098,0.0015916700094673684,0.003667559660990194,1.5226828912325345,0.9172318391869788,0.19917436319243786,0.8063189552612473,133621464.28271058,65447.57433306902,10022.773567382084,0.15314201740121372,13723.543410396222,0.008922904911624199,0.9955555882548498,0.0018409000441201712,0.004444411745150201,1.7382933155456206,1.126374477218027,0.24458911000622457,0.7510207425821789,126025438.68016593,-3710.686732604823,0.9463449966001735,-434.33729317409234,0.9584648858594014,0.0019364969121151154,1.0128070516528656,-349.0687443997522,0.9751951705511339,0.001566965868272656,1.2130205073512528,-0.0007768520841600068,0.9992202882755731,0.0002492300346528028,1.1565839853825106,0.0007768520841600068,1.2118171631156096,0.21561042431308608,1.1415990325716596,0.20914263803104827,1.228015022041975,0.04541474681378671,1.2280150220371482,-0.055298212679068426,0.9314189350018651,-7596025.60254465,0.9431526540790385
target_word_shuffle,target_shuffle,30,68422.0851813794,11023.2191944433,0.16110615695534508,14828.51377657611,0.009028931043565003,0.9954931915240088,0.0021908090738674583,0.004506808475991164,1.559761119788117,0.9576147281781882,0.20794339611853477,0.7963201872134098,147429662.16126996,64511.06478933688,10292.553646885022,0.15954710529884622,14095.51620874013,0.010794495885578853,0.9946193644260931,0.002417604036640621,0.005380635573906889,1.8568506256776514,1.2193576827197015,0.2647801565357512,0.7245726508542983,131057731.64390682,-3911.0203920425192,0.9428397953427634,-730.6655475582775,0.9337157744330621,-0.001559051656498861,0.99032283007085,-732.9975678359806,0.950568372604282,0.00176556484201385,1.1955452790922174,-0.0008738270979157248,0.9991222169007735,0.00022679496277316262,1.1035210983809183,0.0008738270979157248,1.1938904440641127,0.2970895058895344,1.1904711574864115,0.2617429545415133,1.2733280377153267,0.05683676041721644,1.2733280377105327,-0.07174753635911146,0.9099011459057821,-16371930.517363146,0.888950905283536
target_word_shuffle,target_shuffle,31,70345.23586493061,11859.176896033403,0.16858535976486203,15923.051531484281,0.009160589101857337,0.9954249405944542,0.0022314567369074592,0.004575059405545812,1.5063881421419223,0.9055647394577135,0.19664088467632046,0.81117186420804,168589839.50222778,62636.068991920576,10485.031329758183,0.16739606266016865,14393.347174203438,0.012343278650797698,0.9938459268190443,0.0027153716383372765,0.0061540731809557325,1.9634134429117187,1.2855477451927182,0.27915314598018254,0.7023428541431912,132334747.33870755,-7709.1668730100355,0.8904095383543478,-1374.1455662752196,0.8841280825539555,-0.001189297104693371,0.9929454306865962,-1529.7043572808434,0.9039314572174689,0.003182689548940361,1.3474328465346872,-0.001579013775409921,0.9984137289392555,0.0004839149014298173,1.2168605342909793,0.001579013775409921,1.3451351412291457,0.4570253007697964,1.303391461989771,0.37998300573500465,1.419608879604934,0.08251226130386208,1.419608879599282,-0.1088290100648488,0.8658372967953393,-36255092.16352023,0.7849509064688258
target_word_shuffle,target_shuffle,32,71503.29041399539,12398.978331546974,0.17340430433003,16572.592741380075,0.011514858097752925,0.9942482909231467,0.003264339056955904,0.005751709076853295,1.6393422517841685,1.0231405362479693,0.2221721445520135,0.7755376683722272,178953485.4515326,63354.21148692468,10865.538584133574,0.1715045981809126,14961.754459796144,0.015692102259985435,0.9921739054309586,0.004076735499012304,0.007826094569041375,2.319600053965648,1.4676098836734481,0.3186874370330259,0.6384234136055232,137739400.01093054,-8149.07892707071,0.8860321129295096,-1533.4397474134003,0.876325314359826,-0.0018997061491174139,0.9890446424761702,-1610.8382815839304,0.9028010700123082,0.0041772441622325105,1.3627699208629338,-0.00207438549218808,0.9979136142228014,0.0008123964420564001,1.2488701163184668,0.00207438549218808,1.360655496150772,0.6802578021814794,1.4149577682388834,0.44446934742547883,1.4344167117588646,0.09651529248101237,1.4344167117538105,-0.1371142547667039,0.8232010379904362,-41214085.440602064,0.7696938657740511
target_word_shuffle,target_shuffle,33,72537.38001100323,13080.127130284622,0.1803225747649073,17413.704332920643,0.013621325237523388,0.9931944792047952,0.004076417430374838,0.0068055207952048,1.7479472312426072,1.1025316199488562,0.2394116993338207,0.7490739183904732,194027943.4059158,64403.090140292035,11362.991488261605,0.17643550120823565,15623.807157512114,0.018300084421556614,0.9908727095941583,0.004924058631255345,0.009127290405841704,2.6561269838223476,1.5923321441232117,0.34577053177494216,0.5879585515025408,145871978.44315004,-8134.289870711196,0.8878607158202115,-1717.1356420230168,0.8687217926156614,-0.003887073556671644,0.9784437774210034,-1789.8971754085287,0.8972133015934626,0.0046787591840332255,1.3434878105546522,-0.0023217696106369035,0.9976623212671365,0.0008476412008805072,1.2079377821703177,0.0023217696106369035,1.3411597259289358,0.9081797525797404,1.5195693189963178,0.4898005241743555,1.4442507727765956,0.10635883244112146,1.4442507727718732,-0.16111536688793238,0.7849139278071461,-48155964.96276575,0.7518091254411683
target_word_shuffle,target_shuffle,34,75503.29411159705,13773.620712066804,0.18242410313527266,18365.86541698607,0.015214260866493703,0.9923993442451969,0.004451509635744633,0.007600655754803065,1.889273204558629,1.1967202150456424,0.2598644928881977,0.7176746557701201,211009411.8860671,67156.72389125261,12165.660732138918,0.1811532788859514,16744.343470029806,0.020797934479354508,0.9896243329739015,0.005715200232886761,0.01037566702609849,2.986319531637178,1.6883992798379273,0.366631245241518,0.5445860611164348,164720473.1186422,-8346.570220344438,0.8894542242354637,-1607.9599799278858,0.8832580035749652,-0.0012708242493212618,0.9930336823452987,-1621.5219469562653,0.9117100169177672,0.005583673612860805,1.3670026207970905,-0.0027750112712954245,0.997203735282188,0.0012636905971421279,1.2838791105181697,0.0027750112712954245,1.3651015595827658,1.0970463270785489,1.5806710879241308,0.49167906479228485,1.4108554853584732,0.10676675235332034,1.410855485354223,-0.1730885946536853,0.7588202491716713,-46288938.76742488,0.7806309284800138
target_word_shuffle,target_shuffle,35,84314.25429688404,14428.702580487583,0.1711300503196269,19335.669298887882,0.015712410616938788,0.9921610268797374,0.004821032887811726,0.007838973120262605,2.1793994112824113,1.3445716367392708,0.29197002117974447,0.6614712955348738,228104549.45376363,74211.05863900307,12748.333200884399,0.17178481798647008,17705.489225292946,0.021464679978184353,0.9893011969846611,0.005877157799606794,0.010698803015338876,3.7923481184526815,1.8568457073543716,0.4032089222248719,0.45453120469703284,180293886.98514402,-10103.195657880977,0.8801721518842354,-1680.369379603184,0.8835398144615161,0.0006547676668431923,1.003826140789513,-1630.1800735949364,0.9156905277807633,0.0057522693612455655,1.3660971890384679,-0.0028598298950762713,0.9971175748506598,0.0010561249117950677,1.219066107855443,0.0028598298950762713,1.3648220053617999,1.6129487071702702,1.7400886220389644,0.5122740706151008,1.3809942561751776,0.11123890104512746,1.3809942561714748,-0.20694009083784098,0.6871518201387804,-47810662.468619615,0.7904002240064452
target_word_shuffle,target_shuffle,36,85780.53727976323,15642.48098620938,0.1823546632168233,20968.892240892583,0.017781669073659225,0.9911215439914223,0.00552488374769187,0.008878456008577729,2.2128882264586958,1.3582939769861708,0.2949497895037582,0.655023647100804,268272806.78813988,74504.41375458264,13516.375850280216,0.18141711570005942,18750.03932903929,0.024831707714889205,0.9876138461539375,0.006911893006460459,0.012386153846062453,4.038745341311133,1.9087529978141993,0.4144804471334982,0.43091527672846575,200696369.51659456,-11276.123525180592,0.8685468302861659,-2126.105135929165,0.8640813348084891,-0.0009375475167638925,0.9948586589384666,-2218.8529118532933,0.8941835893683412,0.00705003864122998,1.3964778902716752,-0.0035076978374847245,0.9964608802424423,0.0013870092587685888,1.2510476818805447,0.0035076978374847245,1.3950797112359128,1.825857114852437,1.825101373408519,0.5504590208280284,1.4052576468372482,0.11953065762973997,1.4052576468335187,-0.22410837037233822,0.6578621682363366,-67576437.27154532,0.7481055270543625
target_word_shuffle,target_shuffle,37,94259.75619885488,18338.713824204016,0.19455507380600254,24637.705090494106,0.017675619642771867,0.9911668720587465,0.005686859646248191,0.00883312794125346,1.9757598112165493,1.2194092719257936,0.264791358989517,0.6975186359495589,378647273.8118805,77852.65163471454,14877.745887260187,0.19110133791032227,20656.677034144872,0.02632030649553221,0.9868633219546085,0.0076098535178360655,0.013136678045391537,3.7102733691069454,1.8409602197608819,0.3997594324227744,0.4597219759179207,246081716.40131947,-16407.104564140347,0.825937332900298,-3460.967936943829,0.811275317881021,-0.0034537358956802655,0.9822480296756159,-3981.0280563492342,0.8384172534849756,0.008644686852760344,1.489074048094623,-0.004303550104138076,0.9956580973129229,0.0019229938715878744,1.3381468841979227,0.004303550104138076,1.4872056797175948,1.734513557890396,1.8778969731247408,0.6215509478350882,1.5097147956337686,0.1349680734332574,1.5097147956293056,-0.23779666003163819,0.65908199756043,-132565557.41056105,0.6498969711942988
target_word_shuffle,target_shuffle,38,100584.1498760404,19468.294657087896,0.19355231098617984,26309.628567306507,0.01821483782639857,0.9908967098121549,0.006484407820266405,0.009103290187845059,2.003119745951053,1.2241226267921257,0.2658148509943669,0.6915809229120736,433958817.66067505,81888.18498034804,15831.359148703352,0.19332897844179406,22022.694297256934,0.02792360514546077,0.9860577005086306,0.00900152210713934,0.013942299491369381,3.7992823054332336,1.846269286270185,0.40091228156729825,0.44969572339705915,280973541.2111632,-18695.964895692363,0.8141261330067092,-3636.935508384544,0.8131867442708737,-0.0002233325443857792,0.9988461385749067,-4286.934270049573,0.8370583507447649,0.0097087673190622,1.533014205784384,-0.004839009303524322,0.9951165350973497,0.002517114286872935,1.3881795154243308,0.004839009303524322,1.5315670710414044,1.7961625594821808,1.8966825688333933,0.6221466594780594,1.5082388364202672,0.13509743057293133,1.5082388364158257,-0.24188519951501447,0.65024310026201,-152985276.44951183,0.6474659109954175
target_word_shuffle,target_shuffle,39,107352.59613303187,20744.61565198708,0.1932381367496716,28095.551849646206,0.019261194703892797,0.9903734406811735,0.007260157485930026,0.0096265593188265,2.08827207771621,1.263421440613102,0.27434847998826356,0.674972545967464,492781993.7202194,87097.09824214096,16798.80237729512,0.19287442080552814,23380.42672334004,0.029370257153387723,0.9853323135921442,0.010061423215790913,0.014667686407855762,4.0879321199891825,1.888254864569647,0.41002933405478487,0.42041102410026027,316653422.2939333,-20255.49789089091,0.811318043340189,-3945.813274691958,0.8097909674063304,-0.0003637159441434723,0.9981177838326356,-4715.125126306168,0.8321753866398769,0.010109062449494926,1.5248408836201104,-0.0050411270890292625,0.9949098724956145,0.002801265729860887,1.3858409041269169,0.0050411270890292625,1.5236686255749492,1.9996600422729727,1.957566814980305,0.6248334239565452,1.4945566094333786,0.1356808540665213,1.494556609429114,-0.25456152186720377,0.6228564800321562,-176128571.4262861,0.6425831834953686
target_word_shuffle,target_shuffle,40,117287.57162554715,22535.611379228947,0.19213980703067368,30506.102387428946,0.020346449533477657,0.9898302814089948,0.0077475825710194976,0.010169718591005239,2.2100850791623574,1.3072597607445389,0.2838678502527592,0.6511075821878466,577909481.4217623,94798.18231556755,18484.372494054314,0.19498657086612567,25691.203657145765,0.0307766338291165,0.9846240382397476,0.010763845189513318,0.015375961760252355,4.156964428510565,1.8915390670816314,0.4107424895689887,0.41124617587125645,382161197.1497509,-22489.389309979597,0.8082542847610544,-4051.2388851746327,0.8202294662878037,0.0028467638354519875,1.0148161064509797,-4814.898730283181,0.842166047004834,0.010430184295638842,1.512629207221859,-0.005206243169247116,0.9947402668234893,0.00301626261849382,1.389316614499482,0.005206243169247116,1.5119358142652954,1.9468793493482077,1.8809069694657239,0.5842793063370926,1.446949660565452,0.1268746393162295,1.4469496605614618,-0.23986140631659014,0.6316101779812772,-195748284.27201146,0.6612821028815186
target_word_shuffle,target_shuffle,41,132731.3560865921,22478.022074903973,0.16934975078714348,30827.703880257668,0.018312820926030853,0.9908708049569624,0.006079857390820675,0.009129195043037552,2.760194983913716,1.488033473588907,0.3231223632334952,0.5595368111316645,580146998.2773714,109080.73028809922,19586.31084134629,0.17955793648993537,27313.44963254361,0.027456677322812546,0.9863013372947378,0.008506631896908652,0.01369866270526221,4.598598001115008,1.9410111324636536,0.42148521207087325,0.35929246596488607,433647707.45585454,-23650.62579849288,0.8218158354152312,-2891.711233557682,0.8713538395895523,0.010208185702791889,1.0602787170000758,-3514.2542477140596,0.8860033734148907,0.009143856396781693,1.4993144656531205,-0.004569467662224658,0.9953884324370436,0.0024267745060879775,1.3991499057778483,0.004569467662224658,1.5005334686335858,1.8384030172012915,1.6660409963476313,0.4529776588747467,1.3044136216780997,0.09836284883737806,1.3044136216749398,-0.20024434516677847,0.6421248054039091,-146499290.82151687,0.7474790160829639
target_word_shuffle,target_shuffle,42,144795.1879506789,25525.32622950375,0.17628573567098346,35093.05084979361,0.01888911094112053,0.9905753664764235,0.007036878107195988,0.009424633523576476,2.4855316330226094,1.4042595415869958,0.3049310850356111,0.6027267178069182,762067598.8778903,115249.17137821925,21985.526493421024,0.1907651589204921,30699.18992855768,0.029900518935735684,0.9850625268246692,0.010749193372761158,0.014937473175330784,4.062993950462767,1.855591645693309,0.402936606195189,0.41562523444157456,554676490.0606664,-29546.016572459645,0.7959461430270472,-3539.799736082725,0.861322056993293,0.014479423249508627,1.0821361024663425,-4393.86092123593,0.8747939887004218,0.011011407994615155,1.58295004075925,-0.005512839651754309,0.9944347095240633,0.0037123152655651696,1.5275514521477023,0.005512839651754309,1.5849394182148897,1.5774623174401574,1.6346579124081393,0.4513321041063132,1.321402198624143,0.09800552115957789,1.3214021986207507,-0.18710148336534366,0.6895749303319076,-207391108.8172239,0.7278573329681017
target_word_shuffle,target_shuffle,43,150249.8348349008,26519.067622767594,0.17649981214227337,36559.92174653221,0.020625581125677556,0.9897068396232299,0.00761827699420809,0.010293160376770083,2.6984061697369808,1.4691053263695641,0.3190121682884887,0.568104160081009,825763135.3918473,120087.9306937168,23655.68206132549,0.19698634096426473,33074.464828626245,0.0329969537829099,0.9834977620633861,0.012597728126883735,0.016502237936613873,3.9837680938960567,1.8350548624359933,0.39847710037284134,0.41903092634619715,651097777.736009,-30161.904141184,0.7992549930299302,-2863.3855614421045,0.8920254059390919,0.020486528821991368,1.1160711083610755,-3485.4569179059617,0.9046645410766897,0.012371372657232343,1.5998072287151683,-0.00620907755984379,0.9937263467198012,0.004979451132675645,1.6536190709274194,0.00620907755984379,1.6032236291832584,1.285361924159076,1.4763411596716318,0.3659495360664291,1.2490968683433408,0.07946493208435262,1.2490968683402757,-0.1490732337348118,0.7375952436005886,-174665357.65583825,0.788480073558921
target_word_shuffle,target_shuffle,44,162350.9403000539,29269.686563776388,0.18028652319278665,40196.474951086864,0.021110659784984182,0.9894546316091302,0.008749003375120456,0.010545368390869836,2.4821200706205606,1.4001905697448445,0.30404751902657806,0.6029188724690825,1010960991.5425527,128149.82273958623,26724.651606431562,0.20854224403211882,37296.02449518814,0.035221399451432704,0.9823536667486659,0.015433740182660981,0.017646333251334134,3.3652604872306484,1.7120609227320809,0.3717693057123661,0.4899355787863085,843692238.719392,-34201.117560467654,0.7893383463178113,-2545.0349573448257,0.9130487799451016,0.02825572083933217,1.1567267499410403,-2900.4504558987246,0.9278431638737441,0.014110739666448522,1.6684177476450521,-0.007100964860464298,0.9928233547707903,0.006684736807540526,1.7640569467358826,0.007100964860464298,1.6733728586418024,0.8831404166100878,1.3558008442306886,0.3118703529872364,1.2227342189876664,0.06772178668578804,1.2227342189845183,-0.11298329368277399,0.812606141816567,-167268752.82316077,0.8345448002222743
target_word_shuffle,target_shuffle,45,175873.54785457588,30738.983777709243,0.1747788917246743,41862.16379732462,0.02163177230559177,0.9891944681965125,0.009040515906328487,0.010805531803487534,2.621396491443028,1.474713935807206,0.3202300623534479,0.58516025782463,1085622430.2321467,141132.5673916224,28715.5814692874,0.2034653092479061,39832.88731984632,0.034723663820657176,0.9826051379443927,0.015226679363188389,0.017394862055607252,3.398700326404273,1.7419542510866382,0.37826055948741927,0.4899922359446287,958570949.4661102,-34740.98046295348,0.8024661418004733,-2023.4023084218425,0.9341747169309762,0.028686417523231783,1.1641297598296754,-2029.276477478299,0.9515248068087683,0.013091891515065405,1.605215852335685,-0.006589330252119718,0.9933386907580198,0.006186163456859902,1.684271065863092,0.006589330252119718,1.6098108237840891,0.7773038349612453,1.296522802825626,0.26724031527943226,1.1812150199367129,0.05803049713397135,1.1812150199338252,-0.09516802188000129,0.8373641739877692,-127051480.76603651,0.8829689980347328
target_word_shuffle,target_shuffle,46,186023.07533667362,30596.82387761131,0.16447864772816861,41244.17820423721,0.02072180688751053,0.9896643091745263,0.007914554157672216,0.010335690825473698,2.983180382575096,1.614308882546206,0.3505427198886109,0.5411007207881369,1018886761.2772481,158273.93208054765,30775.38312722323,0.19444378946471894,42209.86057694947,0.031418897677515566,0.984273710085597,0.013407484359708642,0.015726289914402947,3.203522704461001,1.7354648419093561,0.3768514021891663,0.5182974326769644,1070236007.656117,-27749.14325612597,0.8508295639887459,178.55924961192068,1.0058358753289611,0.02996514173655032,1.182182563811511,965.682372712261,1.0234137862543968,0.010697090790005036,1.516223843150289,-0.005390599088929249,0.9945531034716003,0.005492930202036426,1.6940290117312111,0.005390599088929249,1.5215518902831189,0.22034232188590508,1.0738615482898257,0.12115595936315016,1.0750512870690392,0.026308682300555386,1.0750512870666384,-0.022803288111172493,0.9578575905814423,51349246.37886882,1.050397402665728
target_word_shuffle,target_shuffle,47,207246.87584620577,31955.982392096506,0.15419283046664825,43061.17355744803,0.018092965884337356,0.9909894949273469,0.006240481570443071,0.009010505072653108,3.4021477272946457,1.7214748449919428,0.3738135129576282,0.49451333849487067,1084340637.283822,181502.56516785652,31561.84825617562,0.17389202310714844,43271.88916641762,0.02592945638321679,0.9870540119544075,0.010025663476553627,0.012945988045592549,3.5278966458965137,1.8428758926945732,0.40017541551489116,0.4865298239238601,1099113351.8502538,-25744.310678349255,0.8757794993375261,-394.13413592088546,0.9876663426871094,0.019699192640500185,1.1277568650874032,210.71560896958545,1.0048934014463975,0.007836490498879436,1.4331235988362845,-0.003935482972939441,0.9960287339128413,0.003785181906110556,1.6065528536181954,0.003935482972939441,1.4367660791232302,0.1257489186018681,1.0369616279716418,0.12140104770263038,1.070521534517182,0.02636190255726295,1.0705215345149404,-0.007983514571010542,0.9838558155048083,14772714.56643176,1.0136236843464947
target_word_shuffle,target_shuffle,48,111.2899502205505,79.66104511213223,0.7157972930553215,110.28483432681351,0.34865328304195775,0.8082725927844215,0.13236111915165685,0.19172740721557846,4.599924986810589,1.8938355446622614,0.41124116333952976,0.34057680750795777,7309.716069501504,104.10368901696759,98.51088331026911,0.9462765848212366,137.61401927993546,0.45376406124685326,0.7382115677929839,0.15565165056202646,0.2617884322070161,4.396462670642953,1.8997931092562352,0.41253483205390223,0.3661383783166186,11801.244413203269,-7.186261203582902,0.9354275818315818,18.84983819813688,1.236625544789204,0.23047929176591508,1.3219896107469356,27.329184953121953,1.247805467723101,0.1051107782048955,1.3014765192701334,-0.07006102499143763,0.9133200536331469,0.023290531410369603,1.1759620314369492,0.07006102499143763,1.3654199783304612,-0.2034623161676361,0.9557683404072933,0.005957564593973785,1.0031457665950783,0.0012936687143724757,1.0031457665931687,0.02556157080866084,1.0750537624526548,4491.528343701765,1.614460028405463
target_sentence_shuffle,target_shuffle,0,33.10863497389326,47.64500221765639,1.4390506360417417,59.545789678247665,0.7007105578539526,0.5534406448713828,0.35116718606662145,0.4465593551286172,3.666559421080564,1.4604499442481123,0.3171326759414334,0.4408295020844532,2507.835901396975,33.090804289724495,47.434391420151194,1.4334614234468546,59.22937131559537,0.701241628946479,0.5529574448224773,0.35398058424939194,0.44704255517752267,3.629517443501097,1.4552516258218668,0.31600387543758623,0.44551104998516183,2481.1808868180815,-0.01783068416876432,0.9994614491299981,-0.21061079750519696,0.995579582585723,-0.005589212594887094,0.996116041745927,-0.31641836265229273,0.9946861337407222,0.0005310710925263695,1.0007579036530463,-0.0004832000489054522,0.9991269162205879,0.002813398182770488,1.0080115634187665,0.0004832000489054522,1.0010820511144933,-0.037041977579467034,0.989897346987618,-0.005198318426245407,0.99644060486447,-0.0011288005038471716,0.9964406048620104,0.004681547900708627,1.010619860688909,-26.655014578893315,0.9893713083204343
target_sentence_shuffle,target_shuffle,1,772.3897212139372,508.0575479738086,0.6577735746862505,621.6830033759319,0.32128591606023027,0.8205016182266034,0.1814475727303162,0.1794983817733966,1.7885849821768485,0.9244985845946758,0.20075231690841716,0.7327753502518529,274124.47690034873,736.2102082190173,524.8279064136019,0.7128777902757205,632.1153077316692,0.35374234575667296,0.7972705035625609,0.2113770816979618,0.2027294964374391,1.556216802672234,0.7733145690598165,0.16792312505903473,0.7931637673563208,288836.28119999747,-36.17951299491983,0.9531589921496382,16.770358439793313,1.0330087772668162,0.055104215589469985,1.0837738360265845,10.432304355737301,1.0167807456518605,0.03245642969644269,1.101020393590042,-0.023231114664042485,0.9716866924464758,0.029929508967645596,1.1649485221329723,0.023231114664042485,1.1294224183716632,-0.2323681795046144,0.870082673274672,-0.15118401553485927,0.8364691757727474,-0.03282919184938243,0.8364691757694855,0.06038841710446785,1.0824105465373939,14711.804299648735,1.0536683351519787
target_sentence_shuffle,target_shuffle,2,758.7248519942779,479.31006734659854,0.6317310762745554,590.9313157085675,0.30976261433550184,0.8291594900931885,0.16396865404671498,0.17084050990681154,1.999742919184401,1.0299115908565928,0.2236424603786089,0.6852046124646805,246065.58224133225,749.912830391141,493.916458373049,0.6586318280691776,599.7148433582394,0.31617643622657177,0.8227408828661641,0.176143241250574,0.1772591171338359,1.6999988365384984,0.8731356329874953,0.18959899367978603,0.754675997085205,256944.02253854673,-8.812021603136827,0.9883857480350409,14.606391026450467,1.0304737830926618,0.026900751794622257,1.042582600102909,8.783527649671896,1.0148638723590724,0.006413821891069926,1.0207056035597069,-0.006418607227024364,0.9922588991566687,0.012174587203859027,1.0742494794115722,0.006418607227024364,1.0375707566635568,-0.2997440826459026,0.8501086915867145,-0.15677595786909748,0.8477772662607356,-0.03404346669882288,0.847777266257768,0.0694713846205246,1.101387794763282,10878.440297214489,1.0442095160084002
target_sentence_shuffle,target_shuffle,3,770.9722871607829,493.2487176202714,0.6397748996098558,618.7235426147514,0.3190037407838191,0.8247848174301269,0.15093284006028448,0.17521518256987312,2.1445173288623116,1.1184355975721496,0.24286520419487526,0.6586025730030091,261446.87673607093,672.6154721688722,463.6858388616984,0.6893773010699954,579.3267828180178,0.35967364411756814,0.7988127272492406,0.18126870202305362,0.20118727275075943,2.0292991988646674,1.0769793073221248,0.23386308514699258,0.6825480944028016,230579.6308715013,-98.35681499191071,0.8724249669801689,-29.562878758572992,0.9400649658022365,0.04960240146013961,1.077531021440995,-39.39675979673359,0.9363257463418279,0.040669903333749036,1.1274903649489882,-0.02597209018088631,0.9685104652353096,0.030335861962769134,1.200989141590734,0.02597209018088631,1.1482296784947892,-0.11521812999764425,0.9462731643862654,-0.04145629025002484,0.9629336813483232,-0.009002119047882673,0.9629336813452194,0.023945521399792558,1.0363580744751308,-30867.245864569646,0.8819368345496438
target_sentence_shuffle,target_shuffle,4,599.7096950143548,496.3969158021932,0.8277286826091922,625.4647014069708,0.436702555198717,0.7523440445166938,0.17861819829038855,0.2476559554833062,2.3766579772087115,1.2067862136442993,0.26205029671131896,0.6171478582704987,264860.1937517006,509.64660865365636,444.0537604549329,0.8712973910058928,561.1715807297945,0.46291241621862445,0.7351630730804197,0.1883384881712952,0.2648369269195803,2.457901490285844,1.2392938712833752,0.2691092448774443,0.6049335596861081,212277.5670364905,-90.06308636069843,0.8498221937890407,-52.34315534726028,0.8945538264220014,0.04356870839670057,1.052636460848873,-64.29312067717626,0.8972074354754936,0.026209861019907466,1.06001764978664,-0.017180971436274062,0.9771634113907444,0.009720289880906646,1.054419370326698,0.017180971436274062,1.0693743520186123,0.08124351307713251,1.0341839313250767,0.032507657639075926,1.0269373790241447,0.007058948166125345,1.0269373790210767,-0.012214298584390604,0.9802084728615923,-52582.62671521006,0.8014702550414017
target_sentence_shuffle,target_shuffle,5,955.1514478567877,460.98454474356106,0.48262979214232327,601.5849729137308,0.19875642068145113,0.8961104113310671,0.06622917859680087,0.10388958866893294,3.5806827678365742,1.4888454157261963,0.32329867422841996,0.4403822300623064,234665.38068110213,892.8842342078352,421.96241588769936,0.472583566515835,551.2469675902023,0.19383541616391428,0.8988397138938575,0.06939939646823405,0.10116028610614247,3.5659089476439596,1.4845173174880921,0.32235883963744805,0.4397688780938548,197382.17710489174,-62.26721364895252,0.9348090674115906,-39.022128855861695,0.915350461743636,-0.01004622562648827,0.979184406368961,-50.33800532352848,0.9163243638222525,-0.004921004517536853,0.9752410286840543,0.00272930256279047,1.003045721294247,0.0031702178714331786,1.0478673892316466,-0.00272930256279047,0.9737288153824372,-0.01477382019261464,0.9958740214781616,-0.0043280982381042055,0.9970929834666614,-0.0009398345909719108,0.9970929834642471,-0.0006133519684516364,0.9986072281586761,-37283.20357621039,0.841121841372604
target_sentence_shuffle,target_shuffle,6,1088.1139435900898,508.36359576281603,0.4671970235814977,662.8427855492993,0.17298745223694673,0.9097384564254007,0.04616658933652498,0.09026154357459926,3.6103051746862658,1.510670201258596,0.3280378661911415,0.436004495529983,283969.8639519246,1012.484427867219,446.29060504218296,0.44078762374872865,584.5831669543813,0.17013510972234688,0.9117561261365874,0.05267858962994098,0.08824387386341259,3.724152958643324,1.5457006710531653,0.33564463605627154,0.4304521132710424,220679.20810933833,-75.62951572287079,0.9304948565649825,-62.07299072063307,0.8778964677289856,-0.02640939983276902,0.9434726710558642,-78.25961859491792,0.8819333629315058,-0.0028523425145998427,0.983511275074007,0.002017669711186665,1.0022178568971487,0.006512000293415997,1.1410543942245033,-0.002017669711186665,0.9776464080686061,0.11384778395705819,1.0315341164936063,0.03503046979456936,1.023188694504175,0.007606769865130036,1.0231886945017334,-0.0055523822589406135,0.9872653096083822,-63290.655842586275,0.7771219277926575
target_sentence_shuffle,target_shuffle,7,1179.3941839799108,687.8114503226175,0.5831904715703878,896.6595130092045,0.21112807087179852,0.8864385945738728,0.05938473227254624,0.11356140542612725,2.990924883243316,1.3923864236041121,0.30235287022413476,0.5141506332327236,536408.0556691565,1022.6355609563335,607.2680048873714,0.5938264109645031,794.5963029369029,0.22729489707115108,0.8775000403091144,0.07863917247789076,0.12249995969088556,3.1873233030499963,1.43715904143271,0.3120751206557964,0.48775621954394743,418885.8064580608,-156.75862302357734,0.8670854705298019,-80.5434454352461,0.8828989465100237,0.010635939394115224,1.0182375054318995,-102.06321007230156,0.886173950544754,0.016166826199352557,1.0765735514539552,-0.008938554264758314,0.9899163299968397,0.019254440205344524,1.3242321631703589,0.008938554264758314,1.0787111979650006,0.19639841980668038,1.0656647784456035,0.04477261782859787,1.032155310529152,0.009722250431661639,1.0321553105264798,-0.026394413688776153,0.9486640451577978,-117522.24921109568,0.7809088659854494
target_sentence_shuffle,target_shuffle,8,2087.1779195878585,868.0787425987238,0.41591027504264577,1102.8758765093135,0.07854519901053279,0.9589395873195543,0.014710991214011305,0.04106041268044569,2.0236675901580803,1.1120991477305635,0.24148926159434647,0.6842753815403421,837513.1995009091,1827.5178048260027,725.2508215504585,0.39685020831822154,932.6673849247204,0.08267056799169836,0.957186302219305,0.020204343006091932,0.04281369778069499,2.390737601629432,1.2648156123386562,0.27465122053188046,0.6167556155438456,583720.719101213,-259.66011476185577,0.8755927262716875,-142.82792104826535,0.8354666298811909,-0.01906006672442423,0.9541726476379454,-170.20849158459305,0.845668497053978,0.00412536898116557,1.0525222296471595,-0.0017532851002493022,0.9981716417546717,0.005493351792080627,1.373418195333781,0.0017532851002493022,1.0427001334071242,0.3670700114713519,1.1813884914970134,0.15271646460809274,1.1373227062700304,0.033161958937533986,1.1373227062663436,-0.06751976599649645,0.901326618173217,-253792.48039969604,0.6969689784579681
target_sentence_shuffle,target_shuffle,9,3227.371690297522,1047.800465756682,0.3246606112666521,1308.9310119544402,0.035710462162437284,0.9816102457564782,0.004760985206453233,0.01838975424352185,1.674547882442595,0.9339100605079269,0.20279599293626233,0.7642250514950817,1179754.7735723427,2710.73975023805,861.3310805528678,0.3177476113216799,1096.4768257599892,0.04132400335367781,0.978830252623746,0.006651913138300878,0.02116974737625399,1.9509613219457205,1.1126287184536618,0.24160425641575603,0.7014418304898964,800390.45663815,-516.6319400594721,0.8399217723782394,-186.4693852038141,0.822037314070906,-0.006912999944972187,0.9787069952250135,-212.45418619445104,0.837688782484247,0.005613541191240523,1.1571959826380527,-0.002779993132732139,0.9971679257161921,0.0018909279318476456,1.397171561862329,0.002779993132732139,1.1511707603466357,0.27641343950312547,1.165067504130588,0.17871865794573494,1.1913660270961677,0.038808263479493704,1.1913660270915687,-0.0627832210051853,0.9178472089036103,-379364.31693419267,0.6784379894599087
target_sentence_shuffle,target_shuffle,10,3486.000781805665,1464.8844298108252,0.4202191914174069,1811.0822648075941,0.03893813650173493,0.9790812249052574,0.004166669807746824,0.020918775094742603,1.334913572886778,0.6278011384893125,0.1363252850892438,0.8629534855247116,2376126.1402892875,2952.9363857265866,1197.1484015866213,0.40540947897597723,1483.383888189255,0.04335588841787473,0.9769555595720735,0.003232299301274958,0.023044440427926527,1.4827709860014033,0.7930729741237832,0.17221360820427972,0.8165728624114886,1533038.1191211948,-533.0643960790785,0.8470842580238996,-267.7360282242039,0.8172306137087005,-0.014809712441429645,0.9647571725783372,-327.6983766183391,0.8190593641238302,0.0044177519161398004,1.1134556584347457,-0.0021256653331839237,0.9978289182959387,-0.0009343705064718657,0.7757512473125656,0.0021256653331839237,1.1016151912554641,0.1478574131146253,1.1107617872172577,0.16527183563447068,1.263255074737366,0.035888323115035925,1.2632550747301117,-0.046380623113222996,0.946253623292375,-843088.0211680927,0.6451838112157426
target_sentence_shuffle,target_shuffle,11,6785.678988358092,1825.4657850331296,0.2690174097780053,2305.1585003080218,0.011999841180108316,0.9939092312092381,0.0017182857894654363,0.006090768790761869,1.2503686148003792,0.5347250250567517,0.11611406385886265,0.8928933680394076,3924579.562029329,5896.778623270703,1559.1661396742775,0.2644098141180466,1975.7283585545688,0.013250335533757148,0.99327586159359,0.0016558521629849372,0.006724138406409952,1.3143917430831433,0.6305635595967979,0.1369251372110808,0.8702481883090305,2758695.897760303,-888.9003650873892,0.869003475317291,-266.2996453588521,0.8541196183778268,-0.004607595659958719,0.9828725000930468,-329.430141753453,0.8570900258227647,0.001250494353648832,1.1042092419204281,-0.0006333696156480828,0.9993627490350635,-6.243362648049918e-05,0.9636651668616851,0.0006333696156480828,1.1039884514258287,0.06402312828276413,1.0512034031595827,0.0958385345400462,1.179229566689338,0.020811073352218143,1.1792295666813875,-0.022645179730377052,0.9746384276757757,-1165883.664269026,0.7029277542111623
target_sentence_shuffle,target_shuffle,12,7292.732207162527,1834.6646294830293,0.25157438630217643,2360.9747369516926,0.01257356416241842,0.9936554106439875,0.002170339602498892,0.006344589356012453,1.3136584751266025,0.6304506466626288,0.13690061847895824,0.8704671724900257,4027593.0641221837,6186.230945338639,1455.3315357921474,0.23525334709476828,1890.5080558047873,0.014416221886452016,0.992749230884069,0.002516556443480836,0.007250769115931033,1.479881896198233,0.8302025373298588,0.18027619041221804,0.8179870233304296,2447924.016198833,-1106.501261823888,0.848273427517722,-379.3330936908819,0.7932411801072489,-0.016321039207408156,0.9351244001893763,-470.46668114690533,0.8007320138654528,0.0018426577240335962,1.1465501507038578,-0.0009061797599185795,0.9990880341905144,0.0003462168409819441,1.1595219657899594,0.0009061797599185795,1.1428271725603503,0.16622342107163046,1.1265347304629418,0.19975189066722998,1.3168398537194392,0.043375571933259804,1.3168398537119088,-0.05248014915959609,0.9397103637918786,-1579669.0479233507,0.6077883185381737
target_sentence_shuffle,target_shuffle,13,8271.06054722011,1873.8249933845323,0.2265519618296497,2493.693288953838,0.011280276552590177,0.9943343314233843,0.001986131234398034,0.005665668576615657,1.3485948710214604,0.686168381096377,0.14899957078332204,0.8588186743556266,4374944.800237864,6979.639478641957,1671.717769115191,0.2395134840747477,2261.365917645075,0.013654615454001574,0.9931229598644792,0.002119115241046757,0.006877040135520818,1.37949945471947,0.7352734978128009,0.15966261139490107,0.8488895245537295,3548947.5525227333,-1291.4210685781527,0.8438626992021961,-202.10722426934126,0.8921418889261943,0.012961522245098,1.0572121386165125,-232.32737130876285,0.906834023118284,0.002374338901411397,1.2104858767541222,-0.001211371558905161,0.9987817261039657,0.0001329840066487233,1.0669563034298046,0.001211371558905161,1.2138091103124418,0.030904583698009747,1.0229161361659183,0.049105116716423924,1.0715642371000702,0.010663040611579022,1.07156423709444,-0.009929149801897186,0.9884385958300971,-825997.2477151309,0.8111982469652596
target_sentence_shuffle,target_shuffle,14,14573.550699144067,2250.489815188158,0.15442288990838268,3043.7805620464696,0.004598582927471907,0.99771055425629,0.0008167982050394248,0.002289445743710039,1.2803545796154487,0.6044910057728621,0.13126355408365037,0.8822813593271593,6847654.017259241,12606.776637015406,1865.9137828928278,0.14800879214550547,2559.231733843227,0.005310689174258138,0.9973580887842368,0.0009682710172248424,0.002641911215763182,1.3747172246442294,0.739595141831879,0.16060104447001897,0.8505099621864529,4727562.055383254,-1966.7740621286612,0.8650449638025293,-384.57603229533015,0.8291145200036475,-0.006414097762877213,0.9584640737675542,-484.54882820324246,0.8408069115608454,0.0007121062467862309,1.1548534095965213,-0.0003524654720531428,0.9996467257246612,0.0001514728121854176,1.1854470419565373,0.0003524654720531428,1.153952314383315,0.09436264502878067,1.0737004002875894,0.13510413605901694,1.223500655539214,0.029337490386368598,1.223500655531917,-0.031771397140706426,0.9639894951811067,-2120091.9618759872,0.6903914893286986
target_sentence_shuffle,target_shuffle,15,19189.97889566546,2642.9802873302965,0.13772710755441633,3599.6323985143895,0.0030636069229674164,0.9984777721700705,0.0005953998321446275,0.0015222278299295011,1.2327303027131196,0.5366972026102405,0.11654231677326947,0.8996314349672503,9599295.7565961,17015.90559828927,2247.4202086694972,0.13207761383534275,3088.7235150204215,0.003491476905739435,0.9982662816419111,0.0007493136158409109,0.001733718358088887,1.3083067625900242,0.6591054533115316,0.14312293068276977,0.8726020210513453,6800448.041380019,-2174.073297376188,0.8867078849228304,-395.56007866079926,0.8503355925290084,-0.005649493719073584,0.9589805244563026,-510.908883493968,0.858066372637154,0.0004278699827720187,1.1396621669786282,-0.00021149052815938596,0.9997881870432633,0.0001539137836962833,1.2585049140564613,0.00021149052815938596,1.138934870892648,0.07557645987690464,1.0613081869647456,0.12240825070129113,1.2280769307250483,0.026580613909500297,1.228076930716799,-0.027029413915904965,0.9699550139465071,-2798847.7152160807,0.7084319739504985
target_sentence_shuffle,target_shuffle,16,23509.45529555993,2240.732278374541,0.09531196066451325,3157.244377766978,0.00245466592614703,0.9987829725516155,0.0004946477491608677,0.0012170274483844779,1.4898490094911976,0.8767576786325639,0.19038551089821354,0.8154533742785592,6551891.049019226,21330.327694661286,1946.078917013482,0.09123530331418964,2731.920854601977,0.002770467083387885,0.9986264999065169,0.000610109606567877,0.0013735000934831376,1.6847808242039806,1.08605437305501,0.23583371063234326,0.7643217140139866,4669671.0212112125,-2179.1276008986424,0.9073084606383799,-294.65336136105884,0.8685013090565172,-0.004076657350323615,0.957228271007558,-425.32352316500055,0.8652864738123883,0.000315801157240855,1.1286534158266903,-0.00015647264509865977,0.9998433366903535,0.0001154618574070093,1.233422382633822,0.00015647264509865977,1.1285695274809102,0.19493181471278298,1.1308399800716877,0.20929669442244614,1.2387166939303427,0.045448199734129724,1.238716693925249,-0.05113166026457261,0.9372966476339047,-1882220.0278080134,0.7127211039185749
target_sentence_shuffle,target_shuffle,17,26424.763200417645,3243.2993672656676,0.12273712133830615,4428.185376163487,0.002243412398109366,0.9988861788417829,0.00033275878237263163,0.001113821158217121,1.2331335382210091,0.5536629539115037,0.12022638285901023,0.8996379694798656,13523395.537116481,24001.771421641155,2126.5640527319197,0.08860029601042309,3075.027278487237,0.002561216100867388,0.9987302524364721,0.00044324276983317377,0.0012697475635279343,1.5826051334611468,1.0093698982766424,0.2191818885103962,0.7906190252820603,6267920.023116851,-2422.99177877649,0.908306017336867,-1116.735314533748,0.6556792364575226,-0.034136825327883064,0.72187040924227,-1353.1580976762498,0.6944215332627727,0.0003178037027580221,1.1416608475036467,-0.00015592640531081337,0.9998438997259013,0.00011048398746054213,1.3320242529460729,0.00015592640531081337,1.139992316558621,0.3494715952401377,1.2834012573715434,0.4557069443651387,1.8230764604058283,0.09895550565138596,1.8230764603939573,-0.10901894419780533,0.878819094016547,-7255475.51399963,0.4634871475816735
target_sentence_shuffle,target_shuffle,18,31998.52106564164,3022.0429696940464,0.09444320765621135,4487.121688381535,0.0019771372425803706,0.9990192960616642,0.0003941186782660987,0.0009807039383358251,1.281250934383121,0.6436497488675268,0.13976676710579033,0.882254942585923,15243049.894536234,29538.707122143045,2645.2391099156307,0.08955162116532464,3654.5011256850125,0.00225107300293976,0.9988838596350411,0.0004758790092652709,0.0011161403649588841,1.5020622234211858,0.9592837146302665,0.2083058119217892,0.8130417439187178,8865534.404628716,-2459.8139434985933,0.9231272614614737,-376.8038597784157,0.8753148570165551,-0.00489158649088671,0.9482060530002211,-832.6205626965225,0.8144421701661401,0.0002739357603593895,1.1385517167555466,-0.000135436426623059,0.9998644306189511,8.17603309991722e-05,1.207451040258789,0.000135436426623059,1.138101235439905,0.22081128903806468,1.1723403925892202,0.3156339657627397,1.4903815566099317,0.06853904481599887,1.4903815566015837,-0.06921319866720521,0.9215496617505364,-6377515.489907518,0.5816115846872945
target_sentence_shuffle,target_shuffle,19,36264.686116431854,3670.763249722363,0.10122142620887341,5527.978099766474,0.0018935583491685056,0.9990603902855482,0.00036413803848836323,0.0009396097144518389,1.205819663548536,0.5174733900797811,0.11236791892170893,0.9099742180423492,24621854.110176273,35453.154705599045,3767.2446955736577,0.10625978779199315,5224.636467092758,0.0019845493837344673,0.9990153147157403,0.0004248751488036803,0.0009846852842596565,1.2484377273404226,0.6075455470898115,0.13192683930299867,0.8941106798022341,19833494.559211884,-811.5314108328093,0.9776219926948411,96.48144585129467,1.026283756071327,0.005038361583119738,1.0497756430706,-303.34163267371605,0.9451261153356357,9.099103456596176e-05,1.048052933545916,-4.507556980781757e-05,0.9999548820359149,6.0737110315317046e-05,1.16679693613075,4.507556980781757e-05,1.0479726508427403,0.042618063791886485,1.0353436463836,0.09007215701003035,1.1740614275740238,0.019558920381289743,1.174061427565844,-0.015863538240115105,0.9825670464870694,-4788359.550964389,0.8055240060501638
target_sentence_shuffle,target_shuffle,20,39752.04820758433,4385.188643574521,0.11031352700809682,6614.964993931355,0.0017574666434714897,0.9991277470025756,0.000324847287675946,0.0008722529974244386,1.1565923994287661,0.42792738760259647,0.09292325154554082,0.9294432860242499,35058943.95253261,39043.044233367924,4237.11044640477,0.10852407975870762,6209.090332639035,0.0019107562121320246,0.9990518231944125,0.0004015236364772954,0.0009481768055874529,1.1946826162653403,0.513692882424729,0.11154699211501785,0.9143350512383699,29283343.997759122,-709.0039742164081,0.9821643410544784,-148.07819716975064,0.9662321945062213,-0.0017894472493892033,0.983778532887978,-405.8746612923196,0.9386429615780773,0.00015328956866053492,1.0872218930258177,-7.592380816301425e-05,0.9999240099082518,7.667634880134937e-05,1.2360381338378308,7.592380816301425e-05,1.0870433318087256,0.03809021683657421,1.0329331377712268,0.08576549482213253,1.2004206725384448,0.018623740569477035,1.2004206725283315,-0.01510823478587997,0.983744855642037,-5775599.954773489,0.8352602986960117
target_sentence_shuffle,target_shuffle,21,42806.2241324394,4542.862383857673,0.10612621122111546,6870.825028890706,0.0017612861560773708,0.9991259461347974,0.0003313234156313766,0.000874053865202562,1.1699407257054761,0.45465225572538287,0.09872648292319995,0.9240524879101104,38167328.15860991,42951.73663150829,4787.161957728659,0.11145444475967754,6831.175902443429,0.0019488005532994842,0.9990329179501585,0.00042561680274978497,0.0009670820498415278,1.202575327801083,0.5308557496177302,0.11527386137279724,0.9113029886661587,34798455.57259044,145.5124990688928,1.0033993304015483,244.29957387098602,1.0537765737168407,0.0053282335385620855,1.0502065745700695,-39.64912644727701,0.9942293500008281,0.00018751439722211345,1.1064644694268588,-9.302818463896578e-05,0.999906890431583,9.429338711840836e-05,1.2845962023363933,9.302818463896578e-05,1.106433009721859,0.03263460209560676,1.027894235474964,0.07620349389234732,1.1676083048781964,0.01654737844959729,1.1676083048689379,-0.012749499243951745,0.9862026244052727,-3368872.5860194713,0.9117341257941969
target_sentence_shuffle,target_shuffle,22,48362.24328567918,6014.923001624376,0.1243722911299586,8623.037368490419,0.0017981246701760734,0.9991061720086075,0.00039031018588977557,0.0008938279913924818,1.128942974568184,0.37084060374879013,0.08052701393688495,0.9408821013926513,60239493.09013406,49600.37493652291,7076.311310055729,0.14266648828989262,9278.5499091233,0.0020178136658449337,0.9989964869722953,0.0004986156506681664,0.0010035130277047388,1.1266098022804685,0.37706651350044496,0.08187895306187062,0.9419054629854865,68528304.00798948,1238.1316508437303,1.025601203888124,1061.388308431353,1.1764591679967833,0.018294197159934023,1.1470922260302419,655.5125406328807,1.0760187521659361,0.0002196889956688603,1.1221767312303053,-0.00010968503631225701,0.9998902168354223,0.0001083054647783908,1.2774856189161583,0.00010968503631225701,1.1227138065106537,-0.002333172287715568,0.9979333125398951,0.006225909751654823,1.0167886409624538,0.001351939124985671,1.016788640952569,0.0010233615928352258,1.0010876618763598,8288810.917855419,1.137597620641548
target_sentence_shuffle,target_shuffle,23,54124.87143270595,7456.740179274618,0.13776919892633213,10311.784875539803,0.0021412878838148034,0.998934571527094,0.0004284554870744757,0.001065428472906027,1.1373216588622623,0.385931246059556,0.08380390527885562,0.9373434700507345,84100478.47325982,54772.73115994332,8627.382132877094,0.15751235971206262,11400.814691075935,0.002445410835445228,0.9987823918584282,0.0005758159131031404,0.001217608141571791,1.1276875495551875,0.3778053723577942,0.08203939422419668,0.9414367126611627,100806810.40822133,647.8597272373736,1.011969723162167,1170.641953602476,1.156991114811292,0.01974316078573049,1.143306057801383,1089.0298155361324,1.1056102147863245,0.0003041229516304246,1.1420280536714136,-0.00015217966866576393,0.9998476580208522,0.00014736042602866474,1.3439340354605285,0.00015217966866576393,1.1428342412399113,-0.009634109307074867,0.991529125262853,-0.008125873701761765,0.9789447633854277,-0.0017645110546589404,0.9789447633762828,0.004093242610428205,1.0043668545631435,16706331.934961513,1.1986472876045928
target_sentence_shuffle,target_shuffle,24,62600.589955486976,10609.08958230424,0.16947267733176286,13998.090855321228,0.00242417747514633,0.9987885811249625,0.0005282721949556657,0.0012114188750375066,1.1005905608832396,0.3141762548093669,0.06822250690436901,0.9530641000086864,146387735.80145577,59803.16279358363,10223.922276803893,0.1709595579767703,13246.644909201348,0.0028933169227924505,0.9985569250183859,0.0006623943594897847,0.001443074981614112,1.1313696688495618,0.3930234819530548,0.08534396473530699,0.9399185938136412,129289053.09231228,-2797.427161903346,0.9553130862841309,-385.16730550034663,0.963694593912865,0.0014868806450074323,1.0087735714535737,-751.4459461198803,0.9463179690797457,0.0004691394476461206,1.1935252064926793,-0.0002316561065766054,0.9997680629194665,0.00013412216453411894,1.2538883639171783,0.0002316561065766054,1.191227089290817,0.030779107966322217,1.027965993039767,0.07884722714368791,1.2509649470176516,0.017121457830937978,1.2509649470032966,-0.013145506195045176,0.986207112201675,-17098682.70914349,0.883195934307405
target_sentence_shuffle,target_shuffle,25,66440.30233056641,10442.805374476757,0.1571757654340543,13813.461289652345,0.0026918575941591067,0.9986552772535088,0.0005872420739963485,0.0013447227464912226,1.127149362982726,0.37245544545151665,0.08087767235720564,0.9416605329738164,144870279.70863423,62716.4259505685,9828.761124624443,0.15671749427129703,12797.246759553722,0.003324254315603816,0.9983430150534004,0.0007129015523078019,0.0016569849465996045,1.1837671552181837,0.5006394332292758,0.10871247163732299,0.9186249521308442,122082478.12350729,-3723.8763799979133,0.9439515437261231,-614.0442498523134,0.9411993015446692,-0.0004582711627572622,0.9970843395450386,-1016.2145300986231,0.9264330272630604,0.0006323967214447094,1.2349294857135007,-0.0003122622001083819,0.9996873173273897,0.00012565947831145335,1.2139824148537632,0.0003122622001083819,1.2322130712007013,0.0566177922354576,1.0502309579314157,0.1281839877777592,1.3441592527155064,0.027834799280117353,1.3441592527024957,-0.023035580842972192,0.975537276930148,-22787801.585126936,0.8427020253501396
target_sentence_shuffle,target_shuffle,26,66903.66158160153,9885.837886560432,0.14776228464719832,13257.384388222641,0.003287309712821773,0.9983600935927912,0.0006811496617848182,0.001639906407208791,1.1865728080624052,0.48907210773559073,0.10620065882117986,0.9174541609704747,131944190.01955032,64782.364222910546,10058.769564246013,0.1552701832497908,13189.426383682186,0.003915471189641015,0.998047772125931,0.0008459340196962305,0.0019522278740690124,1.2218556229825253,0.5679355461922563,0.12332563689400314,0.9039548796656827,130945653.08859377,-2121.2973586909793,0.9682932546807822,172.93167768558123,1.0174928700702928,0.007507898602592489,1.0508106559090349,-67.95800454045457,0.994873950807308,0.000628161476819242,1.1910867945232186,-0.00031232146686022144,0.9996871655128603,0.00016478435791141238,1.2419209256269856,0.00031232146686022144,1.1904507868844532,0.03528281492012009,1.029735061076197,0.07886343845666555,1.1612511472401132,0.017124978072823274,1.1612511472315532,-0.013499281304792055,0.9852861517446301,-998536.9309565574,0.9924321265619305
target_sentence_shuffle,target_shuffle,27,68914.25671922672,11748.84314027936,0.17048494316853735,15757.362915053043,0.004574594131828379,0.9977114784603495,0.0010147708902010417,0.0022885215396505343,1.1947486651274521,0.496846129318619,0.10788876615903284,0.9142130985482729,187018755.00862545,66051.89707060753,11370.888740678849,0.1721508275307173,15145.224760186595,0.005350301061612306,0.9973268261572654,0.001200337020760998,0.0026731738427345775,1.24352665696946,0.5973816047477682,0.12971976726623258,0.895844804011579,172478673.70909458,-2862.359648619182,0.9584649129964338,-377.95439960051044,0.9678305008341846,0.001665884362179959,1.0097714456784803,-612.1381548664485,0.9611522462123613,0.0007757069297839271,1.1695684701768991,-0.0003846523030840432,0.9996144653916609,0.00018556613055995637,1.1828650498048163,0.0003846523030840432,1.1680789519572108,0.04877799184200793,1.040826990031216,0.10053547542914926,1.2023473053233253,0.021831001107199738,1.2023473053146008,-0.018368294536693974,0.9799080820797231,-14540081.299530864,0.9222533520830022
target_sentence_shuffle,target_shuffle,28,70266.05241096711,11142.702652699862,0.15857874849051162,14967.412494863875,0.006082796012167745,0.9969654546343407,0.0012208581563027344,0.0030345453656592802,1.3645898470945241,0.7481019206351971,0.16244826801654524,0.8536951633728781,164468791.07222927,65413.13441956868,10718.594941480616,0.16385998066886842,14526.905790061843,0.007343505719409906,0.9963387632679845,0.001422495740682095,0.0036612367320154604,1.4607086810597691,0.8891999544184156,0.19308731675627044,0.8242392087495838,148860607.90852946,-4852.917991398426,0.9309350984595659,-424.1077112192452,0.9619385238538618,0.005281232178356798,1.0333035304389446,-440.5067048020319,0.9705689473746251,0.0012607097072421612,1.2072582581288336,-0.0006266913663561802,0.9993714011208288,0.0002016375843793606,1.165160532510052,0.0006266913663561802,1.2065190299152133,0.09611883396524501,1.0704378932386387,0.1410980337832185,1.1886080357369309,0.0306390487397252,1.1886080357312028,-0.02945595462329431,0.9654959335743666,-15608183.163699806,0.9050994230458883
target_sentence_shuffle,target_shuffle,29,74028.13068630772,11734.23991554026,0.158510552768971,15850.34490525466,0.007333900416695951,0.996343143791958,0.00140389162152137,0.003656856208042014,1.4920650686136314,0.8945830804708308,0.19425624772624722,0.8146938400635105,176387002.40759423,67372.20479927996,11142.178102829928,0.16538241751216978,15251.754943193113,0.009096262052297122,0.9954663771596753,0.0016695267023654368,0.004533622840324658,1.6376216230898915,1.0604409009862936,0.23027181584142994,0.7757207602697521,156556306.08498135,-6655.925887027755,0.9100892346555113,-592.0618127103317,0.9495440849197028,0.006871864743198786,1.043352727134648,-598.5899620615473,0.9622348935849903,0.0017623616356011711,1.2403034584910333,-0.000876766632282644,0.9991200153895324,0.00026563508084406686,1.1892133805649399,0.000876766632282644,1.2397596681856764,0.14555655447626004,1.0975537579003896,0.16585782051546283,1.1854023669070337,0.03601556811518272,1.1854023669022564,-0.038973079793758414,0.9521622996539751,-19830696.32261288,0.8875728026899159
target_sentence_shuffle,target_shuffle,30,73158.15841879937,12320.255174563366,0.16840575871299465,16634.432865477982,0.008959169185337857,0.9955267766905096,0.001978348104577112,0.004473223309490404,1.5250476159472461,0.9350598873767233,0.20304567466839352,0.8055750711471703,191802585.88063887,66736.05971796699,11425.702828601998,0.17120733343994413,15610.72077262348,0.010854363658554638,0.9945853965916612,0.0022334870142157364,0.0054146034083387695,1.7285022757521469,1.1423826428954262,0.24806523901576832,0.75368678632952,162002935.73738912,-6422.098700832386,0.9122162334367604,-894.5523459613687,0.9273917355374035,0.002801574726949474,1.016635860598493,-1023.7120928545028,0.9384582509585254,0.001895194473216781,1.211536854902442,-0.0009413800988483656,0.9990543899753487,0.0002551389096386242,1.1289656294154544,0.0009413800988483656,1.2104478208455818,0.20345465980490074,1.1334087261776389,0.20732275551870294,1.2217213659962656,0.04501956434737481,1.221721365991555,-0.05188828481765029,0.9355885172257193,-29799650.14324975,0.8446337414773206
target_sentence_shuffle,target_shuffle,31,74551.51294554566,12944.418255386814,0.17363052396859804,17487.408966574232,0.009288130040320652,0.9953614462273612,0.002048886293959426,0.004638553772638776,1.5158877958424883,0.925459877584917,0.20096105902899417,0.808278000621534,208943753.20184308,65515.30369408972,11484.39782886137,0.1752933617233221,15723.436404605158,0.01209335842647658,0.9939661420115599,0.002460467544316218,0.006033857988440139,1.8176853456046373,1.2116393822857694,0.26310414889168715,0.733617799139243,160427758.7209921,-9036.20925145594,0.8787924095107739,-1460.0204265254433,0.8872084942158094,0.0016628377547240614,1.0095768745938658,-1763.9725619690744,0.8991289924458926,0.0028052283861559283,1.3020229446267595,-0.0013953042158013629,0.9985981934280371,0.000411581250356792,1.200880473635528,0.0013953042158013629,1.3008058724533869,0.301797549762149,1.199089636177999,0.2861795047008524,1.309229510247768,0.062143089862692985,1.3092295102426679,-0.07466020148229102,0.907630541192773,-48515994.480850995,0.7678035656132598
target_sentence_shuffle,target_shuffle,32,75473.81731896098,13465.942981591174,0.1784187346014653,18165.740872644903,0.011786435626172516,0.9941116065781951,0.003140434787839375,0.005888393421804916,1.6513179622991028,1.047271195022397,0.22741205052722563,0.7723059070967645,218766360.72390014,66255.61774408811,11716.188430961056,0.17683313249322882,16103.313732958764,0.015444172604766694,0.9922925617471033,0.0038650210934983837,0.007707438252896659,2.144479876870639,1.41137808820854,0.30647685779406497,0.6695089628372384,161524190.12232935,-9218.199574872866,0.8778622851959945,-1749.7545506301176,0.8700607485846221,-0.0015856021082364669,0.991113029061834,-2062.4271396861386,0.8864661147516494,0.003657736978594178,1.3103344465871947,-0.0018190448310917429,0.9981701804706303,0.0007245863056590087,1.2307280212389946,0.0018190448310917429,1.30892039635919,0.493161914571536,1.2986474596834252,0.3641068931861431,1.3476720212638031,0.07906480726683934,1.347672021259164,-0.10279694425952612,0.8668960792403816,-57242170.601570785,0.7383410757844312
target_sentence_shuffle,target_shuffle,33,76598.26816503696,14347.210328492272,0.18730463066841258,19301.26451744043,0.013966409850157587,0.9930186926531823,0.003994928942768646,0.006981307346817678,1.7324121981660354,1.1061129713679019,0.24018937991334466,0.7525145425522216,241903353.8467415,67526.58469203881,12302.211465733788,0.1821832323053084,16859.990192466837,0.01793260733348079,0.9910481735008098,0.004788185871509639,0.00895182649919024,2.359598523146862,1.5114249788347163,0.3282017640593282,0.6338767524437948,172299601.6377969,-9071.68347299815,0.8815680342347624,-2044.9988627584844,0.857463659071248,-0.005121398363104185,0.9726573852135919,-2441.274324973594,0.8735173893519939,0.003966197483323204,1.2839811751618093,-0.001970519152372563,0.9980156273311375,0.000793256928740993,1.1985659667309796,0.001970519152372563,1.282256467621145,0.6271863249808265,1.3620306562395577,0.4053120074668144,1.3664291242911732,0.08801238414598356,1.3664291242867197,-0.11863779010842679,0.8423448539520602,-69603752.20894459,0.7122662786517535
target_sentence_shuffle,target_shuffle,34,80144.93996049016,15313.287752326118,0.19106992605990172,20567.487395907887,0.015508112808199666,0.9922475219498488,0.004315414318862926,0.007752478050151224,1.8412372675096649,1.1817244810278231,0.2566082106201838,0.7277060689557495,268572965.34081614,70868.80960690364,13235.524399414298,0.18676092448609394,18146.087307127887,0.02011142143065196,0.9899574898275315,0.005435050986810916,0.010042510172468488,2.564306517857121,1.592277636206008,0.3457586955311113,0.6032690517421274,196092559.32215285,-9276.130353586515,0.884258065971982,-2077.7633529118193,0.8643163123088179,-0.004309001573807786,0.9774480387173314,-2421.4000887799994,0.882270496042129,0.004603308622452293,1.2968322888856945,-0.002290032122317265,0.9976920757445533,0.0011196366679479906,1.259450561165018,0.002290032122317265,1.2953935639943153,0.7230692503474561,1.3927083505777822,0.4105531551781849,1.3474186764919625,0.08915048491092753,1.3474186764878517,-0.1244370172136221,0.8290009902033428,-72480406.01866329,0.7301276920158868
target_sentence_shuffle,target_shuffle,35,90122.73462391442,16449.70294809569,0.18252556379631535,22128.7477675674,0.01610879843214651,0.9919545020057463,0.004903043314841921,0.008045497994253692,2.0141748082206568,1.2787192591096617,0.27767035906737025,0.6919667013713278,304593031.0295461,78645.59500616677,13997.630598255555,0.17798365689976622,19341.370444546974,0.02096593983829154,0.9895393414306197,0.00592090967570498,0.010460658569380277,3.0663035415271174,1.7406368307341256,0.3779744852926976,0.5387677815703618,218066601.53518003,-11477.139617747656,0.8726498961039942,-2452.0723498401367,0.8509351592805509,-0.004541906896549125,0.9751163245133561,-2787.377323020428,0.8740381809084699,0.00485714140614503,1.301521024383213,-0.0024151605751265848,0.9975652506528871,0.0010178663608630591,1.2075988920135161,0.0024151605751265848,1.3001878287150612,1.0521287333064606,1.5223621748275165,0.4619175716244639,1.3612345464670044,0.10030412622532736,1.3612345464631668,-0.153198919800966,0.778603624281143,-86526429.49436605,0.7159277439739821
target_sentence_shuffle,target_shuffle,36,91736.49320278304,17867.90541006457,0.1947742363616152,24053.19704755768,0.01831360903671478,0.9908451951957332,0.0055502806499477765,0.00915480480426678,2.041087676932328,1.2964904296261497,0.2815293197135065,0.6866530399825651,359175324.12573063,79154.14807142023,14804.579299825446,0.18703478794904566,20448.27951734804,0.02418687046956003,0.987923997025889,0.006920321153039191,0.012076002974111044,3.3032383514007,1.8113736392455833,0.39333478809468414,0.5133539674719346,240622570.41752964,-12582.345131362803,0.862842531994878,-3063.3261102391243,0.8285570669904249,-0.007739448412569544,0.9602645167137975,-3604.917530209641,0.8501273022840979,0.00587326143284525,1.3207047512999728,-0.0029211981698442635,0.9970518117411225,0.0013700405030914143,1.2468416622963856,0.0029211981698442635,1.3190890719115813,1.262150674468372,1.6183716107500656,0.5148832096194336,1.397136143740379,0.11180546838117766,1.3971361437364942,-0.17329907251063048,0.7476177014875252,-118552753.70820099,0.6699306835825359
target_sentence_shuffle,target_shuffle,37,101708.18454641366,21063.80114207675,0.20710035515838418,28347.616630346245,0.018002195317314736,0.9909902918295382,0.005690011013734071,0.009009708170461761,1.8137829119014388,1.1422158071463269,0.24802901109315928,0.7325595217952295,511511760.7068829,83853.19324130437,16534.10036368589,0.19717913802168158,22789.583589125006,0.0254154831602464,0.9872998692872741,0.007654146599323616,0.01270013071272591,2.99995075426116,1.7233243716911961,0.3742151325774375,0.5459939918332881,301150722.0466877,-17854.991305109288,0.8244488249914508,-4529.700778390859,0.7849533069630821,-0.009921217136702604,0.952094639673277,-5558.033041221239,0.803932968556117,0.007413287842931663,1.4117991006568889,-0.003690422542264149,0.9962760255335628,0.0019641355855895444,1.34519011993184,0.003690422542264149,1.4096051138430385,1.186167842359721,1.6539745382839528,0.5811085645448693,1.5087554916572046,0.1261861214842782,1.5087554916524428,-0.18656552996194142,0.7453237253602487,-210361038.66019517,0.5887464280987654
target_sentence_shuffle,target_shuffle,38,108655.80482793695,22432.803451411244,0.20645747815254736,30303.11191122568,0.01865477623991164,0.9906610877907748,0.0065078490492006405,0.009338912209225225,1.8300074581805115,1.1445513550918245,0.24853616888563435,0.7287304511040782,586428771.5303656,88757.20245842366,17655.92899880392,0.1989239014949175,24377.286831312435,0.027014643931115228,0.9864955581061143,0.009077597285488589,0.013504441893885666,3.09072233571546,1.7324334773804881,0.37619314974540397,0.5343291766699192,345704982.6019078,-19898.60236951329,0.8168657219830645,-4776.874452607324,0.7870585162057927,-0.0075335766576298535,0.9635102747257865,-5925.825079913244,0.8044482989973699,0.008359867691203587,1.4481355113694492,-0.004165529684660441,0.995795202075671,0.0025697482362879486,1.394869059725459,0.004165529684660441,1.4460401372120812,1.2607148775349484,1.6889124259563004,0.5878821222886637,1.5136354255069537,0.12765698085976962,1.513635425502186,-0.194401274434159,0.7332329476003637,-240723788.9284578,0.5895089043802262
target_sentence_shuffle,target_shuffle,39,116313.8348884082,23961.728851925778,0.2060092754650788,32349.584680997603,0.019646501662224043,0.9901630004825912,0.007271525226725458,0.009836999517408795,1.882192546427708,1.1744107748692534,0.2550200595067194,0.7173733210361416,665763471.9992033,94736.9610554353,18825.34770043192,0.19871175400503163,25992.609696146286,0.028332588228183537,0.9858358153829688,0.010065482050353845,0.014164184617031172,3.2998454898559517,1.7739904860919804,0.3852171395293072,0.5100587517379379,392276973.166767,-21576.873832972895,0.8144943475238883,-5136.381151493857,0.7856422972134145,-0.007297521460047168,0.9645767335255311,-6356.974984851317,0.8034912952503699,0.008686086565959494,1.4421187402141336,-0.004327185099622377,0.9956298254948842,0.002793956823628387,1.3842325695268667,0.004327185099622377,1.4398887171362116,1.4176529434282437,1.7531923054934593,0.599579711222727,1.5105366231742614,0.13019708002258779,1.5105366231696247,-0.2073145692982037,0.7110088105876604,-273486498.8324363,0.5892137217874225
target_sentence_shuffle,target_shuffle,40,127058.24630367919,26035.86427318182,0.20491282565756544,35110.53820245781,0.02082335797621387,0.9895738013275264,0.007746915193868699,0.01042619867247363,1.9878287141266346,1.2251492330290406,0.26603777570625675,0.6945358686573413,775371873.2419566,103511.37857924531,20823.371155338442,0.20116987563252936,28706.52799585683,0.02965961887230817,0.9851655428023156,0.010691081192889902,0.014834457197684392,3.3215125676572925,1.7703010852289864,0.38441599631114354,0.5063056057357924,478842450.43902427,-23546.867724433876,0.814676588025975,-5212.49311784338,0.7997956563626545,-0.003742950025036079,0.9817339397179914,-6404.010206600975,0.8176043280888049,0.008836260896094298,1.4243437059845703,-0.004408258525210762,0.9955452958432282,0.002944165999021203,1.380043659180795,0.004408258525210762,1.4228059201889436,1.3336838535306579,1.6709249363645244,0.5451518521999459,1.4449677129133693,0.11837822060488679,1.4449677129091174,-0.18823026292154887,0.7289841008698951,-296529422.8029323,0.6175648962308958
target_sentence_shuffle,target_shuffle,41,143482.75233594328,26161.262152867446,0.18233036185154008,35642.719664124386,0.018836619874875025,0.9905968987359285,0.006129309661915781,0.009403101264071512,2.397804291882915,1.4000949527109758,0.30402675605148555,0.6180611782254783,776207090.1034845,118564.09399579311,21548.887741843915,0.18174885005749306,29850.037837508124,0.026436830094040888,0.9868057653608812,0.008407213215632607,0.01319423463911884,4.122034975753596,1.9014498773652169,0.41289459467766426,0.41824055120686277,512016531.2839089,-24918.65834015017,0.8263299390730471,-4612.374411023531,0.82369449975035,-0.0005815117940470294,0.9968106694401379,-5792.681826616263,0.8374792417300637,0.007600210219165862,1.4034805749783072,-0.0037911333750473286,0.996172879825405,0.0022779035537168263,1.3716411273032665,0.0037911333750473286,1.40317904350661,1.7242306838706813,1.719087329064284,0.501354924654241,1.3580863738435163,0.10886783862617871,1.3580863738400195,-0.19982062701861558,0.6766976570296823,-264190558.8195756,0.6596390806165484
target_sentence_shuffle,target_shuffle,42,157374.94410916284,30195.43839823717,0.19186941459557982,41083.346264654145,0.01948316172922583,0.9902628546188756,0.007145846265843122,0.009737145381124357,2.166725284555374,1.3125504400482346,0.2850167066663166,0.6595723364532158,1042107911.3389014,126243.30325516596,24635.99090931801,0.1951469129378147,34096.36510034177,0.02850554189599947,0.9857509643511645,0.010422476615483242,0.014249035648835506,3.4554043561830077,1.7785534694906204,0.38620797878483,0.487782395247711,680136287.4870394,-31131.640853996883,0.802181719394909,-5559.447488919159,0.8158845248213478,0.003277498342234869,1.017081921827541,-6986.981164312376,0.8299315464883738,0.00902238016677364,1.4630860376104398,-0.004511890267711149,0.9954437448121357,0.0032766303496401207,1.4585363617243985,0.004511890267711149,1.4633688919746608,1.2886790716276337,1.5947588652847997,0.4660030294423858,1.3550362829666993,0.10119127211851336,1.3550362829629776,-0.17178994120550478,0.7395434409362474,-361971623.85186195,0.6526543749324383
target_sentence_shuffle,target_shuffle,43,162985.25036562476,31232.245512511974,0.19162620815349052,42597.57812632763,0.021107249151749666,0.9894494358735301,0.007643889284822119,0.01055056412646993,2.3316962189291,1.3789151860650706,0.2994276281603279,0.6296463909098855,1114982969.305795,131472.59972959122,26316.936328800894,0.20017050231705127,36454.572646460656,0.031100582219157534,0.984438894870723,0.01194838456864289,0.015561105129276998,3.433804954578936,1.7649521038760634,0.3832544797684546,0.48805672164719754,784646460.6002464,-31512.650636033533,0.806653359335638,-4915.309183711081,0.8426206920747356,0.008544294163560756,1.0445883381237304,-6143.0054798669735,0.855789794864646,0.009993333067407868,1.4734550198411822,-0.005010541002807067,0.9949360312693711,0.004304495283820772,1.5631289415461245,0.005010541002807067,1.4749074022270898,1.102108735649836,1.4726639459725757,0.3860369178109928,1.279956970313253,0.0838268516081267,1.279956970309907,-0.14158966926268796,0.7751282762712964,-330336508.7055485,0.7037295476259866
target_sentence_shuffle,target_shuffle,44,175041.66322919726,34796.09892650017,0.19878752455030443,47188.400922014196,0.02196061330539474,0.989007910098194,0.008898122659107817,0.010992089901806001,2.141081122418476,1.2956841395418381,0.2813542360462916,0.6641960229172854,1392273060.2082467,140504.73197406498,30029.773949258208,0.21372784764858485,41404.16693792657,0.03321108968407384,0.9833495196637453,0.014601783406622486,0.016650480336254714,2.858964486377884,1.6135817650474074,0.35038482832989915,0.5570027344719635,1036221838.6868318,-34536.93125513228,0.8026930810757318,-4766.324977241962,0.8630212832964443,0.014940323098280417,1.075157247070726,-5784.233984087623,0.8774225472559046,0.011250476378679097,1.5123024671812357,-0.005658390434448712,0.9942787207486731,0.005703660747514669,1.6409959678444754,0.005658390434448712,1.5147693007864018,0.717883363959408,1.3352901281700067,0.3178976255055692,1.2453511745669237,0.06903059228360753,1.2453511745634585,-0.10719328844532194,0.8386119688351256,-356051221.5214149,0.7442662422354426
target_sentence_shuffle,target_shuffle,45,186925.04693567884,36130.5256693306,0.19328884096395688,48824.62542913764,0.022936456752792513,0.9885191983618689,0.009332625202668999,0.011480801638131144,2.2628091829263908,1.3756846497334427,0.29872612610912097,0.6444686616968878,1478455608.4415054,152729.67126729252,32084.534495084627,0.21007401003917187,44104.51607878601,0.03345398320193513,0.9832240416609842,0.01493556722052175,0.016775958339015795,2.8419597278941673,1.6266700304452195,0.3532269090498767,0.561218359595127,1178668068.3035045,-34195.37566838632,0.8170637042549306,-4045.9911742459735,0.8880173731410608,0.01678516907521499,1.0868398247432096,-4720.109350351631,0.9033252317070567,0.010517526449142615,1.458550619262653,-0.005295156700884651,0.9946433446000299,0.005602942017852752,1.6003607660843413,0.005295156700884651,1.461218377106756,0.5791505449677765,1.2559431653965318,0.2509853807117768,1.1824439785376875,0.05450078294075572,1.1824439785345886,-0.08325030210176076,0.8708233510013764,-299787540.13800097,0.7972292584056561
target_sentence_shuffle,target_shuffle,46,195669.84358283627,36017.954439763766,0.1840751430074899,48258.16581837419,0.02241210236977979,0.9887999723507233,0.008277244883464005,0.011200027649276745,2.517847412746775,1.5098538124258212,0.32786058960856074,0.6068380386556034,1396294774.965871,167735.67973873945,33709.559453954374,0.20096833009207982,45956.63663298659,0.03091705350126767,0.9845125092960045,0.013269544059182995,0.015487490703995466,2.818867215777903,1.6507875616420866,0.3584639644078412,0.5670013292162333,1269407429.188822,-27934.163844096824,0.8572382778428962,-2308.394985809391,0.9359098810103184,0.016893187084589922,1.0917733204358329,-2301.529185387597,0.9523079846414035,0.00850495113148788,1.379480291040272,-0.004287463054718721,0.9956639733256448,0.00499229917571899,1.6031353722649064,0.004287463054718721,1.3828082561575443,0.30101980303112796,1.1195544263350015,0.14093374921626545,1.0933426455298605,0.030603374799280436,1.0933426455272501,-0.03983670943937012,0.9343536381988196,-126887345.77704906,0.9091256745695762
target_sentence_shuffle,target_shuffle,47,215845.47859322478,37573.08216176793,0.17407398295600585,50211.86282375446,0.019981656152672517,0.9900308836710026,0.006713491609034834,0.00996911632899744,2.7197453320505716,1.595525849419774,0.34646403606850323,0.5804018303480514,1479606761.5214813,190991.93974532737,34838.050200475016,0.18240586616863935,47571.212412014924,0.02600819062518793,0.9870018212967878,0.010239781474013257,0.012998178703212182,3.018470074927456,1.7329498904136573,0.37630528741074815,0.5442795413284212,1332345829.1422179,-24853.538847897406,0.8848549480402341,-2735.031961292916,0.9272076762423308,0.008331883212633506,1.0478640349930488,-2640.650411739538,0.9474098298043966,0.006026534472515412,1.3016033518526826,-0.0030290623742147416,0.996940436480143,0.0035262898649784232,1.5252542296630838,0.0030290623742147416,1.3038446210222445,0.29872474287688444,1.1098355567911018,0.1374240409938834,1.0861308771918503,0.029841251342244912,1.0861308771893963,-0.036122289019630216,0.93776330960413,-147260932.3792634,0.900472925503642
target_sentence_shuffle,target_shuffle,48,114.91927722079335,87.24357328826885,0.7591726592627955,120.75843913217085,0.37420128589970175,0.7923037520831834,0.13790393520830965,0.20769624791681662,4.638269409525087,1.9202358068754244,0.41697390743951757,0.3338467710136417,8686.881922522218,104.74808289315884,98.77336390475574,0.9429610659843948,137.4481541366946,0.4574346013792893,0.7361185500636179,0.16042645082161186,0.2638814499363821,4.133136128844596,1.8483666747967191,0.4013677236990387,0.38865447478027354,11801.599314967076,-10.17119432763451,0.9114927053701043,11.529790616486892,1.1321563317723038,0.18378840672159924,1.2420903920576214,16.689715004523748,1.1382074422662554,0.08323331547958757,1.2224292609744651,-0.05618520201956545,0.9290862855656454,0.022522515613302208,1.1633203256898919,0.05618520201956545,1.2705162109659167,-0.5051332806804911,0.8910944500886371,-0.07186913207870527,0.9625727570424738,-0.01560618374047884,0.9625727570406667,0.054807703766631855,1.164170237738283,3114.717392444858,1.3585541302650173
control,control,0,33.10863497389326,47.64500221765639,1.4390506360417417,59.545789678247665,0.7007105578539526,0.5534406448713828,0.35116718606662145,0.4465593551286172,3.666559421080564,1.4604499442481123,0.3171326759414334,0.4408295020844532,2507.835901396975,33.090804289724495,47.434391420151194,1.4334614234468546,59.22937131559537,0.701241628946479,0.5529574448224773,0.35398058424939194,0.44704255517752267,3.629517443501097,1.4552516258218668,0.31600387543758623,0.44551104998516183,2481.1808868180815,-0.01783068416876432,0.9994614491299981,-0.21061079750519696,0.995579582585723,-0.005589212594887094,0.996116041745927,-0.31641836265229273,0.9946861337407222,0.0005310710925263695,1.0007579036530463,-0.0004832000489054522,0.9991269162205879,0.002813398182770488,1.0080115634187665,0.0004832000489054522,1.0010820511144933,-0.037041977579467034,0.989897346987618,-0.005198318426245407,0.99644060486447,-0.0011288005038471716,0.9964406048620104,0.004681547900708627,1.010619860688909,-26.655014578893315,0.9893713083204343
control,control,1,780.3269188726541,508.44222043980363,0.6515759076648981,622.6403083377475,0.31911548791102673,0.8220412860400879,0.17853913224230025,0.17795871395991214,1.817664668929497,0.9419570409528577,0.20454337253787072,0.7260482746274137,274723.2974836341,738.5775430108382,522.2163914497052,0.7070569588683543,629.8532789117858,0.35283320506101024,0.7981909382777759,0.20927612224612138,0.20180906172222413,1.5807968038557634,0.7925638452971377,0.1721030522842847,0.7863933042239566,286374.6355001067,-41.749375861815906,0.9464975834460093,13.774171009901522,1.0270909268667456,0.055481051203456144,1.0851490218556463,7.212970574038309,1.0115844902385032,0.033717717149983506,1.105659920706446,-0.023850347762311985,0.970986435634913,0.03073699000382113,1.1721582804655675,0.023850347762311985,1.1340218033186653,-0.2368678650737337,0.8696856086144287,-0.14939319565571996,0.8414012644298096,-0.03244032025358601,0.8414012644265892,0.060345029596542865,1.0831143488722248,11651.33801647264,1.042411175619959
control,control,2,775.2741112946873,479.92223547660745,0.6190355494718499,592.2903913898754,0.30187297845416755,0.8341824577529049,0.15690544207393392,0.1658175422470951,2.0523805976511804,1.0543077523424957,0.22894001953508303,0.6744775900401956,246869.3090358434,753.3038901757043,489.248846752095,0.649470755604328,595.156185120292,0.3127837791126076,0.8252882531935875,0.17156572191409422,0.17471174680641255,1.7523542290322602,0.905481889090977,0.1966228939477718,0.7417627633244822,252603.37362243468,-21.970221118982977,0.971661350741747,9.32661127548755,1.0194335885817507,0.030435206132478076,1.0491655223313034,2.8657937304166126,1.004838494380587,0.010910800658440023,1.0361436810716744,-0.008894204559317442,0.9893378187497904,0.0146602798401603,1.0934338519129179,0.008894204559317442,1.0536385019204422,-0.3000263686189202,0.8538154331788483,-0.1488258632515187,0.8588402077840067,-0.03231712558731123,0.8588402077810701,0.06728517328428663,1.099758945703707,5734.064586591267,1.0232271261623644
control,control,3,781.9535381868823,494.4472939046845,0.6323231109755704,622.2376348036121,0.31467325352766784,0.8277297164312611,0.1456593379136861,0.17227028356873886,2.2336068928167894,1.1551137376333114,0.25082976111239386,0.6423266272505855,263105.7540206929,672.8681703230816,460.79705291529217,0.6848251607652017,577.1613348124871,0.35813299370753726,0.8003115078793129,0.17870256166680648,0.19968849212068707,2.1209967522676396,1.116968912584986,0.2425467175965675,0.664744025152972,228316.17453470852,-109.08536786380068,0.860496356194336,-33.65024098939233,0.9319437250355745,0.052502049789631355,1.0830304141620672,-45.07629999112498,0.9275577408535363,0.04345974017986942,1.1381106900301272,-0.02741820855194821,0.9668754087129696,0.03304322375312038,1.2268527663600535,0.02741820855194821,1.1591580856709318,-0.11261014054914975,0.9495837244627736,-0.03814482504832539,0.9669774293157948,-0.008283043515826344,0.966977429312777,0.022417397902386504,1.0349003092045352,-34789.57948598437,0.8677733992725669
control,control,4,605.7864516590282,498.5347359020644,0.8229545816628264,631.2793277180539,0.43296449561952577,0.7550724317951911,0.17267083775883738,0.24492756820480888,2.4596479905725435,1.236454227594267,0.26849262408506874,0.6036033757883413,267566.45362626534,510.9955468376254,442.56898123918177,0.8660916596594377,560.7292608761319,0.4588993593224385,0.7381221611785032,0.18319211237067168,0.26187783882149684,2.5504359173427775,1.2662980331721498,0.27497312412580277,0.590221846999493,211297.9694489134,-94.79090482140282,0.8435242244823965,-55.96575466288266,0.8877395081375475,0.04313707799661126,1.0524173252774145,-70.55006684192199,0.8882427100900848,0.025934863702912758,1.05990067075764,-0.016950270616687968,0.9775514640663465,0.010521274611834303,1.0609325509005059,0.016950270616687968,1.0692052378580956,0.09078792677023406,1.0369109429955723,0.02984380557788291,1.0241366036128365,0.006480500040734027,1.0241366036098505,-0.013381528788848351,0.977830593189859,-56268.48417735193,0.7897027694811574
control,control,5,940.6609258478812,467.7898098441884,0.49729907662799683,610.6439003387801,0.20419871536375464,0.8929856295233444,0.0634390593751243,0.10701437047665563,3.648525790190771,1.4966622241211334,0.3249960726044281,0.43137690571497,241304.558830859,867.4997096976412,423.83925210029315,0.48857567024203136,552.1003680495252,0.20076465482165817,0.8949364726344845,0.06730916829715852,0.1050635273655155,3.6259092030523723,1.4863915033174693,0.32276581391932796,0.429438568653235,199301.63818519888,-73.16121615024008,0.9222236045530477,-43.950557743895274,0.9060463549675541,-0.008723406385965471,0.9824584303552338,-58.54353228925493,0.9041281960619333,-0.0034340605420964676,0.9831827514832192,0.0019508431111401325,1.0021846299040438,0.003870108922034224,1.0610051435045513,-0.0019508431111401325,0.981770269698989,-0.022616587138398536,0.9938011710921166,-0.01027072080366409,0.9931375826561745,-0.0022302586851001283,0.9931375826537824,-0.0019383370617350182,0.9955066276449874,-42002.92064566011,0.8259339945786031
control,control,6,1090.0570861579736,507.01104461731376,0.4651233876239727,661.4322807867976,0.17416069309813156,0.9092019566828375,0.04807676853764934,0.09079804331716246,3.672657628638521,1.5183717757099853,0.32971024183424424,0.4276059302193333,282916.2221425799,979.5910310897599,443.276198644691,0.4525114916084539,577.1938688998564,0.1754411691470867,0.9088099214577241,0.05109401332188803,0.0911900785422759,3.6743424530145727,1.5239682507537224,0.3309255009490464,0.4352482112740821,216956.79972872266,-110.46605506821368,0.8986603027759177,-63.734845972622736,0.874292983063653,-0.01261189601551882,0.9728848379761807,-84.23841188694121,0.8726424241242997,0.001280476048955148,1.0073522677543911,-0.0003920352251134407,0.999568813921669,0.00301724478423869,1.062758893223306,0.0003920352251134407,1.0043176615903464,0.0016848243760518855,1.0004587480090477,0.00559647504373717,1.0036858397477235,0.0012152591148021363,1.0036858397453405,0.00764228105474879,1.0178722522622896,-65959.42241385725,0.7668588180828457
control,control,7,1195.3727568141378,699.5134227839335,0.5851843442109637,911.484404542438,0.21388240977105935,0.8848546995225915,0.06928351891278123,0.11514530047740845,2.83737834134267,1.3410806200927805,0.2912119565468429,0.5349275491943132,560445.8519544651,1025.0021107623088,603.079512514243,0.5883690444946729,790.5792810953998,0.2293395965806034,0.8763621669022399,0.0934480898931558,0.12363783309776011,3.1044274188066,1.410859663661855,0.30636428333411064,0.4987951131805715,415087.26565277326,-170.370646051829,0.8574748796301037,-96.4339102696905,0.8621414441399818,0.0031847002837092075,1.005442217164914,-120.90512344703825,0.8673536016145739,0.015457186809544055,1.0722695560846598,-0.008492532620351656,0.9904023421857577,0.02416457098037457,1.3487780551309148,0.008492532620351656,1.0737549216864837,0.26704907746393003,1.0941182476695956,0.06977904356907438,1.0520319528315865,0.015152326787267745,1.0520319528287583,-0.036132436013741664,0.9324535891466137,-145358.5863016919,0.7406375909558843
control,control,8,2072.677716372111,873.6082953978887,0.4214877636292627,1103.6534613291892,0.07975599113873824,0.9581922078798598,0.014219777129674838,0.041807792120140186,1.9674951450898104,1.083227284060484,0.23521981605725722,0.6959654116674853,843573.8429294728,1812.2707528957726,729.8624713046846,0.40273368101232065,929.3663052467712,0.08111677901127956,0.9577937346289431,0.015938979463163763,0.04220626537105687,2.2502079407477957,1.2193735916825512,0.2647836111231404,0.642357592361055,579042.6375939873,-260.4069634763382,0.8743620576323176,-143.74582409320408,0.835457349878145,-0.018754082616942058,0.9555050365960481,-174.28715608241805,0.842081629615409,0.0013607878725413192,1.0170618890455152,-0.0003984732509166866,0.9995841405840714,0.0017192023334889252,1.120902199569659,0.0003984732509166866,1.0095310761391583,0.28271279565798535,1.143691737365856,0.13614630762206725,1.1256858183174598,0.02956379506588319,1.1256858183137133,-0.053607819306430216,0.9229734432075978,-264531.2053354855,0.6864160647551021
control,control,9,3294.9960570232593,1009.023553230415,0.3062290624232125,1262.4215652325481,0.033983897058501515,0.9825898617109636,0.004525262424176177,0.01741013828903637,1.7294912230965405,0.9686927669606421,0.21034896167529973,0.7505965774441918,1094150.131497775,2739.7747254444002,825.5123784240818,0.3013066624629807,1051.6065156461066,0.039689536678241516,0.9797668758676568,0.006782125374849206,0.02023312413234324,2.0242563007983314,1.1434643787923113,0.24830013498121525,0.68621945043913,738890.0480713652,-555.221331578859,0.8314956006106867,-183.5111748063332,0.8181299393668083,-0.004922399960231805,0.9839257583122111,-210.81504958644155,0.8330074078324157,0.005705639619740001,1.1678924464945897,-0.002822985843306869,0.9971269947367578,0.002256862950673029,1.4987253196890928,0.002822985843306869,1.1621460895530298,0.29476507770179095,1.1704345611959006,0.17477161183166923,1.1804200648455856,0.03795117330591552,1.1804200648411924,-0.06437712700506182,0.9142320536216906,-355260.08342640975,0.6753095638346298
control,control,10,3526.7906647554755,1359.2845577234848,0.38541685258139025,1693.688718861384,0.036459124843040584,0.9807810121533668,0.003582605471639898,0.01921898784663323,1.3880372457617505,0.6837778406911741,0.14848047152994884,0.8454079759526091,2076243.5045786158,2964.3874619846106,1117.6902210557882,0.377039181075038,1404.013011626928,0.041218341223464676,0.9784199623075619,0.003984435905283948,0.021580037692438103,1.5368165582623372,0.8367900536115909,0.18170665139752007,0.8009469949006183,1373986.6377358765,-562.4032027708649,0.840533999255706,-241.59433666769655,0.8222636052951878,-0.008377671506352269,0.9782633492769719,-289.675707234456,0.8289675641051698,0.004759216380424092,1.130535672476571,-0.0023610498458048745,0.9975926839757852,0.0004018304336440501,1.1121615080736074,0.0023610498458048745,1.1228498536719578,0.14877931250058674,1.1071868301472196,0.15301221292041678,1.223774746435956,0.03322617986757123,1.2237747464295037,-0.04446098105199081,0.9474088460038015,-702256.8668427393,0.6617656525864648
control,control,11,6909.368535315274,1757.8907717652576,0.25442133572414005,2212.6584099528923,0.01141422902996787,0.9942352035545566,0.0020275794804941434,0.005764796445443365,1.2663650940277609,0.5504520939630664,0.119529153480125,0.8869848445695458,3685921.888520747,6007.091204283661,1503.3942304876803,0.2502699192273972,1889.6574151567415,0.012420810422173302,0.9937254994776271,0.0019527210071881309,0.006274500522372883,1.326035460633398,0.6366671036282822,0.13825050495754435,0.8661627584222925,2603079.1037412826,-902.2773310316134,0.8694124757682442,-254.4965412775773,0.8552261918856227,-0.004151416496742832,0.9836829073870293,-323.00099479615074,0.8540213015514545,0.0010065813922054325,1.0881865422951023,-0.000509704076929518,0.9994873405446651,-7.485847330601257e-05,0.9630798817066107,0.000509704076929518,1.0884166649533624,0.05967036660563707,1.0471194025214356,0.08621500966521578,1.1566258183220643,0.01872135147741935,1.1566258183144889,-0.020822086147253338,0.9765248681804312,-1082842.7847794644,0.7062219934307842
control,control,12,7052.653036063039,1897.8057575451946,0.26909104245465554,2422.501286886684,0.013029558145112313,0.9934052814766701,0.0023660973019092152,0.006594718523329934,1.2696796560589247,0.5577213658545477,0.12110765581508737,0.8858124189072549,4368607.266755958,6091.704149423234,1522.8279486195854,0.24998389798095616,1958.6436489782031,0.014483256578019424,0.9927053748085028,0.0028575748549856403,0.0072946251914971505,1.3924064673813854,0.717838487431158,0.15587664699456433,0.8443551439709196,2766992.24554956,-960.9488866398042,0.8637464679282976,-374.9778089256092,0.8024150746540877,-0.019107144473699378,0.9289937550490999,-463.8576379084807,0.8085212006204482,0.001453698432907111,1.111569280830974,-0.0006999066681672161,0.9992954470021278,0.0004914775530764251,1.207716542963864,0.0006999066681672161,1.106131393566692,0.12272681132246066,1.0966596658737582,0.1601171215766103,1.2870916041202578,0.03476899117947696,1.2870916041119376,-0.04145727493633533,0.9531985846524589,-1601615.021206398,0.6333808641041505
control,control,13,8064.546622189132,1772.5712933391933,0.2197980092844979,2342.2733894130815,0.011538014749191416,0.9942138106264415,0.0023112071374331105,0.005786189373558459,1.3779700317131003,0.7011189400441854,0.15224604340952327,0.8489540284023448,3979402.8758891285,7014.969771915135,1435.3768568998157,0.20461625688629984,1962.2915975575218,0.013334263267015386,0.9933305932135125,0.0029321919232426935,0.006669406786487531,1.5474843746517166,0.8889115884559552,0.1930246988831378,0.7985694897663109,2688591.902170105,-1049.5768502739966,0.8698529626716835,-337.19443643937757,0.8097710158646613,-0.015181752398198078,0.9309286173767009,-379.9817918555598,0.8377722286505697,0.0017962485178239698,1.1556808996793984,-0.0008832174129290715,0.9991116423806549,0.000620984785809583,1.2686841756773828,0.0008832174129290715,1.1526423272305133,0.16951434293861634,1.1230174379966391,0.1877926484117698,1.2678470622954032,0.04077865547361453,1.2678470622888838,-0.05038453863603387,0.9406510400430119,-1290810.9737190236,0.6756269686741345
control,control,14,14026.393339607956,2153.955210480529,0.1535644380083193,2951.0452850920005,0.004787105099982796,0.9976162469578728,0.0009800981262511096,0.0023837530421272346,1.2816528637519808,0.5868695466355409,0.12743710285043924,0.8816295000846363,6558166.252928051,12386.31365678379,1716.1301107157415,0.13855051295070697,2361.8802823561746,0.005355931147884967,0.9973367515063148,0.0011135290566749347,0.0026632484936851553,1.4348789508644948,0.7900258081002727,0.17155192450955287,0.8314203041059155,4077262.734373392,-1640.0796828241655,0.883071888609249,-437.8250997647874,0.7967343528619089,-0.015013925057612315,0.9022304561313786,-589.165002735826,0.8003537913456794,0.0005688260479021707,1.1188246413861667,-0.00027949545155792066,0.9997198367073412,0.00013343093042382514,1.1361403779007926,0.00027949545155792066,1.1172501704250588,0.15322608711251395,1.1195535011429163,0.20315626146473176,1.3461693703959565,0.04411482165911362,1.346169370387687,-0.050209195978720755,0.9430495508886174,-2480903.518554659,0.6217077422447167
control,control,15,18425.436821327196,2405.765974466842,0.13056764937492285,3375.4952578032407,0.003154080148070638,0.9984326102513741,0.0007080016802164538,0.0015673897486259136,1.2524174084033897,0.5478973134478032,0.11897438993999862,0.8921937795384677,8465110.493080212,16764.41354261302,2005.5446760873072,0.11963106678259076,2888.4642138680374,0.003503541842823767,0.9982603518857556,0.0009005941095499824,0.0017396481142444298,1.3520463036048702,0.6972369174078485,0.15140307290473096,0.857615542363339,5851396.99279624,-1661.0232787141758,0.9098516200825392,-400.221298379535,0.8336408018788147,-0.010936582592332086,0.9162381903510868,-487.03104393520334,0.8557156782225308,0.0003494616947531293,1.1107967068801659,-0.00017225836561851615,0.9998274712135304,0.00019259242933352858,1.2720225579162832,0.00017225836561851615,1.109901423471494,0.09962889520148055,1.0795492736941512,0.1493396039600453,1.2725686005266386,0.032428682964732336,1.2725686005182648,-0.034578237175128645,0.9612435796246224,-2613713.5002839714,0.6912369304074003
control,control,16,23152.54729775592,2154.3806154604013,0.09305155876602902,3084.1567344433684,0.002451799115088288,0.9987838815871756,0.0005871971094693037,0.0012161184128244296,1.440347735970019,0.7886987297217435,0.1712637531011287,0.8295538096762979,6720665.714033412,21311.36040019951,2108.240946995399,0.09892568599119848,2898.2548454229136,0.002764174692423328,0.9986284590471004,0.0007480250256556534,0.001371540952899597,1.4656611275309612,0.8463019826281484,0.18377214053959326,0.8223555701636405,5677074.123852426,-1841.1868975564066,0.9204758390566007,-46.13966846500216,0.9785833254653831,0.005874127225169459,1.0631276606432394,-185.90188902045475,0.9397235922077717,0.00031237557733504017,1.1274066762995731,-0.00015542254007516743,0.99984438821657,0.00016082791618634977,1.2738908491184702,0.00015542254007516743,1.1278021427094398,0.025313391560942256,1.0175745001903147,0.05760325290640489,1.073035812959474,0.012508387438464552,1.073035812954569,-0.007198239512657412,0.9913227575719801,-1043591.5901809856,0.8447190152603686
control,control,17,26287.012707127997,3194.480868962326,0.12152316067835693,4521.778722910747,0.0022089657691254433,0.9989027169539894,0.00037858731760244966,0.0010972830460106442,1.2073886479517226,0.4922126153016619,0.10688261137433991,0.9092655641337277,14493372.150326537,23471.451637637932,2047.8444272134075,0.08724830738332186,2919.183227605026,0.0026038072625242654,0.9987091456848143,0.0005099365376099322,0.0012908543151857188,1.627657602826532,1.0230714662047555,0.22215714618269725,0.7783767785213399,5652015.3329509115,-2815.5610694900643,0.892891554439482,-1146.6364417489185,0.6410570328062772,-0.034274853295035074,0.7179562060069318,-1602.5954953057212,0.6455829456700828,0.0003948414933988222,1.1787449573636444,-0.0001935712691750746,0.9998062160940305,0.0001313492200074825,1.3469456385711929,0.0001935712691750746,1.1764096043426768,0.4202689548748093,1.3480809228962252,0.5308588509030936,2.0785153293473964,0.11527453480835734,2.0785153293321725,-0.13088878561238781,0.8560499915798045,-8841356.817375626,0.38997241458562637
control,control,18,30809.890323797274,3013.3137482883467,0.09780345585848746,4526.8007127265355,0.002025781110756391,0.9989944206146274,0.0004250313433249732,0.0010055793853726014,1.2390261074664528,0.5498481559703368,0.11939801001129789,0.8973438800653473,16323795.609448727,28552.848746760454,2590.135117780135,0.09071371969754878,3653.7487405115794,0.0022750837503066764,0.9988718043047359,0.00053200252814175,0.0011281956952641226,1.4602359728545589,0.8783510217305294,0.19073150095582606,0.8246002099342384,8842347.52493172,-2257.04157703682,0.9267429532102716,-423.1786305082119,0.8595637010090333,-0.007089736160938678,0.9275103716976588,-873.0519722149561,0.8071370869584605,0.0002493026395502854,1.1230649437411997,-0.00012261630989152117,0.9998772602645609,0.00010697118481677682,1.2516783414801242,0.00012261630989152117,1.1219359809411285,0.22120986538810605,1.1785352738363641,0.3285028657601926,1.597442879805379,0.07133349094452816,1.597442879794905,-0.07274367013110883,0.9189344556217062,-7481448.084517008,0.5416845283099165
control,control,19,35325.91772099751,3443.0649831588316,0.09746569106433418,5222.305770980275,0.0018957456446299752,0.999058763852694,0.0003831358443882441,0.0009412361473060127,1.2017674570086214,0.4894398929339661,0.10628052236226992,0.9114438913623215,23489067.038939524,34594.790346996866,3644.447074121696,0.10534670213540018,4970.733289721417,0.0020183925955802855,0.9989983663673173,0.00047463964668687127,0.0010016336326826858,1.2659556145711182,0.6202044068785207,0.13467567577971037,0.887681295451933,17442122.889095753,-731.1273740006436,0.9793033721084033,201.38209096286437,1.058489192608298,0.007881011071065994,1.0808593360794323,-251.5724812588578,0.9518273168421473,0.00012264695095031038,1.064695889046631,-6.039748537667311e-05,0.9999395456117679,9.150380229862716e-05,1.2388286097478125,6.039748537667311e-05,1.0641682583965495,0.06418815756249674,1.0534114625813027,0.13076451394455463,1.267171752509618,0.02839515341744045,1.267171752500284,-0.02376259591038854,0.9739286245302002,-6046944.149843771,0.7425634598505205
control,control,20,38210.112600034445,4264.620961093602,0.11160974597833971,6429.283595094607,0.0018309788222057664,0.9990900771009305,0.00038209217524294553,0.0009099228990695485,1.1462610333209073,0.3886027871934673,0.08438402306517324,0.9336181357507817,34866120.75666087,37949.5048121629,4087.3447243309015,0.10770482367456079,5751.4108059676555,0.001995907999548307,0.9990095871520458,0.00046047945390188127,0.000990412847954203,1.2404682798688316,0.5824650345142187,0.12648067519555614,0.8969548309304534,23016657.226585455,-260.60778787154413,0.9931796121461492,-177.2762367627006,0.9584309512193455,-0.003904922303778924,0.9650127121918028,-677.8727891269518,0.8945648019564492,0.00016492917734254047,1.0900770529141208,-8.048994888465444e-05,0.9999194367437638,7.838727865893574e-05,1.205152794358958,8.048994888465444e-05,1.0884579868014117,0.09420724654792423,1.0821865559486987,0.1938622473207514,1.4988699353376937,0.0420966521303829,1.498869935323788,-0.03666330482032831,0.9607298707926172,-11849463.530075416,0.6601439083867201
control,control,21,41751.545112695065,4377.807866797408,0.10485379295498892,6710.519087578359,0.0017835657834469032,0.9991137592168673,0.00039591360598954995,0.0008862407831327079,1.1485348107098126,0.3920247877563863,0.08512710104594601,0.932671372914894,40194337.344704896,42861.865043932834,4815.300938541954,0.11234464327686942,6466.836172997796,0.002008825190954739,0.9990029128652982,0.0004846257126001581,0.0009970871347018129,1.2301398204273932,0.5675121717964481,0.12323370231206382,0.9007955017139079,30348248.392118122,1110.3199312377692,1.0265935051802468,437.4930717445459,1.0999342787660058,0.007490850321880502,1.071440909381549,-243.6829145805632,0.963686428516143,0.00022525940750783586,1.1262972235014534,-0.00011084635156910494,0.9998890553237343,8.871210661060816e-05,1.224069352617501,0.00011084635156910494,1.1250747568309907,0.08160500971758067,1.0710514030184912,0.1754873840400618,1.4476435917303943,0.03810660126611781,1.4476435917170811,-0.03187587120098612,0.9658230410757331,-9846088.952586774,0.7550379082469468
control,control,22,47812.43571800608,6592.312573103176,0.13787861827379194,9156.564105456548,0.001822826336275027,0.9990921009042179,0.0004883225376822299,0.0009078990957821498,1.0998598961765191,0.29048182588824034,0.06307732703822197,0.9533196755782629,72001573.05702388,49403.29525674547,7504.664568045947,0.15190615381109154,9430.501838858101,0.0020889489847981603,0.9989605305480478,0.0005665874159447103,0.001039469451952213,1.121702456030302,0.3553476697935376,0.07716276607425611,0.943946040561915,70182226.22504608,1590.859538739387,1.0332729239757237,912.351994942771,1.1383963495094562,0.014027535537299601,1.1017382949714707,273.9377334015535,1.0299170879214734,0.00026612264852313335,1.1459945152652142,-0.00013157035617006319,0.9998683100816723,7.826487826248041e-05,1.1602729160805956,0.00013157035617006319,1.1449173764313518,0.021842559853782806,1.0198594020281082,0.06486584390529726,1.2233043107110955,0.01408543903603414,1.223304310695913,-0.009373635016347914,0.990167374850779,-1819346.8319777995,0.974731846059295
control,control,23,53441.69607354194,7947.570786034676,0.14871479331602613,10762.558742886746,0.0021727343816304264,0.9989172756562442,0.0005078658269426479,0.001082724343755781,1.1140696358344417,0.31920983789150137,0.06931553558275529,0.9471321213784297,95824253.00022297,55090.20055804598,8707.512595924441,0.15805919215613928,11043.769662231112,0.002470862367036091,0.9987697180379307,0.0006157687801190757,0.0012302819620693128,1.1366491578105642,0.38390586298031154,0.08336409893132758,0.9376234268734797,93874047.42486517,1648.5044845040393,1.030846784545077,759.9418098897659,1.0956193823683986,0.00934439884011315,1.062834359855465,281.21091934436663,1.0261286303807842,0.00029812798540566465,1.1372132676635491,-0.00014755761831353187,0.9998522824432919,0.00010790295317642787,1.212463501656609,0.00014755761831353187,1.1362836423030784,0.022579521976122452,1.0202676037913823,0.06469602508881017,1.2026755363022288,0.014048563348572296,1.2026755362886454,-0.009508694504950066,0.9899605405715717,-1950205.5753577948,0.9796481004098904
control,control,24,59878.597117561076,10555.375936284276,0.1762796131572798,13771.185074065908,0.002504508455508329,0.998745982826566,0.0006517426104514762,0.0012540171734339856,1.088044069686727,0.26572138332059864,0.05770066524991738,0.9585395337534448,150833151.25571546,58111.102788777185,9824.263714852594,0.16906001165666956,12449.280381761626,0.003055733694442018,0.9984756912206624,0.0008074056253306446,0.0015243087793376242,1.1405373110283188,0.39370528606375954,0.08549201661681599,0.9360163831921509,117631594.57592082,-1767.4943287838905,0.9704820350865314,-731.112221431682,0.9307355582742938,-0.00721960150061024,0.9590446032172317,-1321.9046923042824,0.9040093728176151,0.000551225238933689,1.2200931829562205,-0.00027029160590363865,0.9997293690171966,0.00015566301487916832,1.238841240612603,0.00027029160590363865,1.2155405925964593,0.05249324134159172,1.048245510272077,0.1279839027431609,1.4816469835521815,0.027791351366898615,1.4816469835320791,-0.022523150561293948,0.9765026378473151,-33201556.67979464,0.7798789165154664
control,control,25,65103.35816734148,11169.009567394598,0.17155811745817795,14520.31508419035,0.0027363123558888603,0.9986285725969785,0.0007115162178489984,0.0013714274030215412,1.0978197057776353,0.286342542402031,0.06217849304967498,0.9542151163790548,170818248.33679125,61654.09286266734,9904.905767138578,0.1606528505609751,12600.791020906914,0.003437734985501459,0.9982860049184005,0.0008366953326356188,0.0017139950815995286,1.181814673230685,0.4685586420243913,0.10174621633963712,0.9192096237518695,122026110.974205,-3449.2653046741398,0.9470186269683945,-1264.10380025602,0.8868204210383804,-0.010905266897202837,0.9364339789937498,-1919.5240632834357,0.8678042417017929,0.0007014226296125988,1.2563386547762785,-0.0003425676785779874,0.9996569618685286,0.00012517911478662042,1.1759329028214136,0.0003425676785779874,1.249789144196368,0.08399496745304957,1.0765107121050224,0.1822160996223603,1.6363570641378489,0.039567723289962144,1.6363570641172465,-0.03500549262718522,0.963314883586226,-48792137.362586245,0.7143622661064528
control,control,26,66892.69441536441,10929.288117638296,0.16338537732945582,14267.763841628788,0.0032475515714408187,0.9983742092685354,0.0008076632979048252,0.001625790731464627,1.1331144634731927,0.35971138389224094,0.07811033455109125,0.9390615822387036,165308972.59898013,64161.396866247946,10314.196717887926,0.16075393027039442,13259.554078583904,0.003913972514215027,0.9980465231498336,0.0009686783474130011,0.001953476850166447,1.1969655263672192,0.49536445628137643,0.1075670249470032,0.9132880684294004,137238731.94059947,-2731.297549116469,0.9591689709468614,-615.0913997503703,0.9437208175747784,-0.0026314470590614036,0.983894231521471,-1008.2097630448843,0.9293365257348001,0.0006664209427742086,1.205207192837075,-0.00032768611870181985,0.9996717802636934,0.0001610150495081759,1.199359124930536,0.00032768611870181985,1.201554917959867,0.06385106289402653,1.0563500554897653,0.1356530723891355,1.377116428509797,0.02945669039591195,1.3771164284959947,-0.02577351380930326,0.9725539684534509,-28070240.658380657,0.8301952990387539
control,control,27,69373.65188172752,12794.169971005882,0.18442405184057734,16718.433663117055,0.004568378210007127,0.9977063545778476,0.001171924967128864,0.0022936454221523794,1.1510783921757837,0.3919224350022234,0.08510487542777574,0.9315887599074447,221279871.57487887,65076.47026398952,11202.57262831426,0.1721447488296438,14829.492271474088,0.005284238159404477,0.9973573158375335,0.0013520228290069777,0.002642684162466491,1.2250499287837113,0.5387308440988925,0.11698391641161501,0.9025262196163275,170538664.02722827,-4297.181617738002,0.938057439659309,-1591.5973426916225,0.8755997969154311,-0.012279303010933523,0.9334181041500942,-1888.9413916429676,0.8870144518496247,0.0007158599493973499,1.1566989236295158,-0.00034903874031411153,0.9996501588471275,0.00018009786187811374,1.1536769552454065,0.00034903874031411153,1.1521764156703846,0.07397153660792766,1.0642628139922263,0.1468084090966691,1.3745853668582706,0.03187904098383927,1.374585366845626,-0.02906254029111721,0.968803251452955,-50741207.547650605,0.770692168309216
control,control,28,70979.66031424327,11881.417377700895,0.1673918602188166,15609.852922661352,0.0060136755171013795,0.9969925132472455,0.0013893926456800922,0.003007486752754529,1.2865316185871574,0.6068601771419141,0.1317780131097816,0.8798864087946342,190552248.06043085,63759.56439384492,10043.512382284238,0.15752165934266948,13549.931932488993,0.007189584950815637,0.9964152056881701,0.0016158860315501036,0.0035847943118298975,1.4665385162258557,0.853356991463658,0.1853041162431135,0.8218857253460623,134114026.85951175,-7220.095920398351,0.8982793678015177,-1837.9049954166567,0.845312647726184,-0.009870200876147123,0.9410353594004767,-2059.920990172359,0.8680371301140254,0.0011759094337142574,1.1955392220905048,-0.0005773075590753685,0.999420950957601,0.00022649338587001143,1.163016110248755,0.0005773075590753685,1.1919568082401897,0.18000689763869837,1.1399164194932405,0.24649681432174386,1.4061838683850474,0.05352610313333189,1.4061838683766934,-0.0580006834485719,0.9340816236393948,-56438221.20091911,0.7038176050118257
control,control,29,74685.94679542581,12267.461860085996,0.16425395119764785,16273.364996154965,0.007469186854369686,0.9962684087687763,0.0016233704011504452,0.0037315912312236854,1.4147673775952634,0.77116362610557,0.16745605373107575,0.8375204570164672,194951275.9790192,65460.30447858115,10388.223726828346,0.1586950108096031,14125.791624338837,0.009153422627787879,0.9954373457517511,0.0019711466219893246,0.004562654248248865,1.6773259793700583,1.0466634521303824,0.2272800808350167,0.7647198469091893,137361130.2851884,-9225.642316844664,0.8764741867420539,-1879.2381332576497,0.8468111696868583,-0.0055589403880447474,0.9661564282108392,-2147.573371816128,0.8680313891857305,0.0016842357734181924,1.2254911819761711,-0.0008310630170251798,0.999165824178796,0.00034777622083887946,1.2142309724128193,0.0008310630170251798,1.2227100891567757,0.26255860177479495,1.1855842917581905,0.2754998260248124,1.3572521014959542,0.05982402710394094,1.3572521014896088,-0.0728006101072779,0.9130760216084375,-57590145.69383079,0.7045921069014769
control,control,30,73857.16474957859,12845.535037087562,0.17392402051502873,17023.39437986435,0.009176713319108179,0.9954088623228385,0.0022726225550974643,0.004591137677161461,1.4487617851772163,0.8120350974738322,0.17633118097232725,0.8273075513529794,208574443.79904553,64729.820551374534,10847.380000098594,0.16757933063462277,14704.266923119727,0.011149647925920226,0.9944352050124668,0.002653215925066611,0.00556479498753315,1.7431622642440867,1.1010369024670974,0.23908712555665462,0.7490109037349466,147297879.24850926,-9127.344198204053,0.8764189739864591,-1998.1550369889683,0.8444475040377916,-0.006344689880405957,0.963520335704169,-2319.1274567446217,0.8637682118504088,0.0019729346068120476,1.2149935970527614,-0.0009736573103716895,0.999021851875923,0.0003805933699691467,1.1674687985244236,0.0009736573103716895,1.2120732109609909,0.2944004790668704,1.2032083411350163,0.2890018049932652,1.3558981697847394,0.06275594458432737,1.3558981697787196,-0.07829664761803279,0.9053596845684634,-61276564.550536275,0.7062124993147569
control,control,31,76539.98184438203,13742.424798417445,0.1795457023540714,18190.358423483613,0.00937605036491174,0.9953080661259516,0.002339403992841358,0.004691933874048426,1.4297901326979108,0.7945098336002008,0.172525618275219,0.8332399147908965,232201712.77217034,63767.89838919741,11487.47525251912,0.1801451128655222,15562.099133880187,0.012773255259595549,0.993616839481831,0.00320554465340208,0.0063831605181690065,1.726512960021229,1.0922368215513407,0.237176212265647,0.7532130473351141,159899177.8831138,-12772.083455184613,0.8331318724225426,-2254.9495458983256,0.8359132701124183,0.000599410511450793,1.0033384843111721,-2628.2592896034257,0.8555136062514105,0.003397204894683809,1.3623279271232305,-0.0016912266441205803,0.9983008008247118,0.0008661406605607221,1.3702398823977804,0.0016912266441205803,1.3604540660972388,0.29672282732331823,1.20752893766459,0.29772698795113994,1.3747304002527705,0.064650593990428,1.3747304002465321,-0.08002686745578247,0.9039569924146404,-72302534.88905653,0.6886218709334082
control,control,32,77516.25856210756,14105.371163289594,0.18196661481008003,18631.13655846823,0.011799031942778785,0.9940971456762792,0.003457942274306744,0.005902854323720841,1.5578368371170448,0.9207475912510723,0.19993779905302575,0.7964079284868011,236012429.88405228,64687.76862629252,11981.625436958459,0.1852224259918048,16256.59848783348,0.01630639460507337,0.9918514446599503,0.004717888551069982,0.008148555340049657,1.970947368389267,1.251959935022846,0.27185964567218784,0.6999529500252439,167522585.49961296,-12828.489935815036,0.8345058162793474,-2123.7457263311353,0.8494370901874343,0.0032558111817247715,1.0178923545074738,-2374.5380706347514,0.8725500152294533,0.004507362662294586,1.3820112262405697,-0.002245701016328816,0.9977409642235732,0.0012599462767632383,1.3643630157624513,0.002245701016328816,1.3804432384387226,0.4131105312722223,1.2651821560693515,0.3312123437717738,1.3597211080621747,0.0719218466191621,1.3597211080568505,-0.09645497846155715,0.8788874708395943,-68489844.38443932,0.7098040793102004
control,control,33,78975.09168808754,14890.885256387344,0.18855166784989574,19605.840104105573,0.013953513374712737,0.9930178278983738,0.004397528546404059,0.006982172101626216,1.6454543978435816,0.9912604056864357,0.21524946215939889,0.7733723446710853,256556118.6192212,66733.54161205464,12879.607945739393,0.19300051570187968,17353.612946554906,0.01912873710562289,0.9904352613498767,0.006163780375314197,0.009564738650123306,2.0760836170165122,1.308793566457722,0.28420091193153274,0.6800888405264116,187697294.3310776,-12241.550076032901,0.8449947975447631,-2011.2773106479508,0.8649323209454436,0.004448847851983934,1.0235948475115162,-2252.2271575506675,0.885124679912133,0.0051752237309101515,1.3708903693687686,-0.0025825665484970894,0.9973992747391452,0.0017662518289101384,1.4016464723015358,0.0025825665484970894,1.369880104577443,0.4306292191729306,1.2617083887198708,0.31753316077128624,1.320332738953775,0.06895144977213385,1.3203327389489727,-0.09328350414467368,0.8793808638383281,-68858824.2881436,0.7316032661441086
control,control,34,82236.32214273802,15730.63660263185,0.19128575053889327,20723.95926156833,0.015657629713775247,0.9921653066570919,0.004791757816527209,0.007834693342908094,1.7578614133474266,1.076503303162813,0.23375972215711655,0.7461518887666622,279432314.3034202,69993.96887237924,13764.653988581416,0.19665485770179228,18575.270221105307,0.021791678201101623,0.9891004123996138,0.007239849174388829,0.010899587600386229,2.2619474214392397,1.3982704381802136,0.30363056775505437,0.6473720973388714,211768727.69425946,-12242.353270358784,0.8511320429784096,-1965.9826140504338,0.8750220564041564,0.005369107162899012,1.0280685160642913,-2148.6890404630212,0.8963186033448893,0.006134048487326377,1.3917609879698467,-0.0030648942574781346,0.9969109036186705,0.00244809135786162,1.5108963036293348,0.0030648942574781346,1.39119517790205,0.504086008091813,1.286760949562352,0.3217671350174005,1.2989002765441924,0.06987084559793783,1.2989002765398427,-0.09877979142779081,0.8676143652307379,-67663586.60916072,0.7578533936640965
control,control,35,91569.09699247715,16514.812354825215,0.18035355701041791,21832.290156481853,0.01599589914082859,0.992007569161505,0.0050299277473188,0.00799243083849499,1.9572294171746238,1.1959214974164296,0.2596910535587147,0.702790904598252,302840663.4879325,77675.60546063524,13807.189476857246,0.17775451372380366,18936.217018535208,0.021747873049339953,0.9891453908597282,0.00683632071783122,0.01085460914027181,2.992780035832796,1.6415821767465169,0.3564650404758704,0.5424251181191281,213660162.41387022,-13893.491531841908,0.848273140304274,-2707.6228779679695,0.8360488257575104,-0.0025990432866142554,0.9855891764449662,-2896.073137946645,0.8673490908562874,0.005751973908511364,1.3595905335805851,-0.0028621783017768188,0.9971147616290941,0.00180639297051242,1.3591290093811361,0.0028621783017768188,1.3581111126583947,1.0355506186581722,1.5290900543235864,0.44566067933008724,1.3726504459460618,0.09677398691715572,1.372650445941924,-0.16036578647912392,0.7718157912536329,-89180501.07406229,0.7055200578187351
control,control,36,92757.58011586237,17877.310265082888,0.19273152924809547,23700.496509505763,0.01824622961437627,0.9908728316778947,0.005914897939810025,0.00912716832210525,1.9708907935925104,1.2004656232596589,0.2606777979481089,0.6995753232153433,357685449.6996946,77686.700898782,14781.149620790855,0.19026615173231792,20251.108560080425,0.02558214102582258,0.9872175324857014,0.008132211414796897,0.012782467514298568,3.101787212060761,1.6691858241545734,0.3624590963507314,0.52828929679351,242707026.20778328,-15070.879217080364,0.8375240147677903,-3096.160644292033,0.8268105996717355,-0.0024653775157775504,0.9872082293624559,-3449.387949425338,0.8544592537104925,0.007335911411446308,1.402050810774861,-0.0036552991921933176,0.9963110309654974,0.002217313474986872,1.3748692701337157,0.0036552991921933176,1.400485568118646,1.1308964184682504,1.57379963524275,0.4687202008949145,1.390448665760869,0.10178129840262251,1.3904486657566937,-0.17128602642183333,0.7551571349953646,-114978423.49191129,0.6785487819299196
control,control,37,101877.73363526352,20813.337590748968,0.20429721832312855,27624.70931654665,0.0182836514297837,0.9908437536871456,0.006180670222725062,0.009156246312854388,1.808142921933245,1.0895854649284742,0.2366004774902127,0.7331692542360031,494785854.52017796,81469.85049743968,16436.70549387584,0.20175200265517107,22474.34149392108,0.02740411395542985,0.9862963116466229,0.009223474213188754,0.013703688353377097,2.924166299942353,1.6080691368822355,0.3491877763334399,0.5478362992773677,300757373.3031204,-20407.88313782384,0.7996825958959108,-4376.632096873127,0.7897198333621208,-0.0025452156679574844,0.987541603895363,-5150.367822625569,0.8135593839700387,0.009120462525646151,1.4988315686925793,-0.004547442040522709,0.9954105356928415,0.003042803990463692,1.492309713885658,0.004547442040522709,1.496649159890111,1.1160233780091082,1.617220776338992,0.5184836719537613,1.4758540643586147,0.11258729884322718,1.4758540643537317,-0.18533295495863544,0.7472166844305163,-194028481.2170576,0.6078536210271854
control,control,38,108445.84487974655,22123.068614022188,0.2040010720424929,29506.729834450267,0.019059414297098422,0.9904533333550454,0.007128800539889563,0.009546666644954627,1.8286914470107736,1.0954161938477327,0.23786660418776656,0.7282470350789342,566379389.0703163,85401.16805803796,17453.18553538383,0.20436705881496586,23952.46177221236,0.029555836307393658,0.9852116524289717,0.010880194137752352,0.014788347571028315,3.0048241987427238,1.6190721190289443,0.3515770435488377,0.5360232691913955,343646799.41809475,-23044.676821708592,0.7875006013622525,-4669.883078638359,0.7889134116015686,0.0003659867724729593,1.0017940433734336,-5554.268062237908,0.8117626692825485,0.010496422010295235,1.550721121075713,-0.0052416809260736885,0.994707796167122,0.0037513935978627892,1.5262306857016754,0.0052416809260736885,1.5490587573092682,1.1761327517319502,1.6431553850447782,0.5236559251812116,1.4780428919353037,0.11371043936107111,1.4780428919304394,-0.19222376588753864,0.7360459341005904,-222732589.65222156,0.6067431231602088
control,control,39,115416.0131452066,23636.965257821154,0.20479797052150067,31531.34321107944,0.020319890443960167,0.989821182669607,0.007994280645928978,0.010178817330393053,1.8886907949668776,1.1287004928064135,0.24509419787365316,0.7150828256554678,642948780.8002561,90399.31588188012,18768.211335323216,0.20761452840911562,25772.62245786749,0.03203201362246612,0.983964856725656,0.01242042924916559,0.016035143274343966,3.172446682637263,1.6536740929179212,0.3590907667103092,0.5143168796759466,397638699.1921554,-25016.69726332648,0.7832476050628036,-4868.753922497937,0.794019499991145,0.002816557887614951,1.0137528603405057,-5758.72075321195,0.8173651939068534,0.011712123178505951,1.576387122225398,-0.005856325943950913,0.9940834505792753,0.004426148603236611,1.5536644005532787,0.005856325943950913,1.5753444385811988,1.2837558876703854,1.6797067530004133,0.5249736001115077,1.465113290421928,0.11399656883665604,1.4651132904172481,-0.20076594597952113,0.7192409903059664,-245310081.6081007,0.6184609273187023
control,control,40,125595.99376646952,25632.776053823138,0.20408912167600002,34127.903528473675,0.021538716013801928,0.9892101147623947,0.008448014021012546,0.010789885237605268,1.9868192568812122,1.173711308395042,0.2548681722917063,0.6936657069772797,746335006.107869,98346.55235913012,20381.773637940274,0.20724441425778264,27958.8217955523,0.03312786233093367,0.9834156199636236,0.012777064428654969,0.01658438003637641,3.3274060687736426,1.6862032592898388,0.36615438543842754,0.4945525326654629,465538587.2242468,-27249.4414073394,0.7830389283116274,-5251.002415882864,0.7951449969813287,0.003155292581782626,1.0154603663088733,-6169.081732921375,0.8192364284030992,0.011589146317131743,1.538061150356753,-0.005794494798771144,0.9941423013035435,0.0043290504076424225,1.5124340934286382,0.005794494798771144,1.5370302528370687,1.3405868118924305,1.6747401945334106,0.5124919508947969,1.4366422537021926,0.11128621314672127,1.4366422536977799,-0.1991131743118168,0.7129551420666504,-280796418.8836222,0.623766248955716
control,control,41,141176.96112111863,25386.19483379976,0.1798182552748137,34176.43176500951,0.01948903319134195,0.9902688072937111,0.006722537802302668,0.00973119270628886,2.4420996804561814,1.3577565105103648,0.29483308014143295,0.6087613596877985,726813351.1277146,113501.45125785329,21150.001300074495,0.18634124115317074,29158.26165645538,0.028837710563632265,0.9855966129808839,0.009950854643226988,0.014403387019116143,3.874529336384973,1.7827171540826594,0.387112111406184,0.4272066724845034,502909371.95808226,-27675.50986326534,0.8039658196104537,-4236.193533725265,0.8331300314419277,0.006522985878357035,1.0362754374818717,-5018.170108554132,0.8531686940562405,0.009348677372290316,1.4796891297288057,-0.0046721943128272825,0.9952818928765502,0.00322831684092432,1.4802229357993797,0.0046721943128272825,1.4801255562771574,1.4324296559287917,1.586556587919306,0.42496064357229457,1.3129873731271917,0.09227903126475107,1.3129873731237058,-0.18155468720329515,0.701763779328723,-223903979.16963238,0.6919374433309106
control,control,42,153656.35612353857,28616.80200503653,0.18623897329719855,38556.85023654999,0.01999941832890718,0.990003196575789,0.007723753080234044,0.009996803424211054,2.2305236770506514,1.2783785528956069,0.27759637565301315,0.6458918097119349,940935994.1951278,119190.24891627631,24125.788906933936,0.20241411630812847,33142.952327059094,0.03147034393001222,0.9842457757868235,0.012710172630486077,0.015754224213176515,3.14136441028573,1.6307796618584665,0.3541193041725914,0.5144639879258802,665269316.1920023,-34466.10720726226,0.7756935796424083,-4491.013098102594,0.8430637673171104,0.016175143010929927,1.0868515473613083,-5413.897909490894,0.8595866136295857,0.011470925601105037,1.5735629612262967,-0.005757420788965462,0.9941844422221329,0.004986419550252033,1.6455954115580478,0.005757420788965462,1.5759261779066052,0.9108407332350787,1.4083528646681058,0.3524011089628596,1.2756625634585104,0.07652292851957826,1.275662563454913,-0.13142782178605472,0.7965172807416966,-275666678.00312555,0.7070292988005741
control,control,43,159069.68162564712,29464.263249813393,0.1852286554464494,39884.902104960165,0.021713335345086904,0.9891455443643571,0.008259605209222035,0.010854455635642912,2.42278684744963,1.348349105011965,0.29279028799294227,0.6117672728218594,1002190001.9469867,124344.31454379641,25832.694941494814,0.2077513156614495,35536.247510596775,0.034440388115209816,0.9827410133430253,0.014475975792881363,0.017258986656974673,3.1599647908345014,1.6309074576850275,0.3541470546837343,0.5103860358892961,770657974.0465102,-34725.36708185071,0.7816971359534558,-3631.5683083185795,0.8767466785940565,0.0225226602150001,1.1215938222927386,-4348.65459436339,0.89096990678529,0.012727052770122912,1.58613992582289,-0.006404531021331761,0.9935251884226594,0.006216370583659328,1.7526232095168406,0.006404531021331761,1.5900370534208168,0.7371779433848715,1.3042685922451513,0.2825583526730626,1.2095587497492688,0.06135676669079204,1.209558749746035,-0.10138123693256329,0.8342813657458941,-231532027.90047646,0.7689739196652613
control,control,44,170908.01052181778,32643.485741128734,0.19100032609040013,44024.75448451974,0.022413050826102524,0.9887819531396747,0.009390459909096625,0.011218046860325348,2.229145803952222,1.2746115552735195,0.2767783825127056,0.6460540485044741,1242766966.2423036,132788.41237787652,29523.934106935747,0.22233818130846664,40372.84071662061,0.03671421365976123,0.9815556022910775,0.017373499250572688,0.018444397708922478,2.650243615906683,1.4879141903012045,0.323096461196679,0.5805312753738173,1019380964.0359195,-38119.59814394126,0.7769583881553932,-3119.551634192987,0.9044357070524932,0.03133785521806651,1.1640722602854106,-3651.913767899132,0.917048628421466,0.014301162833658704,1.6380730112549122,-0.0072263508485971295,0.9926916638934964,0.007983039341476064,1.850122296128723,0.0072263508485971295,1.644171925552411,0.42109781195446105,1.188905459304939,0.21330263502768498,1.167347168746438,0.04631807868397342,1.1673471687431365,-0.0655227731306568,0.8985800440640662,-223386002.20638406,0.8202510943126966
control,control,45,182817.0387471154,34182.39880345897,0.18697600091172203,45965.51011438764,0.02312227630787918,0.988427074333499,0.009660044173687692,0.011572925666501033,2.307049644784772,1.325876122121522,0.2879103417623295,0.6347133382166918,1343177463.5753655,145086.03250628436,32159.59297838404,0.2216587801240692,43729.34029604003,0.03703826263156806,0.9813849887806295,0.01748405848067289,0.01861501121937048,2.5984320005304813,1.4834213550366064,0.32212085441492133,0.5901170605935369,1197601029.8611887,-37731.00624083105,0.7936132950221173,-2022.805825074931,0.9408231752047127,0.034682779212347165,1.1854932132575486,-2236.169818347611,0.951351136693952,0.013915986323688876,1.6018432673665872,-0.007042085552869448,0.9928754627056217,0.007824014306985198,1.809935665355086,0.007042085552869448,1.6084965681275356,0.29138235574570936,1.1263008606699343,0.15754523291508438,1.1188234936020107,0.03421051265259184,1.1188234935989687,-0.04459627762315499,0.9297379227142388,-145576433.7141769,0.8916178705629328
control,control,46,191109.07432214558,33892.47845313603,0.1773462540873633,45237.87123080319,0.022476128401308092,0.9887703245241677,0.008596253475764072,0.011229675475832313,2.5746944075907665,1.4492624232451055,0.31470333662254213,0.5954666509766798,1253053611.325076,162502.83251491978,35402.73647068847,0.21785919619239905,47677.27393972438,0.033872046471280795,0.982979821708867,0.01596467955545532,0.017020178291133004,2.325248064096305,1.4013391154524744,0.30429692255809676,0.6350552079304369,1430239757.1835876,-28606.2418072258,0.8503145813002825,1510.2580175524417,1.0445602707881252,0.040512942105035754,1.2284397959928155,2439.4027089211886,1.0539239058459533,0.011395918069972703,1.507023178769634,-0.005790502815300691,0.9941437332081327,0.0073684260796912475,1.8571671482941168,0.005790502815300691,1.5156429343169306,-0.2494463434944616,0.9031161357402486,-0.0479233077926311,0.9669326223981638,-0.010406414064445368,0.9669326223957586,0.03958855695375707,1.0664832478657835,177186145.85851145,1.141403483663513
control,control,47,210401.61166043626,34529.70287797385,0.1641133002997181,46010.81955904389,0.019772007075434212,0.9901414334072101,0.006738384266144427,0.009858566592789941,2.932017455022761,1.5710739385249335,0.3411543710816936,0.5490708896397047,1256934587.4146411,185887.53836925636,37872.23930742709,0.20373737604828446,50695.29745143404,0.02807775551830711,0.9859208094214478,0.01234377515761074,0.014079190578552225,2.256798445960901,1.3849877233499217,0.3007462628773092,0.6472890603674113,1602297063.9415574,-24514.0732911799,0.8834891372850187,3342.536429453241,1.0968017721225574,0.039624075748566356,1.2414434154633411,4684.477892390147,1.1018125288200689,0.008305748442872896,1.420076141474394,-0.004220623985762284,0.9957373524181952,0.005605390891466313,1.8318597854084313,0.004220623985762284,1.4281174088148796,-0.6752190090618599,0.7697083938208041,-0.18608621517501178,0.8815547692487293,-0.040408108204384396,0.8815547692467065,0.09821817072770656,1.1788806738433675,345362476.52691627,1.2747656719649063
control,control,48,118.80352529316036,86.27694449586542,0.7262153566821115,118.27719729152682,0.3582210078722289,0.802465616434387,0.13770651621737356,0.19753438356561304,4.380340210566341,1.7757958712747437,0.3856091739405992,0.34131906300747883,8535.676656557476,112.13395026698205,111.46607200458378,0.9940439246025927,155.20057376644598,0.44864225252836964,0.7366364716675569,0.14851342840517257,0.26336352833244314,3.769816413501096,1.704160102721039,0.37005366444571297,0.39625573370819167,16390.674582983305,-6.6695750261783076,0.9438604619709612,25.189127508718357,1.2919566479307132,0.26782856792048126,1.36880047420472,36.923376474919166,1.3121766267754045,0.09042124465614076,1.2524174815764575,-0.0658291447668301,0.9179663982860123,0.010806912187799,1.078477856266885,0.0658291447668301,1.3332541078532336,-0.6105237970652446,0.860621831246489,-0.07163576855370479,0.9596599081496674,-0.01555550949488621,0.9596599081477193,0.05493667070071284,1.1609540065400572,7854.997926425829,1.9202548599812852
question_only,question_only,0,33.10863497389326,47.6450022176564,1.4390506360417419,65.50036864607243,0.7707816136393445,0.5534406448713828,0.3511671860666215,0.4465593551286172,3.6665594210805645,1.4604499442481127,0.634265351882867,0.44082950208445315,2758.619491536674,33.090804289724495,47.434391420151194,1.4334614234468546,65.1523084471549,0.7713657918411235,0.5529574448224774,0.35398058424939194,0.44704255517752256,3.629517443501092,1.455251625821866,0.6320077508751721,0.44551104998516244,2729.298975499888,-0.01783068416876432,0.9994614491299981,-0.21061079750520406,0.9955795825857229,-0.005589212594887316,0.9961160417459268,-0.3480601989175369,0.9946861337407237,0.0005841782017790287,1.0007579036531762,-0.0004832000489053412,0.9991269162205881,0.0028133981827704324,1.0080115634187663,0.0004832000489053412,1.001082051114493,-0.03704197757947236,0.9898973469876166,-0.00519831842624674,0.996440604864469,-0.0022576010076948982,0.9964406048635804,0.004681547900709293,1.0106198606889105,-29.320516036786103,0.9893713083204331
question_only,question_only,1,786.2840502248341,498.0393939617974,0.6334089999910144,669.154345529506,0.3373306810368822,0.8300636553233856,0.16857714300944426,0.16993634467661445,1.8668498367540431,0.9646297128473229,0.41893336136951065,0.7147042157044438,290470.41543075937,758.5760985385833,512.6158825368235,0.6757606567414801,679.2342191205227,0.3620921148746542,0.8138159280946822,0.1919100501356695,0.18618407190531783,1.6290667740628002,0.8233845268320366,0.35759135648767343,0.773211409706949,304044.8110226924,-27.707951686250794,0.9647608880298044,14.576488575026133,1.0292677421741123,0.042351656750465705,1.06686304859893,10.079873591016622,1.015063600286477,0.024761433837772018,1.0734040371323097,-0.01624772722870338,0.9804259262220633,0.02333290712622524,1.1384108587234725,0.01624772722870338,1.0956106667971872,-0.23778306269124294,0.8726287149556938,-0.14124518601528635,0.8535757460764682,-0.06134200488183722,0.8535757460753156,0.05850719400250526,1.0818621084300672,13574.395591933047,1.0467324549104342
question_only,question_only,2,765.7563631914829,463.6145160468506,0.6054334489818922,630.6165644672346,0.3242145441930499,0.8389902783288565,0.15055362105951386,0.16100972167114347,2.155345939812999,1.0930565291161267,0.4747084190034549,0.654001278520914,254723.89032646304,765.6183354787204,476.8060050262264,0.6227724480084348,637.9331697961558,0.3247283290591228,0.8366164521577479,0.15998043116536884,0.16338354784225206,1.8213322971819892,0.9401207823945587,0.40828926811652455,0.7251760047705242,264928.8220125785,-0.13802771276255044,0.9998197498324555,13.191488979375777,1.0284535719283683,0.017338999026542568,1.0286389842759291,7.316605328921128,1.0116023043814293,0.0005137848660728972,1.0015847064059082,-0.002373826171108595,0.9971706154011295,0.009426810105854971,1.0626143033854094,0.002373826171108595,1.014743371676291,-0.33401364263100985,0.8450301473828213,-0.15293574672156807,0.8600843207568634,-0.06641915088693034,0.8600843207558385,0.07117472624961019,1.1088296438952991,10204.931686115451,1.040062719178152
question_only,question_only,3,772.6586006197099,484.59608383272354,0.62718008114328,668.1029278665873,0.3443469057346442,0.8288513971321156,0.14726014529881767,0.17114860286788436,2.274601586788367,1.1624002952367918,0.5048240339840494,0.6346223076809021,278750.5610000296,697.7123766484409,447.8591592226077,0.6418965381895061,615.6008508519419,0.3593794906420329,0.8199950004659262,0.16031415771223767,0.18000499953407378,2.217754806156234,1.1492372475820611,0.49910739502257034,0.6464219186238448,237657.16765262638,-74.94622397126898,0.903002148800053,-36.736924610115864,0.9241906283691761,0.014716457046226039,1.0234644841053882,-52.50207701464535,0.9214161848050898,0.01503258490738868,1.043655350624609,-0.008856396666189426,0.989314855838064,0.013054012413419996,1.088645929187713,0.008856396666189426,1.051746824202674,-0.05684678063213289,0.9750080273559586,-0.013163047654730642,0.9886759770195706,-0.005716638961479059,0.9886759770184628,0.011799610942942684,1.0185931234989885,-41093.39334740324,0.8525800514984475
question_only,question_only,4,606.8016492035167,496.72824414178956,0.8186006824368234,691.3687782419112,0.47879491792259543,0.7536286005909357,0.1866271638732961,0.24637139940906427,2.474119140298307,1.2377748106885125,0.5375587701208631,0.6016368591830733,294176.96642974607,521.6428897021325,429.8106121308597,0.823955661269127,600.7108797106798,0.478939706837185,0.7539622400471742,0.17605175950435725,0.24603775995282584,2.7605902607975565,1.3189286951752945,0.5728034543384865,0.5586259424653578,220977.6486349978,-85.15875950138422,0.8596596439492808,-66.91763201092988,0.8652832151178637,0.005354978832303625,1.0065416251735295,-90.65789853123135,0.8688718649375994,0.00014478891458957754,1.0003024027786624,0.0003336394562384326,1.0004427107131768,-0.010575404368938834,0.9433340562520579,-0.0003336394562384326,0.9986457865724783,0.2864711204992494,1.1157871162435586,0.08115388448678207,1.0655643367314727,0.03524468421762339,1.0655643367303513,-0.04301091671771551,0.9285101701098467,-73199.31779474826,0.7511725044855632
question_only,question_only,5,1114.3395339904305,459.20052025324895,0.4120831274906487,657.3577780680837,0.17163196530992467,0.9194897272670415,0.05384586139970783,0.08051027273295852,3.554501233712075,1.4839809110522164,0.6444847209197379,0.449827055333736,255920.2459496013,1015.0137275203273,425.5395242912864,0.4192450927051761,612.9806277985792,0.1761230024045557,0.9172379730531572,0.0605409349124775,0.08276202694684276,3.638680200112108,1.4959552472918944,0.6496851090730842,0.4309495530017558,221263.54577079718,-99.3258064701032,0.9108657608920864,-33.660995961962556,0.9266965204146558,0.007161965214527444,1.0173799040429594,-44.377150269504455,0.9324916327910108,0.0044910370946310285,1.0261666705586874,-0.0022517542138842384,0.997551082792872,0.00669507351276967,1.1243377547987683,0.0022517542138842384,1.0279685329141166,0.08417896640003297,1.0236823567820508,0.01197433623967803,1.0080690635233167,0.005200388153346336,1.008069063522432,-0.01887750233198021,0.958033866329066,-34656.70017880411,0.8645800763038142
question_only,question_only,6,1129.057671445366,511.6399203934692,0.4531565865351162,733.3724411933624,0.1882829155325288,0.9110066819895641,0.05513013292210843,0.08899331801043586,3.7889325657374555,1.4972104480250035,0.6502302358251544,0.39108823091530837,321668.06618102104,1054.154903531522,453.6743486507054,0.43036782083055497,652.7055963218562,0.18226753020237244,0.9142015265027441,0.05727131874144788,0.08579847349725589,3.855090850238029,1.5253259393481942,0.6624406385628149,0.40416776619756917,252886.43808800023,-74.90276791384395,0.9336590416874296,-57.965571742763814,0.8867063154528928,-0.02278876570456123,0.9497110570989241,-80.66684487150621,0.8900056228725421,-0.006015385330156359,0.9680513480784444,0.003194844513179973,1.0035069386156414,0.0021411858193394473,1.0388387566800505,-0.003194844513179973,0.9641001753213715,0.06615828450057348,1.0174609295234789,0.02811549132319069,1.0187785834377923,0.012210402737660497,1.018778583436906,0.013079535282260801,1.0334439501045989,-68781.62809302082,0.7861720347014072
question_only,question_only,7,1265.5596281246014,673.4982285654936,0.5321742362811714,975.2046893607961,0.2207988289790955,0.8937404085771379,0.07328457351736409,0.10625959142286212,3.234564962654942,1.4008500100966077,0.6083814293590712,0.4652587415074196,579952.1032532759,1115.2494937829915,572.9541763908853,0.5137452916005286,832.4995290930271,0.22034448685477287,0.8942987204372714,0.07974202225543618,0.10570127956272857,3.712745141343627,1.4943570297294366,0.6489910120048279,0.40125551393035025,415303.89988804,-150.3101343416099,0.8812303023885558,-100.54405217460828,0.8507137095389823,-0.018428944680642823,0.9653704681188825,-142.70516026776897,0.8536664540022805,-0.000454342124322632,0.997942280185899,0.0005583118601335535,1.0006246913016072,0.006457448738072094,1.0881147071894188,-0.0005583118601335535,0.9947457744411373,0.4781801786886848,1.1478344643587077,0.09350701963282892,1.0667502009193073,0.04060958264575665,1.0667502009183154,-0.06400322757706933,0.8624351960146651,-164648.20336523588,0.7161003426979021
question_only,question_only,8,2156.1503520908127,855.4006093014711,0.39672586305124374,1198.8950030713763,0.08520973124942564,0.9599186526398732,0.01854945988776978,0.04008134736012681,2.113540790679334,1.1165302954475331,0.48490294619067104,0.6649073473943964,918212.2146389451,1929.1352456537413,693.163907953826,0.3593132775503916,984.708152657345,0.08229944264136194,0.9616597662632552,0.019079425835638417,0.03834023373674478,2.6730043348571524,1.3150942751385584,0.5711381868752327,0.5708992078819111,591321.8886414792,-227.01510643707138,0.8947127661032839,-162.23670134764518,0.8103383378693988,-0.037412585500852136,0.9056966308825564,-214.18685041403137,0.8213464483000431,-0.0029102886080637075,0.9658455839919202,0.001741113623382029,1.001813813720144,0.000529965947868638,1.028570424694117,-0.001741113623382029,0.9565605016045279,0.5594635441778184,1.264704398724536,0.19856397969102524,1.1778402077395114,0.08623524068456162,1.1778402077381374,-0.09400813951248532,0.8586146778468638,-326890.3259974659,0.6439926187150493
question_only,question_only,9,3508.0072303797533,979.3184916248358,0.2791666115006328,1349.4374834329876,0.034215639122509627,0.9841831067107034,0.004681993686176757,0.015816893289296585,1.862572767711815,1.0214393605311904,0.44360547787748217,0.719548211881494,1133264.5080802676,2965.0942867180543,831.5024278246134,0.2804303497360181,1160.610752568389,0.038543637063754126,0.9822006483768442,0.005226869625753117,0.017799351623155824,2.1244779215965397,1.1637378257821882,0.5054049161192922,0.6671742484819618,806957.8043360268,-542.912943661699,0.8452360819099772,-147.81606380022242,0.8490623172498516,0.001263738235385281,1.0045268244206844,-188.82673086459863,0.8600700416411869,0.004327997941244499,1.1264918046575587,-0.0019824583338592383,0.9979856814028409,0.0005448759395763605,1.116376905861426,0.0019824583338592383,1.1253380355088725,0.2619051538847248,1.1406147230453372,0.14229846525099776,1.1393117112462332,0.06179943824181,1.1393117112447806,-0.05237396339953215,0.927212711343538,-326306.7037442408,0.7120648344515799
question_only,question_only,10,3824.8054926150626,1270.5823508429032,0.33219528504028356,1737.7813298990511,0.034683621189254596,0.9837040499868189,0.0032878634553880595,0.01629595001318107,1.5106667617805778,0.7812549877778333,0.3392947301513054,0.8080327416493479,1962404.8907071438,3336.551962470601,1102.1524973071469,0.3303267893634244,1525.0701743645461,0.037165320030764004,0.9825869727926001,0.0031180331275550963,0.0174130272073999,1.646387487665287,0.9026063116970833,0.3919969405010898,0.7716527531954078,1443985.426676727,-488.25353014446137,0.8723455268281792,-168.42985353575637,0.8674388531967087,-0.0018684956768591499,0.9943753094580288,-212.711155534505,0.8775961325658491,0.0024816988415094082,1.0715524721855374,-0.0011170771942188296,0.9988644174076211,-0.0001698303278329632,0.9483462950680034,0.0011170771942188296,1.0685493752893649,0.1357207258847093,1.0898416045929609,0.12135132391924996,1.1553287029414825,0.052702210349784395,1.1553287029395565,-0.03637998845394008,0.9549770862247035,-518419.4640304169,0.7358244129509854
question_only,question_only,11,7257.550943155634,1688.1481797090933,0.23260576369789482,2333.965209737518,0.012021331830591332,0.9945014496456505,0.0018897376535707401,0.005498550354349541,1.3144878215707065,0.5982714284246423,0.2598259800451984,0.8699503442861504,3775329.391353322,6471.98130551052,1302.1393457671995,0.20119640096279368,1842.5765927901791,0.012862150769512167,0.9941489012687008,0.002168956869034169,0.005851098731299187,1.5316721799505926,0.833046828141903,0.361787640629035,0.8028412827943281,2224764.490843433,-785.5696376451142,0.8917583019674205,-386.0088339418937,0.771341853409804,-0.03140936273510114,0.8649673927394157,-491.38861694733873,0.7894618930491247,0.0008408189389208353,1.0699439088530285,-0.00035254837694964625,0.999645502399142,0.0002792192154634288,1.1477555436269562,0.00035254837694964625,1.064116604043946,0.21718435837988603,1.1652235607015384,0.2347753997172607,1.3924228845995115,0.1019616605838366,1.39242288459648,-0.06710906149182227,0.922858744831221,-1550564.9005098892,0.5892901678827906
question_only,question_only,12,7526.697607996518,1749.9850931640729,0.23250370671260295,2474.6880719167557,0.01337373389716051,0.9938871732123079,0.0022107666857317837,0.006112826787692094,1.3632976731568551,0.6584718605504885,0.28597069552564464,0.8536052902668164,4075522.3473457396,6835.280921161121,1255.9925945146208,0.18375142280198528,1850.9606561584758,0.013705601977529796,0.9937796779392862,0.0023577764460630266,0.006220322060713768,1.7970082365213185,1.0401557405558506,0.4517338984433963,0.736506185075811,2045853.2321900204,-691.4166868353968,0.9081381074615217,-493.99249864945205,0.7177161676524421,-0.04875228391061767,0.7903161003292282,-623.7274157582799,0.7479571575761562,0.00033186808036928667,1.0248149157068942,-0.00010749527302167383,0.9998918435845447,0.00014700976033124287,1.0664971840825819,0.00010749527302167383,1.0175851984257962,0.43371056336446334,1.3181334288929314,0.38168388000536213,1.5796510114869469,0.16576320291775165,1.579651011483822,-0.11709910519100541,0.8628182058767866,-2029669.1151557192,0.5019855267196414
question_only,question_only,13,8815.233907769378,1710.1321187670947,0.19399736146080657,2487.859191123145,0.011319121967675325,0.9948568730448579,0.0020852886671950017,0.005143126955142074,1.4694772997598802,0.7747045308576899,0.33644990285694215,0.8206536993153765,3978284.5366193894,7925.911778886963,1466.312763111744,0.18500240780091784,2165.190902008312,0.012321957194475666,0.9944067656166276,0.002036792286754132,0.005593234383372447,1.617827467681245,0.9223276150949494,0.4005617937427229,0.7802552069476454,2913202.4193794737,-889.3221288824152,0.8991153112683028,-243.8193556553506,0.8574265970566468,-0.008994953659888727,0.953633628864279,-322.668289114833,0.8703028329472436,0.0010028352268003412,1.088596556214837,-0.000450107428230373,0.9995475656434354,-4.849638044086965e-05,0.97674356448556,0.000450107428230373,1.0875162971998662,0.1483501679213648,1.1009543787743472,0.14762308423725956,1.190554047841482,0.06411189088578073,1.19055404783948,-0.040398492367731076,0.9507727895427951,-1065082.1172399158,0.7322760331906811
question_only,question_only,14,14897.107577132252,2038.2304808599688,0.1368205519297415,3163.971867766354,0.005133710209507347,0.9976783414285071,0.0010453072382394296,0.0023216585714929128,1.3492602134669394,0.6533394514094881,0.2837417185568384,0.8583943690443862,6736374.001609026,13426.860238725778,1713.4676253735895,0.12761491479829382,2647.1450001399817,0.00574184603927398,0.9974069217889078,0.0011319968473223003,0.0025930782110922257,1.5492778355764274,0.8735935800139701,0.3793968712261741,0.7987174184869875,4342055.072614767,-1470.2473384064742,0.9013065233775063,-324.7628554863793,0.8406643122374677,-0.009205637131447675,0.9327174389918587,-516.8268676263724,0.8366525085473552,0.0006081358297666331,1.1184593215881058,-0.0002714196395993129,0.9997279487492828,8.668960908287076e-05,1.0829321799645686,0.0002714196395993129,1.1169076460316352,0.20001762210948804,1.1482424369383812,0.220254128604482,1.3371205092972382,0.09565515266933572,1.3371205092945726,-0.059676950557398634,0.9304783993110709,-2394318.92899426,0.6445685871327274
question_only,question_only,15,19508.592577715608,2203.265308329027,0.11293819887580132,3374.3633303696993,0.003352274112077707,0.998487186533454,0.0006669838674029539,0.0015128134665459703,1.3830603676419484,0.695136470395825,0.30189393326260994,0.8474452117815363,7277980.985527594,18115.87650333231,2055.0229050314597,0.11343767466362724,3125.994693419027,0.0037641235222925546,0.998301817346358,0.0007457170752221011,0.0016981826536419664,1.4613962010558044,0.7966097354673953,0.34596321234389893,0.8238917340649466,5967157.881625125,-1392.7160743832974,0.9286101204464038,-148.2424032975673,0.9327169529982767,0.0004994757878259148,1.004422558459346,-248.36863695067223,0.9263954077750538,0.0004118494102148475,1.1228567221302588,-0.00018536918709599615,0.9998143499580207,7.873320781914719e-05,1.1180436447551099,0.00018536918709599615,1.1225327445006787,0.07833583341385597,1.0566394896748854,0.10147326507157028,1.1459760340478804,0.04406927908128899,1.1459760340457332,-0.023553477716589666,0.9722064891156247,-1310823.1039024685,0.8198919306729345
question_only,question_only,16,24191.66887185409,2240.059494460142,0.09259631926701634,3452.1595702881523,0.002668562409784372,0.9987963146227956,0.0005743854304768349,0.0012036853772043887,1.420776401854776,0.7415166551963143,0.32203659159111553,0.8356996639486155,8024076.421101968,22127.448983331004,2198.9362734489205,0.09937595043628472,3363.628593933007,0.0030674008917025136,0.9986166935368035,0.0005814287584926869,0.0013833064631965097,1.4887274224529834,0.8307641489172972,0.3607962856378335,0.8161336133636625,6856632.491789684,-2064.2198885230864,0.9146722824515545,-41.12322101122163,0.9816419067828672,0.006779631169268385,1.0732170697697498,-88.53097635514541,0.9743549003015071,0.00039883848191814156,1.1494581799197683,-0.000179621085992121,0.999820162445173,7.043328015851982e-06,1.0122623705788332,0.000179621085992121,1.1492259424635305,0.06795102059820746,1.0478266816006037,0.08924749372098295,1.1203580433351623,0.038759694046717974,1.120358043333194,-0.019566050584952976,0.9765872221445184,-1167443.929312284,0.8545073765446571
question_only,question_only,17,27585.976947049883,2849.16100789175,0.103282947468585,4476.420250301332,0.002402095590197158,0.998915869928398,0.0004481099075500743,0.0010841300716020186,1.2647967869667722,0.5575415291016359,0.24213720952074175,0.8878394687886838,14138092.01264562,24536.992709981732,2180.7618286858233,0.08887649168998131,3308.070346732002,0.0030038463426645856,0.9986458414717443,0.0004816019526881695,0.0013541585282557111,1.6716417004729123,0.9940838080070747,0.43172511236684413,0.7678545588956119,6607985.200802293,-3048.984237068151,0.8894734000930782,-668.3991792059269,0.7654049113565146,-0.014406455778603694,0.8605146722420355,-1168.3499035693303,0.7389990576754533,0.0006017507524674276,1.2505107430664433,-0.00027002845665369257,0.9997296784786563,3.349204513809523e-05,1.0747406908418153,0.00027002845665369257,1.2490738542152953,0.40684491350614005,1.321668206068511,0.43654227890543884,1.7829771525845877,0.18958790284610239,1.7829771525804219,-0.11998490989307187,0.8648574273706968,-7530106.811843328,0.4673887533686916
question_only,question_only,18,31836.278343364782,3207.0818455006665,0.10073670706453905,5070.533315746227,0.002257380800145602,0.9989798546475281,0.0005029881450299159,0.0010201453524718573,1.1984775957223752,0.45982651404508523,0.19970011768258863,0.9126999317365481,21875375.250438217,30014.89524123343,3344.1861375751882,0.11141755154224428,5111.838307146803,0.0026147469617742985,0.9988191195902466,0.0005280868138021625,0.0011808804097533931,1.2503811889854637,0.5484440064000503,0.23818620561245354,0.8932964886224057,17672365.967064455,-1821.3831021313526,0.9427890696743151,137.1042920745217,1.042750481178667,0.010680844477705231,1.1060273339067586,41.304991400576,1.008146084214121,0.00035736616162869656,1.1583100912559088,-0.0001607350572815358,0.9998391008011487,2.5098668772246548e-05,1.0498991238070923,0.0001607350572815358,1.1575609355416918,0.051903593263088466,1.043307937876603,0.08861749235496508,1.1927194053561765,0.03848608792986491,1.1927194053527976,-0.019403443114142327,0.9787406107523169,-4203009.283373762,0.8078657286900911
question_only,question_only,19,36229.600212472746,3786.633714058998,0.10451767868957537,5898.64822107067,0.0021953814192234187,0.9990071108358054,0.0004960339499608662,0.0009928891641945992,1.163316386559172,0.3998847974047605,0.17366776090988728,0.9266246542700575,32925670.217421487,36941.04132611899,4781.672825909162,0.1294406615042631,7126.234745031213,0.002242423791772125,0.9989856569043214,0.0004698423869038134,0.0010143430956786048,1.146661933850583,0.375902113909298,0.1632522138065757,0.9335009294142343,35836725.43752112,711.441113646244,1.0196370125387504,995.0391118501643,1.2627767000953343,0.024922982814687716,1.2384571024340505,1227.5865239605428,1.2081131944053651,4.704237254870647e-05,1.0214278808754422,-2.145393148400565e-05,0.9999785247449681,-2.619156305705276e-05,0.9471980415729263,2.145393148400565e-05,1.0216075784045855,-0.016654452708589007,0.9856836429865525,-0.02398268349546251,0.9400260183631652,-0.010415547103311579,0.9400260183601029,0.00687627514417688,1.0074207772386397,2911055.2200996354,1.0884129374095277
question_only,question_only,20,39174.521742029676,4281.0252694566025,0.1092808560024758,6909.977261274004,0.0020320557937888177,0.9990813514563447,0.0004121241234854382,0.0009186485436553093,1.1444789807811682,0.36455904776247355,0.15832598277114626,0.934322119752529,40795749.171031386,40884.926803950795,5388.130117102719,0.13178769141350286,8027.051319872738,0.002165572279336719,0.9990202793890821,0.0004634217013197696,0.000979720610917889,1.1358476796806702,0.3538328381544655,0.15366764912665073,0.9379718630270726,45959571.72885167,1710.4050619211193,1.0436611600055874,1107.1048476461165,1.2586074077966474,0.02250683541102705,1.2059540548374839,1117.0740585987332,1.1616610324985028,0.00013351648554790112,1.0657051272363203,-6.107206726257974e-05,0.9999388717763839,5.129757783433139e-05,1.1244711818275126,6.107206726257974e-05,1.066480338555911,-0.008631301100497923,0.9924583140045096,-0.010726209608008075,0.9705775794763233,-0.004658333644495527,0.9705775794728554,0.003649743274543593,1.00390630083178,5163822.557820283,1.1265774661024501
question_only,question_only,21,42387.392106331274,4715.813070037814,0.11125508873506346,7471.688779307786,0.0020319001610454857,0.9990805831148274,0.00044394253143986777,0.0009194168851726081,1.1316849940749458,0.34033352699324343,0.147804972779837,0.9396623784634922,50994521.79024859,44444.596080251875,6434.525404822696,0.1447763276598155,9264.73603384667,0.002214187202567408,0.9989979103054936,0.00043373275495388086,0.0010020896945064361,1.1239720198073977,0.3307618640943374,0.14364805240020403,0.942972401201768,59736483.71007989,2057.203973920601,1.048533393343945,1718.712334784882,1.3644572652179148,0.033521238924752034,1.301300725248409,1793.0472545388839,1.2399788464830839,0.00018228704152192235,1.0897125970689507,-8.267280933382803e-05,0.9999172511089386,-1.0209776485986901e-05,0.9770020290016482,8.267280933382803e-05,1.089918740429037,-0.007712974267548134,0.9931845219218037,-0.009571662898906041,0.9718756392165033,-0.004156920379632972,0.9718756392127835,0.003310022738275742,1.0035225659908664,8741961.919831306,1.171429432278802
question_only,question_only,22,47612.88719855868,6760.0070020210915,0.14197851463680464,10132.278390458821,0.0020808658845950746,0.9990554443154764,0.0005160793967777535,0.0009445556845235625,1.0899759855118605,0.2542475153012336,0.11041829293293831,0.9576613359732253,87948355.23273528,51334.96510036428,9164.7744412418,0.17852889201977398,12366.982978721077,0.002295567838285385,0.9989573194314664,0.0005154858394794286,0.0010426805685336271,1.0819529091873104,0.2400617217424759,0.10425748106895116,0.9612603665184918,116013414.54948537,3722.0779018055982,1.0781737491844072,2404.767439220708,1.3557344598166445,0.036550377382969346,1.257435975261549,2234.704588262255,1.220553018989943,0.00021470195369031062,1.1031791400765414,-9.812488401006458e-05,0.9999017823429438,-5.935572983249053e-07,0.9988498701926859,9.812488401006458e-05,1.1038846989266435,-0.008023076324550127,0.9926392173477334,-0.014185793558757681,0.9442047897974756,-0.006160811863987148,0.9442047897926381,0.003599030545266446,1.0037581453997046,28065059.316750094,1.319108404500372
question_only,question_only,23,53519.7500828808,8407.877547633161,0.15709859509083476,12011.618439760245,0.00250160288287391,0.9988637583797356,0.0005521494254594845,0.0011362416202643777,1.103245400000141,0.28073590110893537,0.12192205272374762,0.9518052789466733,115895679.47359823,57315.379872316975,10637.027443694664,0.18558766368453036,14053.055271805386,0.0026858130078620296,0.9987795639929373,0.000539799290344263,0.0012204360070626752,1.0944597323614234,0.26782340286366574,0.11631422598824159,0.9557093161537714,149970703.32649085,3795.629789436178,1.0709201702840214,2229.1498960615027,1.2651263512619795,0.0284890685936956,1.1813451519158513,2041.4368320451413,1.1699551848306868,0.00018421012498811944,1.073636837075778,-8.41943867982975e-05,0.9999157098382118,-1.2350135115221476e-05,0.9776326198608708,8.41943867982975e-05,1.0740990157574128,-0.008785667638717687,0.9920365245667839,-0.012912498245269632,0.9540048202056882,-0.005607826735506027,0.9540048202012615,0.0039040372070980878,1.0041017183792198,34075023.85289262,1.2940146173495202
question_only,question_only,24,60205.10303047505,11269.3640948034,0.1871828720083577,15725.00371864964,0.002805640893432409,0.9987183370968017,0.0006929449016879245,0.0012816629031983107,1.0762424859823083,0.22371177084236366,0.09715678761364331,0.9638044497831593,184074063.9876598,59123.05081388258,11235.455490664774,0.19003511043490665,15214.757681140745,0.003439462805013855,0.9984347174037784,0.0007028825818749454,0.0015652825962215733,1.1123266920673265,0.3061632655698027,0.13296501679844516,0.9479378868551284,167668266.76792014,-1082.0522165924704,0.9820272342023109,-33.9086041386272,0.9969910809648731,0.002852238426548942,1.0152377105604318,-510.246037508894,0.9675519289764141,0.0006338219115814459,1.2259098489187334,-0.0002836196930232626,0.999716016334648,9.937680187020867e-06,1.0143412256132813,0.0002836196930232626,1.2212903963235706,0.03608420608501817,1.033527951696731,0.08245149472743907,1.3685612715665691,0.03580822918480185,1.3685612715586006,-0.015866562928030903,0.9835375703727202,-16405797.219739676,0.9108739337615781
question_only,question_only,25,66618.67079261961,12549.070679775741,0.18837167614527064,17638.101489269357,0.002984157448364597,0.9986341601721067,0.0007692777306625169,0.0013658398278932893,1.0744332020136542,0.21891410083989302,0.09507318600557756,0.9646174913191494,230009053.41266215,63130.25387824192,11134.551433201308,0.17637425400943735,15418.043011661865,0.003813820344227703,0.9982668300404246,0.000763344178290203,0.001733169959575398,1.1461999263774234,0.3713231247789248,0.16126358409455968,0.9336442651462746,168629283.88826507,-3488.416914377689,0.9476360474792879,-1414.519246574433,0.8872809562819585,-0.011997422135833297,0.9363098402993596,-2220.058477607492,0.8741327983083594,0.000829662895863106,1.2780224934310227,-0.0003673301316821087,0.9996321674669947,-5.933552372313863e-06,0.9922868515126642,0.0003673301316821087,1.2689408544922491,0.07176672436376919,1.066794961499887,0.1524090239390318,1.6962046910299433,0.06619039808898212,1.6962046910198507,-0.03097322617287479,0.967890665001849,-61379769.524397075,0.7331419410944887
question_only,question_only,26,67720.09598733514,11906.621492660404,0.17582109592530928,16915.261850151113,0.0036287480908255695,0.9983430802557303,0.0009059926831772376,0.0016569197442697359,1.1077753749393253,0.2907772244584847,0.12628294404546317,0.9498476038164279,210280711.71935436,64766.22570890863,10322.428676669422,0.15937980890014355,14702.72112661689,0.004358646480829748,0.9980218185283578,0.000852691141163233,0.001978181471642193,1.2048538650694631,0.4715058884740472,0.20477240554916873,0.9102327746580164,155077076.2563009,-2953.8702784265115,0.9563811858893564,-1584.1928159909821,0.8669485868037774,-0.01644128702516573,0.9064885420060362,-2212.5407235342227,0.8691985531684538,0.0007298983900041788,1.201143306323305,-0.0003212617273724572,0.9996782050832768,-5.33015420140046e-05,0.9411677997572249,0.0003212617273724572,1.1938909396726138,0.0970784901301378,1.0876337318243485,0.18072866401556248,1.6215365194110802,0.07848946150370556,1.6215365194038158,-0.03961482915841141,0.9582934893974573,-55203635.463053465,0.7374764665209543
question_only,question_only,27,70117.11148720136,13835.780826518112,0.19732388475591425,19540.77786778358,0.0050826653930362295,0.9976718967108191,0.0012880526201441247,0.0023281032891808717,1.124017329100129,0.3231294038864501,0.14033331704857244,0.942874517758599,274720408.0035286,64237.222243013006,10701.022681696668,0.16658601209769158,15732.951979276158,0.006112011806352379,0.9972243055459525,0.0011583389990540832,0.0027756944540474615,1.2724172329973866,0.5706135383194743,0.2478143109914374,0.8851151022150563,176160263.4825857,-5879.889244188351,0.9161418786445357,-3134.758144821444,0.7734310636944128,-0.03073787265822267,0.8442262947686792,-3807.825888507423,0.8051343751885489,0.001029346413316149,1.2025209870246303,-0.0004475911648665898,0.9995513643640341,-0.00012971362109004143,0.8992947803834116,0.0004475911648665898,1.1922557155236082,0.14839990389725766,1.1320263487529434,0.24748413443302414,1.7658979079422494,0.10748099394286495,1.7658979079351307,-0.05775941554354269,0.9387411426901354,-98560144.5209429,0.6412347184644653
question_only,question_only,28,71612.12243930287,12742.157150491415,0.17793296325341337,18185.09532850616,0.006735974985927654,0.9969288507581945,0.0015707557569499334,0.0030711492418055153,1.232655094202205,0.5040388956763855,0.218901311056863,0.8994629482428259,236144101.9074757,62878.76749702891,10287.639101549894,0.16361069898572672,15342.289104051102,0.008272236427632583,0.9962522036967767,0.001296641700457564,0.0037477963032233053,1.4898549826072238,0.8163546817726453,0.35453833356974496,0.8150537197117421,154264610.13677222,-8733.35494227396,0.8780464166569537,-2454.5180489415216,0.8073702890372167,-0.014322264267686652,0.9195075268419585,-2842.8062244550565,0.8436738343626499,0.0015362614417049284,1.2280681629142498,-0.00067664706141779,0.999321268451703,-0.0002741140564923694,0.8254890640349277,0.00067664706141779,1.220323731255622,0.25719988840501884,1.2086551944769872,0.31231578609625976,1.6196263597386347,0.13563702251288196,1.6196263597344491,-0.08440922853108379,0.9061559692960225,-81879491.7707035,0.6532647179865414
question_only,question_only,29,75272.44356326306,13188.404570188743,0.1752089336531833,18934.38625767071,0.00836396891684213,0.9961908667678138,0.001889656805501221,0.003809133232186235,1.3253874615754224,0.6318941915402196,0.27442816053263386,0.8664442679904925,245366197.03503555,64396.3114135528,10843.053847997537,0.1683800455334079,16289.94182863783,0.010512484643934453,0.9952376030889543,0.0015708151902332427,0.004762396911045741,1.6670587736146232,0.9681451262393319,0.420460086007269,0.7674551552650588,166281532.4275036,-10876.132149710262,0.8555097770863601,-2345.350722191206,0.8221656979273542,-0.006828888119775389,0.9610243154937873,-2644.444429032881,0.8603364063114767,0.002148515727092324,1.2568775359158832,-0.0009532636788595061,0.9990430913275169,-0.0003188416152679783,0.8312700935053244,0.0009532636788595061,1.250257373397813,0.34167131203920076,1.2577897572924186,0.33625093469911227,1.5321317068574098,0.14603192547463512,1.5321317068542517,-0.09898911272543365,0.8857524755101668,-79084664.60753196,0.6776872056412907
question_only,question_only,30,74835.68615013314,13971.30558106933,0.1866930912217536,20037.285083959232,0.01022903790217363,0.9953331163300201,0.0025590813075644352,0.0046668836699799154,1.3416527535205376,0.6534271122386069,0.2837797891712038,0.8610578740178493,268578506.5771363,63819.881040729466,11239.623462918542,0.17611476674087628,16847.255446396946,0.012561811894970357,0.9943035994714069,0.002049581327386621,0.005696400528593104,1.7555127531145587,1.0331060872257576,0.44867227290280604,0.7462238893439558,175898927.22217938,-11015.805109403678,0.852800105456318,-2731.6821181507876,0.8044791088205722,-0.01057832448087731,0.943338425580753,-3190.0296375622856,0.8407953161221402,0.0023327739927967266,1.2280540959842339,-0.0010295168586131886,0.9989656559771585,-0.0005094999801778144,0.8009051218995351,0.0010295168586131886,1.2206004970758182,0.4138599995940211,1.3084702792930072,0.37967897498715064,1.581057883693882,0.16489248373160226,1.58105788369073,-0.1148339846738935,0.8666361598449541,-92679579.3549569,0.6549255540359513
question_only,question_only,31,78708.26838644734,15341.636160933209,0.194917719261816,21889.540799303788,0.010208133230745115,0.9953390183992223,0.0025596672965011954,0.004660981600777658,1.3067034396270034,0.6113903573606145,0.2655234584905721,0.8730068914196925,317686039.80434984,62246.008030810124,11586.109227417837,0.18613417300082954,17392.77034585854,0.014346532019868376,0.9934853872388055,0.0024833139628809018,0.0065146127611944715,1.7588347106567104,1.0389222379287908,0.45119819505905107,0.7457326028208395,186554518.443988,-16462.260355637212,0.7908445873207417,-3755.5269335153716,0.7552068831433603,-0.008783546260986458,0.9549371586369568,-4496.77045344525,0.7945699046556394,0.004138398789123261,1.40540211360621,-0.0018536311604168132,0.9981376886395993,-7.635333362029364e-05,0.9701706019782995,0.0018536311604168132,1.397691155594747,0.45213127102970696,1.3460090922829597,0.42753188056817626,1.6992780887355525,0.185674736568479,1.699278088731932,-0.12727428859885292,0.8542115877313037,-131131521.36036184,0.5872291982325678
question_only,question_only,32,79799.13988800583,15803.85476915958,0.19804542744871076,22456.690783104885,0.012821636194249083,0.9941482790983622,0.0037038012015683623,0.005851720901637769,1.3850717882854127,0.7040388214249612,0.30576017519052956,0.8469855481619039,326240746.37277937,62725.851259644354,12046.537119652432,0.1920505960100498,18234.198082596668,0.018523914068474454,0.9915834930082534,0.004067809318950488,0.008416506991746564,1.976126525991661,1.1755678629419997,0.5105426359785087,0.6995560661377841,195622862.08096823,-17073.28862836147,0.7860467086196293,-3757.3176495071475,0.7622530892374838,-0.005994831438660947,0.9697300184262865,-4222.492700508217,0.8119717307732189,0.005702277874225371,1.444738704670024,-0.002564786090108795,0.9974201171545232,0.0003640081173821256,1.098279604242719,0.002564786090108795,1.4382960383419297,0.5910547377062483,1.426732204571498,0.47152904151703845,1.669748637668876,0.20478246078797913,1.6697486376657866,-0.14742948202411976,0.8259362484461611,-130617884.29181114,0.5996273128232718
question_only,question_only,33,81389.14220413001,17028.755701820275,0.2092263813164524,24081.39269038166,0.015224530271545881,0.9930439673975211,0.00477668481052837,0.006956032602478901,1.407973397526807,0.7262321666554616,0.3153986225591097,0.8397182885749028,372738807.5712394,63347.00714829778,12609.952010384368,0.19906152757720638,19075.27603691048,0.021814176433148518,0.9900863742940175,0.005159337272519429,0.009913625705982532,2.163522565417354,1.266498729642964,0.5500334096214176,0.6643738500015475,208166360.9515486,-18042.13505583223,0.7783225800490535,-4418.803691435907,0.7405093026871269,-0.010164853739246027,0.9514169595810997,-5006.116653471181,0.7921168132659258,0.006589646161602637,1.4328308356735069,-0.0029575931035036307,0.9970216896717558,0.00038265246199105894,1.080108375597138,0.0029575931035036307,1.425183904547034,0.7555491678905473,1.5366217637465167,0.5402665629875023,1.7439309187774812,0.23463478706230784,1.7439309187743532,-0.17534443857335535,0.7911865908366412,-164572446.6196908,0.5584778314551081
question_only,question_only,34,84756.34149453464,17902.826683597857,0.21122698747859814,25364.01747958659,0.01706948619102716,0.9922029104806699,0.005200076779700029,0.007797089519330114,1.4778968017342007,0.7967315629284033,0.34601612133795895,0.8185748431993496,403674310.1336115,65937.32160672481,13330.229415881058,0.20216516368965667,20116.707523022018,0.02470331487875715,0.9887773952749048,0.005686444297087547,0.011222604725095175,2.49691490554998,1.3985755233856842,0.6073936323313549,0.6103011098559653,225166853.49757943,-18819.01988780983,0.7779632820864107,-4572.597267716799,0.7445879721381594,-0.009061823788941464,0.957099119302562,-5247.309956564572,0.7931199203443343,0.00763382868772999,1.4472207658069762,-0.0034255152057650617,0.9965475658551515,0.00048636751738751795,1.0935308336585836,0.0034255152057650617,1.4393325478479349,1.0190181038157795,1.6895055883593149,0.601843960457281,1.7553911360602255,0.26137751099339596,1.7553911360573555,-0.20827373334338428,0.7455654359837095,-178507456.63603207,0.5577933691719243
question_only,question_only,35,94244.55049210126,18694.576678895748,0.19836241545300343,26516.27979240182,0.01770028499330002,0.9919316851808834,0.00563758856098896,0.008068314819116629,1.5997889773437501,0.902003722203163,0.39173523920902736,0.7846895529291866,431416481.57898223,73697.06022634332,14115.676536837447,0.19153649404039239,21176.155153334745,0.024842259988877707,0.9887278402018808,0.005767264427475331,0.011272159798119241,3.044389806292352,1.5550028496437425,0.6753291569441092,0.5375602951708697,243663213.30764136,-20547.490265757937,0.7819768871678151,-4578.900142058301,0.7550679953492925,-0.006825921412611041,0.9655886353370513,-5340.124639067075,0.7986095832116964,0.007141974995577689,1.403494915300946,-0.0032038449790026124,0.9967700951306792,0.00012967586648637147,1.0230020094692085,0.0032038449790026124,1.3970897330399783,1.4446008289486016,1.9029946132928592,0.6529991274405794,1.7239428301292277,0.28359391773508186,1.7239428301267379,-0.24712925775831696,0.6850611087703574,-187753268.27134088,0.5647981097426672
question_only,question_only,36,96165.8208215699,19540.034711151624,0.20319105628398915,27767.916086668403,0.01977382139330159,0.9909834261939034,0.006340968311612324,0.00901657380609655,1.6753133456401255,0.9574522960806107,0.4158162488734076,0.7651663069103735,471720785.9616509,74639.17105756054,14717.903490754083,0.19718739211886302,22105.32274292857,0.028343458804987117,0.987128612345699,0.006829169186952654,0.012871387654300959,3.2720871716916493,1.6120863814956028,0.7001202198349207,0.5127879543029243,263862456.13962615,-21526.64976400936,0.7761507198701001,-4822.131220397541,0.7532178784899742,-0.006003664165126127,0.9704531081441616,-5662.593343739834,0.7960742417232206,0.008569637411685527,1.4333829683095611,-0.003854813848204408,0.9961101126948149,0.00048820087534033,1.0769915335122062,0.003854813848204408,1.4275253471746054,1.5967738260515238,1.9531195046019612,0.6546340854149921,1.6837250149099783,0.28430397096151305,1.6837250149076877,-0.2523783526074491,0.6701653610086609,-207858329.82202476,0.5593615206116381
question_only,question_only,37,105658.78993845727,22211.92183209821,0.21022313283197658,31544.671996518104,0.01963577552979407,0.991041000846385,0.006404152575689761,0.008958999153614977,1.6264385827000816,0.9133276831441587,0.3966531729589897,0.7769439925467286,614512124.0729752,78295.09376378471,16161.446331446432,0.20641710169228877,24272.605903994416,0.030911738792972827,0.9859534192544851,0.007477643858295924,0.014046580745514903,3.2381317190300822,1.609587483577426,0.699034962258217,0.517624590330385,317131194.91536176,-27363.696174672557,0.7410182703151248,-6050.475500651779,0.7276023413737976,-0.0038060311396878044,0.981895279128431,-7272.066092523688,0.7694676903495342,0.011275963263178757,1.5742560686994551,-0.005087581591899926,0.9948664267285109,0.0010734912826061626,1.16762425141361,0.005087581591899926,1.5678738777734118,1.6116931363300007,1.9909339052031139,0.6962598004332673,1.762332964697412,0.3023817892992273,1.7623329646948986,-0.25931940221634364,0.6662315370159538,-297380929.1576134,0.5160698747706098
question_only,question_only,38,112706.57016236382,23605.611679625275,0.20944308433500636,33635.095968958165,0.02041531402689234,0.9906875087983822,0.007233129242945608,0.009312491201617812,1.6618766954297133,0.9343416951154324,0.40577944240076275,0.7675842913080402,698585870.1576561,83027.27933491439,17206.69040364673,0.2072414095882704,25890.82607423285,0.03289504320384558,0.9850447869375623,0.009151648195931122,0.014955213062437744,3.3323371160579267,1.625887979922161,0.7061141778730196,0.5070222278239535,361758005.5519418,-29679.290827449426,0.736667607002025,-6398.921275978544,0.7289237253063157,-0.0022016747467359654,0.989487956813108,-7744.269894725316,0.769756271786098,0.012479729176953239,1.6112925404381662,-0.0056427218608199325,0.9943042363896781,0.0019185189529855144,1.2652405186304923,0.0056427218608199325,1.6059304365553355,1.6704604206282134,2.0051650794671474,0.6915462848067286,1.7401428068770408,0.3003347354722568,1.740142806874615,-0.2605620634840867,0.6605427359114873,-336827864.60571426,0.5178432902891389
question_only,question_only,39,119656.65148848927,25204.979058557066,0.21064419524544137,35908.74451555997,0.021763916508675984,0.9900734126059294,0.007995268446769642,0.009926587394070596,1.7115737602309609,0.9671538877525987,0.4200295966022306,0.7551934218570552,791167122.903587,87665.39128230547,18109.72954751703,0.2065778670764038,27280.320824820807,0.03484646023581453,0.9841567316472336,0.010391644139769535,0.015843268352766393,3.6433432137242057,1.6775834010287556,0.7285652139992784,0.4734405744415935,400689082.4763223,-31991.260206183797,0.7326411878635823,-7095.249511040038,0.7184980993415582,-0.00406632816903757,0.9806957501711348,-8628.423690739164,0.7597124653856863,0.013082543727138546,1.601111648279031,-0.005916680958695797,0.994023997731525,0.0023963756929998928,1.2997242316070556,0.005916680958695797,1.5960438086339659,1.9317694534932448,2.128651010185177,0.7104295132761569,1.734556850022354,0.3085356173970478,1.734556850020018,-0.2817528474154617,0.6269130010120514,-390478040.4272647,0.5064531511443392
question_only,question_only,40,129761.05711466903,27370.827090127066,0.21093252242804741,38905.55939594215,0.02339710777895036,0.9893260698389158,0.008596615954273034,0.0106739301610842,1.7811443358449728,1.0066538046111237,0.43718419252952523,0.7381089690551539,919747229.3826985,94912.42030986756,20032.667143268307,0.211064759257705,30099.467770232717,0.03644419974041896,0.9834245381725785,0.010776396640364887,0.016575461827421534,3.6871589566962277,1.6790100393278196,0.7291847951402338,0.46689042305364453,486441466.9451693,-34848.63680480147,0.7314399436958505,-7338.159946858759,0.7318984946017321,0.00013223682965757266,1.0006269153145981,-8806.091625709436,0.7736546714033905,0.0130470919614686,1.557636955950984,-0.005901531666337334,0.9940347961635214,0.0021797806860918527,1.2535626456309017,0.005901531666337334,1.5528921002594414,1.906014620851255,2.070106774892543,0.6723562347166958,1.6679120782489496,0.2920006026107086,1.6679120782467918,-0.27121854600150935,0.6325494508631617,-433305762.4375292,0.5288860367338659
question_only,question_only,41,145062.93589069406,26901.805484205175,0.18544920050753608,38621.83019063337,0.021332983664665503,0.9903055879402926,0.006858628792705156,0.009694412059707447,2.168853986258627,1.196244931554707,0.5195225727789424,0.6562615191001879,875429461.2962201,109224.24082894636,20937.983568412532,0.19169722224211233,31403.83720405525,0.0322639557005435,0.9853557958058102,0.008227068861426459,0.01464420419418977,4.547233066972096,1.7945996548549328,0.7793847273289775,0.37985255059671436,523990648.8669093,-35838.6950617477,0.7529438182007263,-5963.821915792643,0.7783114624297549,0.006248021734576253,1.033691284278622,-7217.992986578123,0.8131110578926256,0.010930972035877999,1.5123977126777122,-0.004949792134482323,0.9950017527965562,0.0013684400687213024,1.1995209405380352,0.004949792134482323,1.5105819829491662,2.3783790807134686,2.09660636252152,0.5983547233002258,1.5001941554904397,0.25986215455003503,1.500194155488806,-0.2764089685034736,0.5788127743905482,-351438812.42931074,0.5985526784660107
question_only,question_only,42,157894.86866262575,30067.975125233457,0.1904303501431687,43175.10475417284,0.021661777311006443,0.9901463484554964,0.007652751597294148,0.009853651544503572,2.028400311978854,1.1322154891706935,0.4917149392722231,0.6835069936220769,1116127073.013217,114154.75486094129,23400.277698425278,0.20498732380381834,35222.13099862202,0.03538282408318767,0.9839123784693393,0.010791458882709425,0.01608762153066068,3.8166253269518764,1.6870273214211686,0.732666656513237,0.44899356047056554,669797494.1362758,-43740.11380168446,0.7229795105302375,-6667.697426808179,0.7782458779137224,0.014556973660649647,1.0764425085005043,-7952.973755550818,0.8157972331316192,0.01372104677218123,1.6334220213581498,-0.006233969986157106,0.9937039913373664,0.0031387072854152766,1.4101410119093525,0.006233969986157106,1.6326558186443885,1.7882250149730226,1.8815937388742539,0.5548118322504751,1.4900231780571775,0.24095171724101394,1.4900231780554634,-0.23451343315151135,0.6568968052405403,-446329578.8769412,0.600108634877943
question_only,question_only,43,163049.77816930795,30869.980399938748,0.18932856423689162,44613.16718199297,0.02381362903741051,0.9891664463575223,0.008330105418839284,0.010833553642477733,2.196871200027205,1.2028622422325745,0.5223964342913797,0.650463807210303,1182401225.416496,118072.06022939361,25279.417648744507,0.21410160540631684,38084.77540761924,0.03917189768434707,0.9821693023118853,0.012839220480642304,0.01783069768811474,3.7526583861300424,1.6667957399618178,0.7238801923252649,0.4522621610393711,788028019.6717051,-44977.717939914335,0.7241473220944202,-5590.56275119424,0.8188996987116541,0.02477304116942522,1.1308468231835205,-6528.391774373726,0.8536667045461692,0.015358268646936558,1.644936083499253,-0.006997144045637005,0.9929262217977611,0.00450911506180302,1.5413034809936434,0.006997144045637005,1.6458770847412185,1.5557871861028376,1.7081831588860845,0.4639334977292433,1.3856912965085453,0.20148375803388519,1.385691296507045,-0.19820164617093183,0.6952918148948661,-394373205.7447909,0.6664641432472513
question_only,question_only,44,175217.9082078937,34073.7054589794,0.19446474283068946,49071.259856995144,0.024326066445087176,0.9889224140335523,0.009134127022933017,0.0110775859664477,2.0605343034159445,1.1454743105801293,0.49747317224688176,0.6772352539768856,1450545252.2142837,124594.89178000469,28293.533343412033,0.22708421620823344,42720.7318556078,0.04310321784238005,0.9803375937788708,0.015974217566205724,0.019662406221129247,3.2962167477891144,1.5767259952567891,0.6847633992134363,0.5008837569095541,1007320626.8678371,-50623.016427889,0.7110853739457643,-5780.172115567366,0.8303626788543444,0.03261947337754398,1.1677397810089223,-6350.528001387342,0.8705855928726055,0.01877715139729287,1.7718942739019428,-0.008584820254681547,0.991319015391048,0.006840090543272706,1.748849947493665,0.008584820254681547,1.7749721174729467,1.23568244437317,1.5996903047539959,0.43125168467665986,1.3764830696699557,0.18729022696655456,1.3764830696683907,-0.17635149706733144,0.7396008314208492,-443224625.34644663,0.6944427451195637
question_only,question_only,45,186983.79032830632,35649.11989948993,0.1906535311798802,51207.232749918556,0.025076489455374367,0.9885821886335165,0.009353581217331399,0.011417811366483455,2.1024248562324956,1.1779621421447697,0.5115824582244074,0.6709059894785617,1561371155.841895,136884.1537392937,30353.923913374223,0.22174899785102653,45732.47663731795,0.04278229101042377,0.9804853102617097,0.01604154468154882,0.019514689738290292,3.3085389883076646,1.5857013221028062,0.6886613341359397,0.5016561201276886,1154136624.5999908,-50099.63658901263,0.7320642794701742,-5295.195986115708,0.8514634863063907,0.03109546667114632,1.1630993482131986,-5474.756112600604,0.8930862728056846,0.017705801555049406,1.7060717802965297,-0.008096878371806837,0.9918096052448703,0.00668796346421742,1.7150163458366265,0.008096878371806837,1.7091445208024514,1.206114132075169,1.5736776410810365,0.40773917995803655,1.3461394601479304,0.17707887591153226,1.346139460146442,-0.16924986935087316,0.7477293808583161,-407234531.24190426,0.7391814689811389
question_only,question_only,46,194843.18871330205,35891.700328547464,0.1842081345802627,51042.300011187304,0.02451612715719431,0.9888543326041465,0.008397064394858447,0.011145667395853542,2.2307659107309674,1.2477996213025906,0.5419124900526824,0.6494915100579987,1505549508.1322126,157258.89950495106,32878.4716524762,0.20907224809519329,49075.039438346,0.03727064116305907,0.9830110691084677,0.013975019951021649,0.016988930891532306,2.9071564927876588,1.5064002270845183,0.6542213061606117,0.5529856482035829,1346074229.318408,-37584.289208350994,0.8071049367619741,-3013.228676071267,0.9160466445309471,0.02486411351493059,1.1349783687373582,-1967.2605728413037,0.9614582302833116,0.012754514005864765,1.5202499531253115,-0.005843263495678763,0.994090875365551,0.005577955556163201,1.66427447643659,0.005843263495678763,1.5242632214494696,0.6763905820566913,1.3032100225315668,0.2586006057819277,1.2072452991376648,0.11230881610792931,1.2072452991364047,-0.09650586185441579,0.8514132050060987,-159475278.81380463,0.8940750350935653
question_only,question_only,47,214280.96651747514,36741.34234458868,0.17146339659426696,52332.61439392956,0.0216954869957213,0.9901561920057377,0.0066844830920573545,0.009843807994262321,2.4760253320078713,1.3446789165261104,0.5839866333789331,0.6100244541569623,1548813996.6153967,175521.26449074576,33187.97603097015,0.1890823663290095,49494.06190656618,0.03186331197202047,0.9855198361822447,0.010254206777776836,0.014480163817755298,3.442541946768138,1.6370445724428448,0.7109594244415957,0.4936776876401956,1329935490.6981668,-38759.702026729385,0.8191173828611211,-3553.366313618528,0.9032869762815873,0.01761896973474253,1.1027564488024897,-2838.5524873633767,0.9457593984126915,0.010167824976299169,1.468660831482408,-0.004636355823492977,0.9953175510470762,0.0035697236857194815,1.5340313731105208,0.004636355823492977,1.4709921023169474,0.9665166147602666,1.390350051053437,0.29236565591673447,1.2174241391921459,0.12697279106266257,1.2174241391909666,-0.11634676651676668,0.8092752417960619,-218878505.9172299,0.8586799277411347
question_only,question_only,48,118.81377031704626,86.16064784918125,0.7251739223430654,127.54342163889237,0.3943660620396643,0.8022769617613635,0.13680340684464162,0.19772303823863646,4.182866884541704,1.6391094545225582,0.7118561913345961,0.35205034409272706,9329.708968012625,118.54827034361018,117.1526101702298,0.9882270726571036,176.9882876970348,0.5101861345604852,0.7299440433961781,0.14238564059350503,0.27005595660382187,4.154593071298971,1.6387533611346348,0.7117015419411786,0.3559748212593957,18475.979763039897,-0.26549997343607856,0.9977654107539168,30.99196232104856,1.3596997364190746,0.2630531503140382,1.3627449115416899,49.44486605814242,1.3876708451348587,0.11582007252082094,1.2936867131023013,-0.0723329183651854,0.9098404643113626,0.005582233748863408,1.040804786054502,0.0723329183651854,1.3658294906257678,-0.02827381324273226,0.9932405658549128,-0.0003560933879234174,0.9997827519157182,-0.00015464939341747197,0.9997827519149236,0.003924477166668661,1.0111474885098362,9146.270795027272,1.9803382749007195
