model_tag,condition,condition_family,layer,n_points,d_model,centroid_norm,abs_disp_l2_mean,rel_disp_l2_mean,pairwise_l2_mean,pairwise_cosine_distance_mean,cos_to_centroid_mean,cos_to_centroid_std,angular_disp_to_centroid,effective_rank_pr,spectral_entropy,spectral_entropy_norm,top1_pc_variance_share,cov_trace
base,target,target,0,100,3840,33.10863497389326,47.64500221765639,1.4390506360417417,59.545789678247665,0.7007105578539526,0.5534406448713828,0.35116718606662145,0.4465593551286172,3.666559421080564,1.4604499442481123,0.3171326759414334,0.4408295020844532,2507.835901396975
base,target,target,1,100,3840,774.0249013993924,508.39366207267545,0.6568182252967939,622.36095012038,0.32051174005621547,0.820997501679662,0.18076246486071357,0.179002498320338,1.7903726917000575,0.9261859287003937,0.2011187190255098,0.7323909854383167,274473.0378465361
base,target,target,2,100,3840,762.3385864382316,479.61198164289823,0.6291325011944127,591.6766251531644,0.30759037764706976,0.8304952276982953,0.1622929543060285,0.1695047723017047,2.002681949663289,1.0328657726067143,0.22428395279491742,0.6846743814781304,246327.6706232976
base,target,target,3,100,3840,773.2772899296717,492.6939075831874,0.6371503650753748,618.3023638836257,0.31680369470191677,0.8261720935352789,0.1487851293741974,0.17382790646472113,2.154618649418548,1.1242694375569517,0.24413200645172833,0.6567579518743348,260782.59907565676
base,target,target,4,100,3840,605.2961387385261,497.8932268700045,0.8225613794722751,627.1920802894991,0.4336189418813335,0.7543208549938882,0.17702836391698473,0.24567914500611177,2.368234879598704,1.2053477591587205,0.261737940288541,0.6187016023342745,266238.2401208251
base,target,target,5,100,3840,951.722015646848,461.89320250475635,0.48532365009001627,603.0038104362962,0.20079133275798355,0.8949857430139673,0.06737462758717488,0.10501425698603273,3.5813620694972674,1.4901947308287333,0.32359167428011026,0.4401631239488082,235763.13432099143
base,target,target,6,100,3840,1089.5776179294041,505.8227882282245,0.46423749892134564,660.1833951242111,0.1735871618374233,0.9095087484366221,0.04829255524970988,0.0904912515633779,3.647910380038697,1.518285445528502,0.3296914954735243,0.4307827443357187,281798.07986480766
base,target,target,7,100,3840,1192.5021184011314,685.5611047624452,0.5748929869253592,893.9743356795192,0.20769567746683862,0.888570376761463,0.05868853488074223,0.111429623238537,3.0268665961561507,1.4000394453523015,0.3040147027816969,0.508451241311317,532476.9275167831
base,target,target,8,100,3840,2083.4088884229714,865.33812701412,0.4153472377998416,1098.4632850784012,0.07894841035038543,0.9587328908534704,0.014601604422631222,0.041267109146529646,2.036689207907814,1.1182686637213721,0.2428289549697575,0.6816884803954827,829998.7279383909
base,target,target,9,100,3840,3217.4173149007634,1050.2046594066812,0.3264123228724133,1312.255131223453,0.03613457302180225,0.9813833466905456,0.004771121387266421,0.01861665330945439,1.6717279946807444,0.9324767577007187,0.20248475518622883,0.7649503687940029,1186418.7572185805
base,target,target,10,100,3840,3493.2780163379257,1470.5976386170637,0.42097927268861374,1818.5733337089234,0.03898375213114749,0.9790452057274592,0.004316560534922747,0.020954794272540767,1.3330463984363348,0.6261501132747476,0.13596676951915945,0.8635945681684334,2390204.409096448
base,target,target,11,100,3840,6805.589068506002,1830.5627499538334,0.2689793244239602,2311.0307066415544,0.011976777923474862,0.9939218385945091,0.001704109317761724,0.0060781614054908895,1.2504309756564902,0.5355840896717605,0.11630060736981099,0.8928801449912298,3939725.329322414
base,target,target,12,100,3840,7269.673622408204,1860.97537434597,0.25599159893638934,2387.6097821013354,0.012705747188753903,0.9935841061484019,0.002170823290502095,0.006415893851598131,1.3058865100634884,0.6205067598702054,0.13474133089764817,0.873157784730397,4117984.067527417
base,target,target,13,100,3840,8255.321659429866,1890.8292237768171,0.2290436765255495,2518.911094310854,0.0114038316129871,0.9942707022349963,0.001988118740244974,0.005729297765003749,1.3457287920994194,0.6831495903059448,0.1483440486921695,0.8597908259842655,4436525.149481277
base,target,target,14,100,3840,14672.175728176606,2230.0706811266746,0.15199318236381412,3032.93077977612,0.004581390921744388,0.997719685991681,0.0008029243205355383,0.002280314008318962,1.2886504599859758,0.6164348152559489,0.13385711935935451,0.8793660056494342,6775306.228124828
base,target,target,15,100,3840,19162.66096866097,2701.807599235251,0.14099334135555838,3683.5391295256745,0.0031129387514112934,0.9984530560097983,0.0005884608161590386,0.0015469439902017212,1.2257851875663859,0.5262025779106048,0.11426343797492079,0.9022538287806442,10005317.48985409
base,target,target,16,100,3840,23654.143173625274,2302.5762242605037,0.09734346356827293,3255.678374023529,0.002458904332425146,0.9987808250642396,0.0004826959739704439,0.0012191749357604031,1.4641834731986594,0.8504022811388813,0.18466250904827697,0.8230122373924994,6971989.105456328
base,target,target,17,100,3840,26557.858324260174,3246.1984494488215,0.1222311833211141,4467.21952126905,0.0022515092887852657,0.9988823257963411,0.00033166347117128764,0.001117674203658936,1.2363233677705792,0.5595249646596019,0.12149930231938853,0.8984671244779799,13686232.84973968
base,target,target,18,100,3840,31807.7194366156,3066.052554818479,0.09639334756232096,4548.1869413323475,0.001990937164563873,0.9990124229379255,0.0003797779038128008,0.0009875770620745294,1.2749866876061675,0.6325415597764188,0.13735465449268727,0.8844848063010418,15517916.801951768
base,target,target,19,100,3840,36460.712989706204,3692.268796468507,0.10126704865894777,5574.071235063183,0.001898586307480049,0.9990578687819334,0.0003488196434312509,0.000942131218066633,1.205321758323323,0.5156088094679316,0.11196303038631392,0.9101767887552019,24946985.70142261
base,target,target,20,100,3840,40008.35830545599,4436.601431342254,0.11089186408174186,6704.319691175751,0.0017604306043645887,0.999126212974676,0.00031302475447206687,0.0008737870253240354,1.1540110930919547,0.42065962115423866,0.09134507611339912,0.9304948645262753,35895749.94478691
base,target,target,21,100,3840,43239.46405242238,4524.923774281216,0.10464800786603919,6833.878943837902,0.0017523236563107456,0.9991304050904977,0.000313346833711881,0.0008695949095023359,1.176126537686418,0.46456695191089786,0.10087943184475814,0.9215853310328858,37320541.26654914
base,target,target,22,100,3840,48888.00289434863,6231.086076056757,0.1274563432162016,8765.830090490193,0.0017927588436614315,0.9991086116809264,0.00038625653422828175,0.0008913883190736493,1.1269104568362172,0.3638488770373207,0.07900877977200159,0.9417364682177227,61492795.22362575
base,target,target,23,100,3840,54817.446520445475,7733.122617980158,0.14107046403731893,10546.840020999185,0.0021392727053855852,0.9989352133630098,0.0004314278964448332,0.001064786636990167,1.1336767024508723,0.3744142662231952,0.08130302488329437,0.9388596963992599,87130837.08443098
base,target,target,24,100,3840,63125.855036007066,10973.620548792538,0.1738371787999255,14252.203902314568,0.002420578904869108,0.9987890459840522,0.0005599812499548054,0.0012109540159478405,1.093350195940104,0.29057776964965715,0.06309816096130015,0.9562225732283339,154485259.2636447
base,target,target,25,100,3840,67594.73359000283,11189.361437206919,0.16553599434352695,14507.473321634501,0.0026961257239726073,0.9986508709669608,0.0006239536406392711,0.001349129033039187,1.1110139476660121,0.3291950363722305,0.07148379388319999,0.9485181446080954,163091495.06084886
base,target,target,26,100,3840,68675.07668879881,10971.016136866827,0.15975251380616579,14356.249670876277,0.0032513937946689656,0.9983745405864526,0.0007298476821948796,0.0016254594135474143,1.1491035455531586,0.40765612903520937,0.0885214036770157,0.9324806933573849,158146569.95831034
base,target,target,27,100,3840,70825.18523204744,12949.93034464935,0.1828435789079967,17000.49957226838,0.004574455020875451,0.9977057380492076,0.001097081978707894,0.002294261950792409,1.1602087414042146,0.4236382882316009,0.09199188545096178,0.9279167849335299,220660000.9455594
base,target,target,28,100,3840,72115.2714930567,12132.017130427677,0.1682309014339044,16000.755461591136,0.006102360661081345,0.9969494770943754,0.0013278894898782361,0.0030505229056245753,1.2994303704074623,0.646810517429609,0.14045311927833312,0.8755267489055036,192285094.34302822
base,target,target,29,100,3840,75782.2105273018,12666.344949750446,0.16714140246921388,16792.86148184443,0.007464493177689993,0.9962710704588456,0.001523516717028771,0.0037289295411544465,1.4121992163262669,0.7908483641535353,0.1717305402870469,0.8384805032850627,203053699.57823238
base,target,target,30,100,3840,74770.6605918227,13231.023249125667,0.17695474594446312,17561.116940531196,0.009101814666664251,0.9954470934854751,0.002112670034130673,0.00455290651452489,1.4426824262700129,0.8294735557280011,0.18011789406867013,0.829304964308408,218663457.54341042
base,target,target,31,100,3840,76016.04781502367,13807.219062083619,0.18163558168246133,18375.515077376283,0.00956045515665217,0.9952169780760678,0.002165731207043253,0.004783021923932207,1.4502193694910221,0.8388629197475269,0.18215676855980065,0.8271788459031965,235095446.05824584
base,target,target,32,100,3840,77010.3248068253,14321.104587541011,0.1859634357271501,19005.25817392549,0.012076516953325584,0.9939564627202241,0.0032875210807182123,0.006043537279775912,1.5618587002451019,0.9494170311852992,0.2061632888343715,0.795457579696551,245350872.90115947
base,target,target,33,100,3840,78499.45891859233,15369.798353395905,0.19579495916443346,20323.59875534718,0.014189169515698445,0.9928944768386203,0.004167115042911256,0.00710552316137969,1.6113744808241226,0.9903502453127385,0.21505182334542705,0.7823225367293458,275652527.6300707
base,target,target,34,100,3840,82072.42344712594,16399.574248670055,0.1998183258136061,21618.075844379382,0.015818129190965223,0.9920776859563848,0.004522726565666007,0.007922314043615208,1.697753354064096,1.0618655946156654,0.2305811841322494,0.7606555627683219,305482462.0990871
base,target,target,35,100,3840,92173.60661525073,17630.0468880926,0.1912700124850663,23228.039721189365,0.0164631047623419,0.9917634891015835,0.005123682250740496,0.008236510898416483,1.8292138299640237,1.1504832967299885,0.24982427364584772,0.730309106552513,346503580.14860284
base,target,target,36,100,3840,93559.7413969772,18845.1009271692,0.20142318315319818,24883.49919712751,0.01875397702078146,0.9906107481918931,0.005788286490770592,0.009389251808106902,1.9027873030911429,1.19761477127334,0.2600587433049183,0.7143631027225399,395096981.4605185
base,target,target,37,100,3840,103344.10904627596,21978.077577016546,0.21266889598104802,28972.24647752456,0.018578936996481363,0.9906880098780318,0.005915837817375932,0.00931199012196815,1.7556103164927475,1.0847940051624445,0.23556002522188865,0.7458136200298208,547226301.9118851
base,target,target,38,100,3840,110530.06223824604,23440.82357210298,0.21207645320579488,30976.54819961844,0.019227160964141076,0.9903609710732727,0.006726423978795859,0.0096390289267273,1.77179596569146,1.0892018781442672,0.23651718267835664,0.7418243188232769,627834460.7159745
base,target,target,39,100,3840,118198.13643124425,25033.35734685041,0.21179147237581275,33047.31988311352,0.02022346001558468,0.9898610061624796,0.007488856376381831,0.010138993837520371,1.8181594632296325,1.1169277814737113,0.24253778608923693,0.7312250573698942,711958727.1094612
base,target,target,40,100,3840,129124.29646209774,27270.546195171846,0.21119608735430093,35950.15892489599,0.02138753537562917,0.9892768596842589,0.007970590888150553,0.010723140315741064,1.8980062751709132,1.1582654071732568,0.25151413745738427,0.7130877087749988,833116490.945372
base,target,target,41,100,3840,145498.43860622274,27290.649330070286,0.18756661302689132,36400.58142541138,0.01939310808888373,0.9903090371341189,0.006324646126687661,0.009690962865881114,2.263986615526513,1.328260454609799,0.28842809298367017,0.6405622100537275,827142343.7502809
base,target,target,42,100,3840,159396.10533204215,31427.285519289297,0.197164701445009,41797.78564351952,0.019956920157532282,0.9900148307649204,0.007371882754595697,0.009985169235079638,2.055776233577172,1.2360878773622115,0.26841307214295596,0.6800564425709289,1106471955.417889
base,target,target,43,100,3840,164980.87974546594,32361.124001993267,0.19615075426873899,43236.58893944089,0.021510710862870885,0.9892363928729188,0.007862890619671721,0.010763607127081243,2.198488558629819,1.299465594766848,0.2821753686151846,0.6525637109314614,1175776773.18275
base,target,target,44,100,3840,176847.3323369806,36005.94405305844,0.2035990228252328,47866.658906191224,0.02235945202664341,0.988796754155603,0.009076921541738206,0.011203245844397025,2.039683870991593,1.2242790454658807,0.26584881687780615,0.6831939896087433,1465578019.3791673
base,target,target,45,100,3840,188201.30476575284,37349.256060505926,0.19845375730520654,49636.76644048459,0.023257968458876038,0.9883482159914441,0.00949200380218337,0.011651784008555932,2.136424838360843,1.2919726763788264,0.28054830206055,0.6664274312475811,1557225955.373556
base,target,target,46,100,3840,196027.03104979795,36925.67779646654,0.18837033647204543,48847.342224394255,0.02271633467740817,0.9886413338609975,0.008358127230831444,0.011358666139002493,2.3882746700635256,1.428649285174867,0.3102272505632349,0.6258773359256976,1452366041.1973653
base,target,target,47,100,3840,215611.18527283682,38214.14207568513,0.17723636196020406,50513.74837393221,0.02024682455750109,0.9898937236561599,0.0067763317217746115,0.010106276343840093,2.5828624883781286,1.5139384431469485,0.3287475558999598,0.598112934875223,1520459397.3824115
base,target,target,48,100,3840,117.94385793873384,88.15298073360309,0.7474147638904061,121.34729925818068,0.3708230665731157,0.79463626777372,0.14043706470183145,0.20536373222628002,4.508746910303733,1.8557351233004418,0.40296776196171624,0.3416450124539297,8865.456221652914
base,target_word_shuffle,target_shuffle,0,100,3840,33.10863497389326,47.64500221765639,1.4390506360417417,59.545789678247665,0.7007105578539526,0.5534406448713828,0.35116718606662145,0.4465593551286172,3.666559421080564,1.4604499442481123,0.3171326759414334,0.4408295020844532,2507.835901396975
base,target_word_shuffle,target_shuffle,1,100,3840,776.0830195134525,509.4900020726538,0.656489047256911,623.1387731717973,0.3198619575425534,0.8213306220230641,0.18112494281712413,0.17866937797693594,1.7803326648343187,0.919706617202254,0.1997117544104226,0.7347572186981971,275595.86003114225
base,target_word_shuffle,target_shuffle,2,100,3840,757.9894643731543,478.7850045962466,0.6316512657497078,590.9807411867182,0.31005112443231747,0.8290324521949253,0.1644634485513032,0.17096754780507473,2.00383172892002,1.03286129413966,0.22428298030815288,0.6843490531355657,245732.94817442526
base,target_word_shuffle,target_shuffle,3,100,3840,774.1342921153564,495.27544881706484,0.6397797563827098,621.9863792342608,0.31809511967457804,0.8253326544958258,0.14878135983055868,0.17466734550417418,2.1469889266209177,1.1220909740789624,0.24365895911796906,0.6581980547543778,263298.9594266857
base,target_word_shuffle,target_shuffle,4,100,3840,598.0687102218233,497.2842102203034,0.8314834093826112,629.2902731472175,0.43787207638134834,0.7516409973605849,0.17681259540673525,0.24835900263941513,2.39108877048862,1.2175923113891585,0.2643968110220687,0.6149098855044794,265902.0072402598
base,target_word_shuffle,target_shuffle,5,100,3840,971.1033249228784,457.75075373756545,0.47137183241949865,598.4800939509232,0.19310362834168276,0.8992734681985175,0.06505259513233275,0.1007265318014825,3.562510821944253,1.4957377356406465,0.32479532248159876,0.4464723880090526,231470.82429016038
base,target_word_shuffle,target_shuffle,6,100,3840,1076.1708400202183,533.2050979055718,0.495465104681292,694.2270961851478,0.17475312455736944,0.9079585050949557,0.038467821714968396,0.09204149490504432,3.317643854422403,1.4760579958126945,0.32052192127531315,0.4764556129644342,308156.294314998
base,target_word_shuffle,target_shuffle,7,100,3840,1087.278374151261,667.9741556943733,0.6143543103354734,871.8802192172956,0.23504117239252081,0.8724531749374307,0.06388815725314494,0.1275468250625693,3.098727426619409,1.427510491552701,0.3099799646701683,0.5007523133754642,497287.96949256654
base,target_word_shuffle,target_shuffle,8,100,3840,2038.5137483175363,791.7392254444499,0.38839042714227573,1019.1281763308901,0.08056623292169658,0.958380066931082,0.018924701757553175,0.04161993306891798,2.327623960573598,1.235705728146994,0.2683300894952396,0.6260834510564436,705279.8130775742
base,target_word_shuffle,target_shuffle,9,100,3840,3260.606950756486,900.8906914517379,0.27629539685631965,1142.4977438624053,0.03377048101927147,0.982855387893053,0.006071612309509369,0.017144612106946955,1.9927815970577967,1.1244372101077758,0.24416843779824718,0.6920508849168948,873177.6992919076
base,target_word_shuffle,target_shuffle,10,100,3840,3417.4125655244147,1256.001522350315,0.3675299655128343,1562.215177486744,0.03765603763957599,0.9802534089739655,0.003197843872347205,0.019746591026034488,1.4650425006931185,0.7666120600194223,0.1664676937134598,0.821576202493955,1737536.3499701328
base,target_word_shuffle,target_shuffle,11,100,3840,6446.593051789008,1420.9686857253828,0.22042165129859506,1855.2985541458488,0.01258074166685603,0.9936732651756519,0.00218039258918957,0.00632673482434809,1.4022771176848379,0.7197002401546447,0.15628092146180367,0.8409501378239137,2515162.0706342063
base,target_word_shuffle,target_shuffle,12,100,3840,7102.905006551972,1388.2396110520503,0.195446737605457,1861.8615029623954,0.012311310072715933,0.9938417268288288,0.002574264951842743,0.006158273171171236,1.5196015149123092,0.8433657648510232,0.18313454895045742,0.8057531321943574,2555884.691544335
base,target_word_shuffle,target_shuffle,13,100,3840,7796.34686112977,1427.7688193987935,0.18313305511292952,1971.6607606190762,0.012133729593701983,0.9939483979441434,0.003029959188991434,0.006051602055856642,1.6360270495296978,0.949956217427867,0.20628037163930416,0.7741673444447528,2714489.790079411
base,target_word_shuffle,target_shuffle,14,100,3840,13600.943791376214,1592.9994829137047,0.11712418692030463,2258.740203424046,0.004898680199681006,0.9975674567810472,0.001055906545909914,0.0024325432189528096,1.605075498556926,0.941863231815388,0.20452300214249314,0.7824991915406111,3551588.3006577846
base,target_word_shuffle,target_shuffle,15,100,3840,18110.948630841405,1882.3885014508776,0.10393649387560683,2689.5539006634513,0.0031632451135989665,0.9984307144740722,0.0007659622833069893,0.0015692855259278327,1.499207443440097,0.8505030673655155,0.1846843944993165,0.8118337926762691,4857149.635924439
base,target_word_shuffle,target_shuffle,16,100,3840,23049.78737666551,2398.8660888580575,0.10407324152961835,3256.3132338975533,0.002429611139737915,0.9987939165538324,0.0006490697825201184,0.0012060834461675718,1.3366491269471772,0.6917836998185671,0.15021892175090965,0.8628849661581404,7218545.5113044735
base,target_word_shuffle,target_shuffle,17,100,3840,25727.24140404282,2458.9181611904833,0.09557644065189534,3528.800976168271,0.002204598790965267,0.9989068058307974,0.00042137302701042906,0.001093194169202616,1.388557027312485,0.755385076486249,0.16402978521502187,0.8458871397924519,8490166.777261017
base,target_word_shuffle,target_shuffle,18,100,3840,30286.91474029901,3199.84461353591,0.10565105891351412,4462.343867868815,0.002104852201131214,0.9989553319616298,0.00047621163247375337,0.0010446680383702223,1.2648958712641947,0.6068238917778609,0.13177013384309053,0.8879582003447827,14409845.252609497
base,target_word_shuffle,target_shuffle,19,100,3840,34807.30677544516,3478.008204405938,0.09992178443577546,4851.991871760234,0.001940271513420657,0.9990372113234695,0.0003985151236273973,0.000962788676530546,1.2597247996030263,0.601135936211681,0.13053500998523912,0.8898534844366661,18282025.120777454
base,target_word_shuffle,target_shuffle,20,100,3840,37518.15169625891,3998.8226324072207,0.10658367887578961,5700.537904857534,0.0018440586407546537,0.9990849780599989,0.00036046113344326606,0.0009150219400011483,1.210810091541175,0.519964555405062,0.11290886859884804,0.9080090637390565,24953507.832689036
base,target_word_shuffle,target_shuffle,21,100,3840,40416.89093125922,4084.9390446930934,0.10107009595668134,5902.920278488361,0.0018062303591012496,0.9991038528007863,0.0003725931305749115,0.0008961471992137149,1.2197562552824741,0.5359271547987445,0.11637510301560229,0.9046145665019567,27129281.185116574
base,target_word_shuffle,target_shuffle,22,100,3840,45402.54171913926,5981.70519651426,0.1317482451426876,8145.374543329507,0.001858563916576554,0.9990760276987438,0.00043558208891306236,0.0009239723012561818,1.1309277543627962,0.36979895353227815,0.08030082246633272,0.9400411641378135,51668185.364133954
base,target_word_shuffle,target_shuffle,23,100,3840,51849.609329896804,7702.0097727137545,0.14854518427919433,10172.751997678197,0.002090020573475532,0.998959189477722,0.0004769313107211607,0.0010408105222780017,1.1174314928929907,0.33903281436622174,0.0736200402316898,0.9457510496902101,81672997.92058742
base,target_word_shuffle,target_shuffle,24,100,3840,57931.33491924099,9950.463044150803,0.1717630546235853,12754.398591068884,0.0024070174903266656,0.9987976082827256,0.0006006671645922822,0.0012023917172744314,1.0979805951483448,0.30079218831873167,0.06531619379321446,0.9541962625995074,118928046.29453777
base,target_word_shuffle,target_shuffle,25,100,3840,61736.1627913182,9943.580087398681,0.16106572935234356,12846.9839874124,0.002639702683944499,0.9986810630448956,0.0006329613366552789,0.0013189369551044328,1.117595755945427,0.34421425049775606,0.07474517479181955,0.9457126519287901,122005601.76262723
base,target_word_shuffle,target_shuffle,26,100,3840,62048.571871948,9198.40616241352,0.14824525182298506,11992.828365151658,0.003269193322611092,0.9983689184251395,0.0007418882821414404,0.0016310815748604712,1.1838495589946743,0.476289718831775,0.10342499833794559,0.9185421061494397,106050800.14611328
base,target_word_shuffle,target_shuffle,27,100,3840,64019.55020368352,10963.719014129883,0.17125579575688835,14352.680357340018,0.004577643041223674,0.9977095030373073,0.0011049814325449936,0.0022904969626926786,1.19168359139962,0.483483447126175,0.10498709658923021,0.9154211814698628,150726595.07564473
base,target_word_shuffle,target_shuffle,28,100,3840,65345.82805938025,9744.087876530577,0.14911568444241077,13057.068316784094,0.006064267847334458,0.9969760396298253,0.0013234511328351658,0.0030239603701747164,1.405766979790539,0.7868463533880394,0.17086151469106078,0.8406466956270957,120064377.71192591
base,target_word_shuffle,target_shuffle,29,100,3840,69158.26106567384,10457.110860556177,0.1512055204890986,14072.612154795974,0.0073559390433515425,0.9963324403390098,0.0015916700094673684,0.003667559660990194,1.5226828912325345,0.9172318391869788,0.19917436319243786,0.8063189552612473,133621464.28271058
base,target_word_shuffle,target_shuffle,30,100,3840,68422.0851813794,11023.2191944433,0.16110615695534508,14828.51377657611,0.009028931043565003,0.9954931915240088,0.0021908090738674583,0.004506808475991164,1.559761119788117,0.9576147281781882,0.20794339611853477,0.7963201872134098,147429662.16126996
base,target_word_shuffle,target_shuffle,31,100,3840,70345.23586493061,11859.176896033403,0.16858535976486203,15923.051531484281,0.009160589101857337,0.9954249405944542,0.0022314567369074592,0.004575059405545812,1.5063881421419223,0.9055647394577135,0.19664088467632046,0.81117186420804,168589839.50222778
base,target_word_shuffle,target_shuffle,32,100,3840,71503.29041399539,12398.978331546974,0.17340430433003,16572.592741380075,0.011514858097752925,0.9942482909231467,0.003264339056955904,0.005751709076853295,1.6393422517841685,1.0231405362479693,0.2221721445520135,0.7755376683722272,178953485.4515326
base,target_word_shuffle,target_shuffle,33,100,3840,72537.38001100323,13080.127130284622,0.1803225747649073,17413.704332920643,0.013621325237523388,0.9931944792047952,0.004076417430374838,0.0068055207952048,1.7479472312426072,1.1025316199488562,0.2394116993338207,0.7490739183904732,194027943.4059158
base,target_word_shuffle,target_shuffle,34,100,3840,75503.29411159705,13773.620712066804,0.18242410313527266,18365.86541698607,0.015214260866493703,0.9923993442451969,0.004451509635744633,0.007600655754803065,1.889273204558629,1.1967202150456424,0.2598644928881977,0.7176746557701201,211009411.8860671
base,target_word_shuffle,target_shuffle,35,100,3840,84314.25429688404,14428.702580487583,0.1711300503196269,19335.669298887882,0.015712410616938788,0.9921610268797374,0.004821032887811726,0.007838973120262605,2.1793994112824113,1.3445716367392708,0.29197002117974447,0.6614712955348738,228104549.45376363
base,target_word_shuffle,target_shuffle,36,100,3840,85780.53727976323,15642.48098620938,0.1823546632168233,20968.892240892583,0.017781669073659225,0.9911215439914223,0.00552488374769187,0.008878456008577729,2.2128882264586958,1.3582939769861708,0.2949497895037582,0.655023647100804,268272806.78813988
base,target_word_shuffle,target_shuffle,37,100,3840,94259.75619885488,18338.713824204016,0.19455507380600254,24637.705090494106,0.017675619642771867,0.9911668720587465,0.005686859646248191,0.00883312794125346,1.9757598112165493,1.2194092719257936,0.264791358989517,0.6975186359495589,378647273.8118805
base,target_word_shuffle,target_shuffle,38,100,3840,100584.1498760404,19468.294657087896,0.19355231098617984,26309.628567306507,0.01821483782639857,0.9908967098121549,0.006484407820266405,0.009103290187845059,2.003119745951053,1.2241226267921257,0.2658148509943669,0.6915809229120736,433958817.66067505
base,target_word_shuffle,target_shuffle,39,100,3840,107352.59613303187,20744.61565198708,0.1932381367496716,28095.551849646206,0.019261194703892797,0.9903734406811735,0.007260157485930026,0.0096265593188265,2.08827207771621,1.263421440613102,0.27434847998826356,0.674972545967464,492781993.7202194
base,target_word_shuffle,target_shuffle,40,100,3840,117287.57162554715,22535.611379228947,0.19213980703067368,30506.102387428946,0.020346449533477657,0.9898302814089948,0.0077475825710194976,0.010169718591005239,2.2100850791623574,1.3072597607445389,0.2838678502527592,0.6511075821878466,577909481.4217623
base,target_word_shuffle,target_shuffle,41,100,3840,132731.3560865921,22478.022074903973,0.16934975078714348,30827.703880257668,0.018312820926030853,0.9908708049569624,0.006079857390820675,0.009129195043037552,2.760194983913716,1.488033473588907,0.3231223632334952,0.5595368111316645,580146998.2773714
base,target_word_shuffle,target_shuffle,42,100,3840,144795.1879506789,25525.32622950375,0.17628573567098346,35093.05084979361,0.01888911094112053,0.9905753664764235,0.007036878107195988,0.009424633523576476,2.4855316330226094,1.4042595415869958,0.3049310850356111,0.6027267178069182,762067598.8778903
base,target_word_shuffle,target_shuffle,43,100,3840,150249.8348349008,26519.067622767594,0.17649981214227337,36559.92174653221,0.020625581125677556,0.9897068396232299,0.00761827699420809,0.010293160376770083,2.6984061697369808,1.4691053263695641,0.3190121682884887,0.568104160081009,825763135.3918473
base,target_word_shuffle,target_shuffle,44,100,3840,162350.9403000539,29269.686563776388,0.18028652319278665,40196.474951086864,0.021110659784984182,0.9894546316091302,0.008749003375120456,0.010545368390869836,2.4821200706205606,1.4001905697448445,0.30404751902657806,0.6029188724690825,1010960991.5425527
base,target_word_shuffle,target_shuffle,45,100,3840,175873.54785457588,30738.983777709243,0.1747788917246743,41862.16379732462,0.02163177230559177,0.9891944681965125,0.009040515906328487,0.010805531803487534,2.621396491443028,1.474713935807206,0.3202300623534479,0.58516025782463,1085622430.2321467
base,target_word_shuffle,target_shuffle,46,100,3840,186023.07533667362,30596.82387761131,0.16447864772816861,41244.17820423721,0.02072180688751053,0.9896643091745263,0.007914554157672216,0.010335690825473698,2.983180382575096,1.614308882546206,0.3505427198886109,0.5411007207881369,1018886761.2772481
base,target_word_shuffle,target_shuffle,47,100,3840,207246.87584620577,31955.982392096506,0.15419283046664825,43061.17355744803,0.018092965884337356,0.9909894949273469,0.006240481570443071,0.009010505072653108,3.4021477272946457,1.7214748449919428,0.3738135129576282,0.49451333849487067,1084340637.283822
base,target_word_shuffle,target_shuffle,48,100,3840,111.2899502205505,79.66104511213223,0.7157972930553215,110.28483432681351,0.34865328304195775,0.8082725927844215,0.13236111915165685,0.19172740721557846,4.599924986810589,1.8938355446622614,0.41124116333952976,0.34057680750795777,7309.716069501504
base,target_sentence_shuffle,target_shuffle,0,100,3840,33.10863497389326,47.64500221765639,1.4390506360417417,59.545789678247665,0.7007105578539526,0.5534406448713828,0.35116718606662145,0.4465593551286172,3.666559421080564,1.4604499442481123,0.3171326759414334,0.4408295020844532,2507.835901396975
base,target_sentence_shuffle,target_shuffle,1,100,3840,772.3897212139372,508.0575479738086,0.6577735746862505,621.6830033759319,0.32128591606023027,0.8205016182266034,0.1814475727303162,0.1794983817733966,1.7885849821768485,0.9244985845946758,0.20075231690841716,0.7327753502518529,274124.47690034873
base,target_sentence_shuffle,target_shuffle,2,100,3840,758.7248519942779,479.31006734659854,0.6317310762745554,590.9313157085675,0.30976261433550184,0.8291594900931885,0.16396865404671498,0.17084050990681154,1.999742919184401,1.0299115908565928,0.2236424603786089,0.6852046124646805,246065.58224133225
base,target_sentence_shuffle,target_shuffle,3,100,3840,770.9722871607829,493.2487176202714,0.6397748996098558,618.7235426147514,0.3190037407838191,0.8247848174301269,0.15093284006028448,0.17521518256987312,2.1445173288623116,1.1184355975721496,0.24286520419487526,0.6586025730030091,261446.87673607093
base,target_sentence_shuffle,target_shuffle,4,100,3840,599.7096950143548,496.3969158021932,0.8277286826091922,625.4647014069708,0.436702555198717,0.7523440445166938,0.17861819829038855,0.2476559554833062,2.3766579772087115,1.2067862136442993,0.26205029671131896,0.6171478582704987,264860.1937517006
base,target_sentence_shuffle,target_shuffle,5,100,3840,955.1514478567877,460.98454474356106,0.48262979214232327,601.5849729137308,0.19875642068145113,0.8961104113310671,0.06622917859680087,0.10388958866893294,3.5806827678365742,1.4888454157261963,0.32329867422841996,0.4403822300623064,234665.38068110213
base,target_sentence_shuffle,target_shuffle,6,100,3840,1088.1139435900898,508.36359576281603,0.4671970235814977,662.8427855492993,0.17298745223694673,0.9097384564254007,0.04616658933652498,0.09026154357459926,3.6103051746862658,1.510670201258596,0.3280378661911415,0.436004495529983,283969.8639519246
base,target_sentence_shuffle,target_shuffle,7,100,3840,1179.3941839799108,687.8114503226175,0.5831904715703878,896.6595130092045,0.21112807087179852,0.8864385945738728,0.05938473227254624,0.11356140542612725,2.990924883243316,1.3923864236041121,0.30235287022413476,0.5141506332327236,536408.0556691565
base,target_sentence_shuffle,target_shuffle,8,100,3840,2087.1779195878585,868.0787425987238,0.41591027504264577,1102.8758765093135,0.07854519901053279,0.9589395873195543,0.014710991214011305,0.04106041268044569,2.0236675901580803,1.1120991477305635,0.24148926159434647,0.6842753815403421,837513.1995009091
base,target_sentence_shuffle,target_shuffle,9,100,3840,3227.371690297522,1047.800465756682,0.3246606112666521,1308.9310119544402,0.035710462162437284,0.9816102457564782,0.004760985206453233,0.01838975424352185,1.674547882442595,0.9339100605079269,0.20279599293626233,0.7642250514950817,1179754.7735723427
base,target_sentence_shuffle,target_shuffle,10,100,3840,3486.000781805665,1464.8844298108252,0.4202191914174069,1811.0822648075941,0.03893813650173493,0.9790812249052574,0.004166669807746824,0.020918775094742603,1.334913572886778,0.6278011384893125,0.1363252850892438,0.8629534855247116,2376126.1402892875
base,target_sentence_shuffle,target_shuffle,11,100,3840,6785.678988358092,1825.4657850331296,0.2690174097780053,2305.1585003080218,0.011999841180108316,0.9939092312092381,0.0017182857894654363,0.006090768790761869,1.2503686148003792,0.5347250250567517,0.11611406385886265,0.8928933680394076,3924579.562029329
base,target_sentence_shuffle,target_shuffle,12,100,3840,7292.732207162527,1834.6646294830293,0.25157438630217643,2360.9747369516926,0.01257356416241842,0.9936554106439875,0.002170339602498892,0.006344589356012453,1.3136584751266025,0.6304506466626288,0.13690061847895824,0.8704671724900257,4027593.0641221837
base,target_sentence_shuffle,target_shuffle,13,100,3840,8271.06054722011,1873.8249933845323,0.2265519618296497,2493.693288953838,0.011280276552590177,0.9943343314233843,0.001986131234398034,0.005665668576615657,1.3485948710214604,0.686168381096377,0.14899957078332204,0.8588186743556266,4374944.800237864
base,target_sentence_shuffle,target_shuffle,14,100,3840,14573.550699144067,2250.489815188158,0.15442288990838268,3043.7805620464696,0.004598582927471907,0.99771055425629,0.0008167982050394248,0.002289445743710039,1.2803545796154487,0.6044910057728621,0.13126355408365037,0.8822813593271593,6847654.017259241
base,target_sentence_shuffle,target_shuffle,15,100,3840,19189.97889566546,2642.9802873302965,0.13772710755441633,3599.6323985143895,0.0030636069229674164,0.9984777721700705,0.0005953998321446275,0.0015222278299295011,1.2327303027131196,0.5366972026102405,0.11654231677326947,0.8996314349672503,9599295.7565961
base,target_sentence_shuffle,target_shuffle,16,100,3840,23509.45529555993,2240.732278374541,0.09531196066451325,3157.244377766978,0.00245466592614703,0.9987829725516155,0.0004946477491608677,0.0012170274483844779,1.4898490094911976,0.8767576786325639,0.19038551089821354,0.8154533742785592,6551891.049019226
base,target_sentence_shuffle,target_shuffle,17,100,3840,26424.763200417645,3243.2993672656676,0.12273712133830615,4428.185376163487,0.002243412398109366,0.9988861788417829,0.00033275878237263163,0.001113821158217121,1.2331335382210091,0.5536629539115037,0.12022638285901023,0.8996379694798656,13523395.537116481
base,target_sentence_shuffle,target_shuffle,18,100,3840,31998.52106564164,3022.0429696940464,0.09444320765621135,4487.121688381535,0.0019771372425803706,0.9990192960616642,0.0003941186782660987,0.0009807039383358251,1.281250934383121,0.6436497488675268,0.13976676710579033,0.882254942585923,15243049.894536234
base,target_sentence_shuffle,target_shuffle,19,100,3840,36264.686116431854,3670.763249722363,0.10122142620887341,5527.978099766474,0.0018935583491685056,0.9990603902855482,0.00036413803848836323,0.0009396097144518389,1.205819663548536,0.5174733900797811,0.11236791892170893,0.9099742180423492,24621854.110176273
base,target_sentence_shuffle,target_shuffle,20,100,3840,39752.04820758433,4385.188643574521,0.11031352700809682,6614.964993931355,0.0017574666434714897,0.9991277470025756,0.000324847287675946,0.0008722529974244386,1.1565923994287661,0.42792738760259647,0.09292325154554082,0.9294432860242499,35058943.95253261
base,target_sentence_shuffle,target_shuffle,21,100,3840,42806.2241324394,4542.862383857673,0.10612621122111546,6870.825028890706,0.0017612861560773708,0.9991259461347974,0.0003313234156313766,0.000874053865202562,1.1699407257054761,0.45465225572538287,0.09872648292319995,0.9240524879101104,38167328.15860991
base,target_sentence_shuffle,target_shuffle,22,100,3840,48362.24328567918,6014.923001624376,0.1243722911299586,8623.037368490419,0.0017981246701760734,0.9991061720086075,0.00039031018588977557,0.0008938279913924818,1.128942974568184,0.37084060374879013,0.08052701393688495,0.9408821013926513,60239493.09013406
base,target_sentence_shuffle,target_shuffle,23,100,3840,54124.87143270595,7456.740179274618,0.13776919892633213,10311.784875539803,0.0021412878838148034,0.998934571527094,0.0004284554870744757,0.001065428472906027,1.1373216588622623,0.385931246059556,0.08380390527885562,0.9373434700507345,84100478.47325982
base,target_sentence_shuffle,target_shuffle,24,100,3840,62600.589955486976,10609.08958230424,0.16947267733176286,13998.090855321228,0.00242417747514633,0.9987885811249625,0.0005282721949556657,0.0012114188750375066,1.1005905608832396,0.3141762548093669,0.06822250690436901,0.9530641000086864,146387735.80145577
base,target_sentence_shuffle,target_shuffle,25,100,3840,66440.30233056641,10442.805374476757,0.1571757654340543,13813.461289652345,0.0026918575941591067,0.9986552772535088,0.0005872420739963485,0.0013447227464912226,1.127149362982726,0.37245544545151665,0.08087767235720564,0.9416605329738164,144870279.70863423
base,target_sentence_shuffle,target_shuffle,26,100,3840,66903.66158160153,9885.837886560432,0.14776228464719832,13257.384388222641,0.003287309712821773,0.9983600935927912,0.0006811496617848182,0.001639906407208791,1.1865728080624052,0.48907210773559073,0.10620065882117986,0.9174541609704747,131944190.01955032
base,target_sentence_shuffle,target_shuffle,27,100,3840,68914.25671922672,11748.84314027936,0.17048494316853735,15757.362915053043,0.004574594131828379,0.9977114784603495,0.0010147708902010417,0.0022885215396505343,1.1947486651274521,0.496846129318619,0.10788876615903284,0.9142130985482729,187018755.00862545
base,target_sentence_shuffle,target_shuffle,28,100,3840,70266.05241096711,11142.702652699862,0.15857874849051162,14967.412494863875,0.006082796012167745,0.9969654546343407,0.0012208581563027344,0.0030345453656592802,1.3645898470945241,0.7481019206351971,0.16244826801654524,0.8536951633728781,164468791.07222927
base,target_sentence_shuffle,target_shuffle,29,100,3840,74028.13068630772,11734.23991554026,0.158510552768971,15850.34490525466,0.007333900416695951,0.996343143791958,0.00140389162152137,0.003656856208042014,1.4920650686136314,0.8945830804708308,0.19425624772624722,0.8146938400635105,176387002.40759423
base,target_sentence_shuffle,target_shuffle,30,100,3840,73158.15841879937,12320.255174563366,0.16840575871299465,16634.432865477982,0.008959169185337857,0.9955267766905096,0.001978348104577112,0.004473223309490404,1.5250476159472461,0.9350598873767233,0.20304567466839352,0.8055750711471703,191802585.88063887
base,target_sentence_shuffle,target_shuffle,31,100,3840,74551.51294554566,12944.418255386814,0.17363052396859804,17487.408966574232,0.009288130040320652,0.9953614462273612,0.002048886293959426,0.004638553772638776,1.5158877958424883,0.925459877584917,0.20096105902899417,0.808278000621534,208943753.20184308
base,target_sentence_shuffle,target_shuffle,32,100,3840,75473.81731896098,13465.942981591174,0.1784187346014653,18165.740872644903,0.011786435626172516,0.9941116065781951,0.003140434787839375,0.005888393421804916,1.6513179622991028,1.047271195022397,0.22741205052722563,0.7723059070967645,218766360.72390014
base,target_sentence_shuffle,target_shuffle,33,100,3840,76598.26816503696,14347.210328492272,0.18730463066841258,19301.26451744043,0.013966409850157587,0.9930186926531823,0.003994928942768646,0.006981307346817678,1.7324121981660354,1.1061129713679019,0.24018937991334466,0.7525145425522216,241903353.8467415
base,target_sentence_shuffle,target_shuffle,34,100,3840,80144.93996049016,15313.287752326118,0.19106992605990172,20567.487395907887,0.015508112808199666,0.9922475219498488,0.004315414318862926,0.007752478050151224,1.8412372675096649,1.1817244810278231,0.2566082106201838,0.7277060689557495,268572965.34081614
base,target_sentence_shuffle,target_shuffle,35,100,3840,90122.73462391442,16449.70294809569,0.18252556379631535,22128.7477675674,0.01610879843214651,0.9919545020057463,0.004903043314841921,0.008045497994253692,2.0141748082206568,1.2787192591096617,0.27767035906737025,0.6919667013713278,304593031.0295461
base,target_sentence_shuffle,target_shuffle,36,100,3840,91736.49320278304,17867.90541006457,0.1947742363616152,24053.19704755768,0.01831360903671478,0.9908451951957332,0.0055502806499477765,0.00915480480426678,2.041087676932328,1.2964904296261497,0.2815293197135065,0.6866530399825651,359175324.12573063
base,target_sentence_shuffle,target_shuffle,37,100,3840,101708.18454641366,21063.80114207675,0.20710035515838418,28347.616630346245,0.018002195317314736,0.9909902918295382,0.005690011013734071,0.009009708170461761,1.8137829119014388,1.1422158071463269,0.24802901109315928,0.7325595217952295,511511760.7068829
base,target_sentence_shuffle,target_shuffle,38,100,3840,108655.80482793695,22432.803451411244,0.20645747815254736,30303.11191122568,0.01865477623991164,0.9906610877907748,0.0065078490492006405,0.009338912209225225,1.8300074581805115,1.1445513550918245,0.24853616888563435,0.7287304511040782,586428771.5303656
base,target_sentence_shuffle,target_shuffle,39,100,3840,116313.8348884082,23961.728851925778,0.2060092754650788,32349.584680997603,0.019646501662224043,0.9901630004825912,0.007271525226725458,0.009836999517408795,1.882192546427708,1.1744107748692534,0.2550200595067194,0.7173733210361416,665763471.9992033
base,target_sentence_shuffle,target_shuffle,40,100,3840,127058.24630367919,26035.86427318182,0.20491282565756544,35110.53820245781,0.02082335797621387,0.9895738013275264,0.007746915193868699,0.01042619867247363,1.9878287141266346,1.2251492330290406,0.26603777570625675,0.6945358686573413,775371873.2419566
base,target_sentence_shuffle,target_shuffle,41,100,3840,143482.75233594328,26161.262152867446,0.18233036185154008,35642.719664124386,0.018836619874875025,0.9905968987359285,0.006129309661915781,0.009403101264071512,2.397804291882915,1.4000949527109758,0.30402675605148555,0.6180611782254783,776207090.1034845
base,target_sentence_shuffle,target_shuffle,42,100,3840,157374.94410916284,30195.43839823717,0.19186941459557982,41083.346264654145,0.01948316172922583,0.9902628546188756,0.007145846265843122,0.009737145381124357,2.166725284555374,1.3125504400482346,0.2850167066663166,0.6595723364532158,1042107911.3389014
base,target_sentence_shuffle,target_shuffle,43,100,3840,162985.25036562476,31232.245512511974,0.19162620815349052,42597.57812632763,0.021107249151749666,0.9894494358735301,0.007643889284822119,0.01055056412646993,2.3316962189291,1.3789151860650706,0.2994276281603279,0.6296463909098855,1114982969.305795
base,target_sentence_shuffle,target_shuffle,44,100,3840,175041.66322919726,34796.09892650017,0.19878752455030443,47188.400922014196,0.02196061330539474,0.989007910098194,0.008898122659107817,0.010992089901806001,2.141081122418476,1.2956841395418381,0.2813542360462916,0.6641960229172854,1392273060.2082467
base,target_sentence_shuffle,target_shuffle,45,100,3840,186925.04693567884,36130.5256693306,0.19328884096395688,48824.62542913764,0.022936456752792513,0.9885191983618689,0.009332625202668999,0.011480801638131144,2.2628091829263908,1.3756846497334427,0.29872612610912097,0.6444686616968878,1478455608.4415054
base,target_sentence_shuffle,target_shuffle,46,100,3840,195669.84358283627,36017.954439763766,0.1840751430074899,48258.16581837419,0.02241210236977979,0.9887999723507233,0.008277244883464005,0.011200027649276745,2.517847412746775,1.5098538124258212,0.32786058960856074,0.6068380386556034,1396294774.965871
base,target_sentence_shuffle,target_shuffle,47,100,3840,215845.47859322478,37573.08216176793,0.17407398295600585,50211.86282375446,0.019981656152672517,0.9900308836710026,0.006713491609034834,0.00996911632899744,2.7197453320505716,1.595525849419774,0.34646403606850323,0.5804018303480514,1479606761.5214813
base,target_sentence_shuffle,target_shuffle,48,100,3840,114.91927722079335,87.24357328826885,0.7591726592627955,120.75843913217085,0.37420128589970175,0.7923037520831834,0.13790393520830965,0.20769624791681662,4.638269409525087,1.9202358068754244,0.41697390743951757,0.3338467710136417,8686.881922522218
base,control,control,0,100,3840,33.10863497389326,47.64500221765639,1.4390506360417417,59.545789678247665,0.7007105578539526,0.5534406448713828,0.35116718606662145,0.4465593551286172,3.666559421080564,1.4604499442481123,0.3171326759414334,0.4408295020844532,2507.835901396975
base,control,control,1,100,3840,780.3269188726541,508.44222043980363,0.6515759076648981,622.6403083377475,0.31911548791102673,0.8220412860400879,0.17853913224230025,0.17795871395991214,1.817664668929497,0.9419570409528577,0.20454337253787072,0.7260482746274137,274723.2974836341
base,control,control,2,100,3840,775.2741112946873,479.92223547660745,0.6190355494718499,592.2903913898754,0.30187297845416755,0.8341824577529049,0.15690544207393392,0.1658175422470951,2.0523805976511804,1.0543077523424957,0.22894001953508303,0.6744775900401956,246869.3090358434
base,control,control,3,100,3840,781.9535381868823,494.4472939046845,0.6323231109755704,622.2376348036121,0.31467325352766784,0.8277297164312611,0.1456593379136861,0.17227028356873886,2.2336068928167894,1.1551137376333114,0.25082976111239386,0.6423266272505855,263105.7540206929
base,control,control,4,100,3840,605.7864516590282,498.5347359020644,0.8229545816628264,631.2793277180539,0.43296449561952577,0.7550724317951911,0.17267083775883738,0.24492756820480888,2.4596479905725435,1.236454227594267,0.26849262408506874,0.6036033757883413,267566.45362626534
base,control,control,5,100,3840,940.6609258478812,467.7898098441884,0.49729907662799683,610.6439003387801,0.20419871536375464,0.8929856295233444,0.0634390593751243,0.10701437047665563,3.648525790190771,1.4966622241211334,0.3249960726044281,0.43137690571497,241304.558830859
base,control,control,6,100,3840,1090.0570861579736,507.01104461731376,0.4651233876239727,661.4322807867976,0.17416069309813156,0.9092019566828375,0.04807676853764934,0.09079804331716246,3.672657628638521,1.5183717757099853,0.32971024183424424,0.4276059302193333,282916.2221425799
base,control,control,7,100,3840,1195.3727568141378,699.5134227839335,0.5851843442109637,911.484404542438,0.21388240977105935,0.8848546995225915,0.06928351891278123,0.11514530047740845,2.83737834134267,1.3410806200927805,0.2912119565468429,0.5349275491943132,560445.8519544651
base,control,control,8,100,3840,2072.677716372111,873.6082953978887,0.4214877636292627,1103.6534613291892,0.07975599113873824,0.9581922078798598,0.014219777129674838,0.041807792120140186,1.9674951450898104,1.083227284060484,0.23521981605725722,0.6959654116674853,843573.8429294728
base,control,control,9,100,3840,3294.9960570232593,1009.023553230415,0.3062290624232125,1262.4215652325481,0.033983897058501515,0.9825898617109636,0.004525262424176177,0.01741013828903637,1.7294912230965405,0.9686927669606421,0.21034896167529973,0.7505965774441918,1094150.131497775
base,control,control,10,100,3840,3526.7906647554755,1359.2845577234848,0.38541685258139025,1693.688718861384,0.036459124843040584,0.9807810121533668,0.003582605471639898,0.01921898784663323,1.3880372457617505,0.6837778406911741,0.14848047152994884,0.8454079759526091,2076243.5045786158
base,control,control,11,100,3840,6909.368535315274,1757.8907717652576,0.25442133572414005,2212.6584099528923,0.01141422902996787,0.9942352035545566,0.0020275794804941434,0.005764796445443365,1.2663650940277609,0.5504520939630664,0.119529153480125,0.8869848445695458,3685921.888520747
base,control,control,12,100,3840,7052.653036063039,1897.8057575451946,0.26909104245465554,2422.501286886684,0.013029558145112313,0.9934052814766701,0.0023660973019092152,0.006594718523329934,1.2696796560589247,0.5577213658545477,0.12110765581508737,0.8858124189072549,4368607.266755958
base,control,control,13,100,3840,8064.546622189132,1772.5712933391933,0.2197980092844979,2342.2733894130815,0.011538014749191416,0.9942138106264415,0.0023112071374331105,0.005786189373558459,1.3779700317131003,0.7011189400441854,0.15224604340952327,0.8489540284023448,3979402.8758891285
base,control,control,14,100,3840,14026.393339607956,2153.955210480529,0.1535644380083193,2951.0452850920005,0.004787105099982796,0.9976162469578728,0.0009800981262511096,0.0023837530421272346,1.2816528637519808,0.5868695466355409,0.12743710285043924,0.8816295000846363,6558166.252928051
base,control,control,15,100,3840,18425.436821327196,2405.765974466842,0.13056764937492285,3375.4952578032407,0.003154080148070638,0.9984326102513741,0.0007080016802164538,0.0015673897486259136,1.2524174084033897,0.5478973134478032,0.11897438993999862,0.8921937795384677,8465110.493080212
base,control,control,16,100,3840,23152.54729775592,2154.3806154604013,0.09305155876602902,3084.1567344433684,0.002451799115088288,0.9987838815871756,0.0005871971094693037,0.0012161184128244296,1.440347735970019,0.7886987297217435,0.1712637531011287,0.8295538096762979,6720665.714033412
base,control,control,17,100,3840,26287.012707127997,3194.480868962326,0.12152316067835693,4521.778722910747,0.0022089657691254433,0.9989027169539894,0.00037858731760244966,0.0010972830460106442,1.2073886479517226,0.4922126153016619,0.10688261137433991,0.9092655641337277,14493372.150326537
base,control,control,18,100,3840,30809.890323797274,3013.3137482883467,0.09780345585848746,4526.8007127265355,0.002025781110756391,0.9989944206146274,0.0004250313433249732,0.0010055793853726014,1.2390261074664528,0.5498481559703368,0.11939801001129789,0.8973438800653473,16323795.609448727
base,control,control,19,100,3840,35325.91772099751,3443.0649831588316,0.09746569106433418,5222.305770980275,0.0018957456446299752,0.999058763852694,0.0003831358443882441,0.0009412361473060127,1.2017674570086214,0.4894398929339661,0.10628052236226992,0.9114438913623215,23489067.038939524
base,control,control,20,100,3840,38210.112600034445,4264.620961093602,0.11160974597833971,6429.283595094607,0.0018309788222057664,0.9990900771009305,0.00038209217524294553,0.0009099228990695485,1.1462610333209073,0.3886027871934673,0.08438402306517324,0.9336181357507817,34866120.75666087
base,control,control,21,100,3840,41751.545112695065,4377.807866797408,0.10485379295498892,6710.519087578359,0.0017835657834469032,0.9991137592168673,0.00039591360598954995,0.0008862407831327079,1.1485348107098126,0.3920247877563863,0.08512710104594601,0.932671372914894,40194337.344704896
base,control,control,22,100,3840,47812.43571800608,6592.312573103176,0.13787861827379194,9156.564105456548,0.001822826336275027,0.9990921009042179,0.0004883225376822299,0.0009078990957821498,1.0998598961765191,0.29048182588824034,0.06307732703822197,0.9533196755782629,72001573.05702388
base,control,control,23,100,3840,53441.69607354194,7947.570786034676,0.14871479331602613,10762.558742886746,0.0021727343816304264,0.9989172756562442,0.0005078658269426479,0.001082724343755781,1.1140696358344417,0.31920983789150137,0.06931553558275529,0.9471321213784297,95824253.00022297
base,control,control,24,100,3840,59878.597117561076,10555.375936284276,0.1762796131572798,13771.185074065908,0.002504508455508329,0.998745982826566,0.0006517426104514762,0.0012540171734339856,1.088044069686727,0.26572138332059864,0.05770066524991738,0.9585395337534448,150833151.25571546
base,control,control,25,100,3840,65103.35816734148,11169.009567394598,0.17155811745817795,14520.31508419035,0.0027363123558888603,0.9986285725969785,0.0007115162178489984,0.0013714274030215412,1.0978197057776353,0.286342542402031,0.06217849304967498,0.9542151163790548,170818248.33679125
base,control,control,26,100,3840,66892.69441536441,10929.288117638296,0.16338537732945582,14267.763841628788,0.0032475515714408187,0.9983742092685354,0.0008076632979048252,0.001625790731464627,1.1331144634731927,0.35971138389224094,0.07811033455109125,0.9390615822387036,165308972.59898013
base,control,control,27,100,3840,69373.65188172752,12794.169971005882,0.18442405184057734,16718.433663117055,0.004568378210007127,0.9977063545778476,0.001171924967128864,0.0022936454221523794,1.1510783921757837,0.3919224350022234,0.08510487542777574,0.9315887599074447,221279871.57487887
base,control,control,28,100,3840,70979.66031424327,11881.417377700895,0.1673918602188166,15609.852922661352,0.0060136755171013795,0.9969925132472455,0.0013893926456800922,0.003007486752754529,1.2865316185871574,0.6068601771419141,0.1317780131097816,0.8798864087946342,190552248.06043085
base,control,control,29,100,3840,74685.94679542581,12267.461860085996,0.16425395119764785,16273.364996154965,0.007469186854369686,0.9962684087687763,0.0016233704011504452,0.0037315912312236854,1.4147673775952634,0.77116362610557,0.16745605373107575,0.8375204570164672,194951275.9790192
base,control,control,30,100,3840,73857.16474957859,12845.535037087562,0.17392402051502873,17023.39437986435,0.009176713319108179,0.9954088623228385,0.0022726225550974643,0.004591137677161461,1.4487617851772163,0.8120350974738322,0.17633118097232725,0.8273075513529794,208574443.79904553
base,control,control,31,100,3840,76539.98184438203,13742.424798417445,0.1795457023540714,18190.358423483613,0.00937605036491174,0.9953080661259516,0.002339403992841358,0.004691933874048426,1.4297901326979108,0.7945098336002008,0.172525618275219,0.8332399147908965,232201712.77217034
base,control,control,32,100,3840,77516.25856210756,14105.371163289594,0.18196661481008003,18631.13655846823,0.011799031942778785,0.9940971456762792,0.003457942274306744,0.005902854323720841,1.5578368371170448,0.9207475912510723,0.19993779905302575,0.7964079284868011,236012429.88405228
base,control,control,33,100,3840,78975.09168808754,14890.885256387344,0.18855166784989574,19605.840104105573,0.013953513374712737,0.9930178278983738,0.004397528546404059,0.006982172101626216,1.6454543978435816,0.9912604056864357,0.21524946215939889,0.7733723446710853,256556118.6192212
base,control,control,34,100,3840,82236.32214273802,15730.63660263185,0.19128575053889327,20723.95926156833,0.015657629713775247,0.9921653066570919,0.004791757816527209,0.007834693342908094,1.7578614133474266,1.076503303162813,0.23375972215711655,0.7461518887666622,279432314.3034202
base,control,control,35,100,3840,91569.09699247715,16514.812354825215,0.18035355701041791,21832.290156481853,0.01599589914082859,0.992007569161505,0.0050299277473188,0.00799243083849499,1.9572294171746238,1.1959214974164296,0.2596910535587147,0.702790904598252,302840663.4879325
base,control,control,36,100,3840,92757.58011586237,17877.310265082888,0.19273152924809547,23700.496509505763,0.01824622961437627,0.9908728316778947,0.005914897939810025,0.00912716832210525,1.9708907935925104,1.2004656232596589,0.2606777979481089,0.6995753232153433,357685449.6996946
base,control,control,37,100,3840,101877.73363526352,20813.337590748968,0.20429721832312855,27624.70931654665,0.0182836514297837,0.9908437536871456,0.006180670222725062,0.009156246312854388,1.808142921933245,1.0895854649284742,0.2366004774902127,0.7331692542360031,494785854.52017796
base,control,control,38,100,3840,108445.84487974655,22123.068614022188,0.2040010720424929,29506.729834450267,0.019059414297098422,0.9904533333550454,0.007128800539889563,0.009546666644954627,1.8286914470107736,1.0954161938477327,0.23786660418776656,0.7282470350789342,566379389.0703163
base,control,control,39,100,3840,115416.0131452066,23636.965257821154,0.20479797052150067,31531.34321107944,0.020319890443960167,0.989821182669607,0.007994280645928978,0.010178817330393053,1.8886907949668776,1.1287004928064135,0.24509419787365316,0.7150828256554678,642948780.8002561
base,control,control,40,100,3840,125595.99376646952,25632.776053823138,0.20408912167600002,34127.903528473675,0.021538716013801928,0.9892101147623947,0.008448014021012546,0.010789885237605268,1.9868192568812122,1.173711308395042,0.2548681722917063,0.6936657069772797,746335006.107869
base,control,control,41,100,3840,141176.96112111863,25386.19483379976,0.1798182552748137,34176.43176500951,0.01948903319134195,0.9902688072937111,0.006722537802302668,0.00973119270628886,2.4420996804561814,1.3577565105103648,0.29483308014143295,0.6087613596877985,726813351.1277146
base,control,control,42,100,3840,153656.35612353857,28616.80200503653,0.18623897329719855,38556.85023654999,0.01999941832890718,0.990003196575789,0.007723753080234044,0.009996803424211054,2.2305236770506514,1.2783785528956069,0.27759637565301315,0.6458918097119349,940935994.1951278
base,control,control,43,100,3840,159069.68162564712,29464.263249813393,0.1852286554464494,39884.902104960165,0.021713335345086904,0.9891455443643571,0.008259605209222035,0.010854455635642912,2.42278684744963,1.348349105011965,0.29279028799294227,0.6117672728218594,1002190001.9469867
base,control,control,44,100,3840,170908.01052181778,32643.485741128734,0.19100032609040013,44024.75448451974,0.022413050826102524,0.9887819531396747,0.009390459909096625,0.011218046860325348,2.229145803952222,1.2746115552735195,0.2767783825127056,0.6460540485044741,1242766966.2423036
base,control,control,45,100,3840,182817.0387471154,34182.39880345897,0.18697600091172203,45965.51011438764,0.02312227630787918,0.988427074333499,0.009660044173687692,0.011572925666501033,2.307049644784772,1.325876122121522,0.2879103417623295,0.6347133382166918,1343177463.5753655
base,control,control,46,100,3840,191109.07432214558,33892.47845313603,0.1773462540873633,45237.87123080319,0.022476128401308092,0.9887703245241677,0.008596253475764072,0.011229675475832313,2.5746944075907665,1.4492624232451055,0.31470333662254213,0.5954666509766798,1253053611.325076
base,control,control,47,100,3840,210401.61166043626,34529.70287797385,0.1641133002997181,46010.81955904389,0.019772007075434212,0.9901414334072101,0.006738384266144427,0.009858566592789941,2.932017455022761,1.5710739385249335,0.3411543710816936,0.5490708896397047,1256934587.4146411
base,control,control,48,100,3840,118.80352529316036,86.27694449586542,0.7262153566821115,118.27719729152682,0.3582210078722289,0.802465616434387,0.13770651621737356,0.19753438356561304,4.380340210566341,1.7757958712747437,0.3856091739405992,0.34131906300747883,8535.676656557476
base,question_only,question_only,0,10,3840,33.10863497389326,47.6450022176564,1.4390506360417419,65.50036864607243,0.7707816136393445,0.5534406448713828,0.3511671860666215,0.4465593551286172,3.6665594210805645,1.4604499442481127,0.634265351882867,0.44082950208445315,2758.619491536674
base,question_only,question_only,1,10,3840,786.2840502248341,498.0393939617974,0.6334089999910144,669.154345529506,0.3373306810368822,0.8300636553233856,0.16857714300944426,0.16993634467661445,1.8668498367540431,0.9646297128473229,0.41893336136951065,0.7147042157044438,290470.41543075937
base,question_only,question_only,2,10,3840,765.7563631914829,463.6145160468506,0.6054334489818922,630.6165644672346,0.3242145441930499,0.8389902783288565,0.15055362105951386,0.16100972167114347,2.155345939812999,1.0930565291161267,0.4747084190034549,0.654001278520914,254723.89032646304
base,question_only,question_only,3,10,3840,772.6586006197099,484.59608383272354,0.62718008114328,668.1029278665873,0.3443469057346442,0.8288513971321156,0.14726014529881767,0.17114860286788436,2.274601586788367,1.1624002952367918,0.5048240339840494,0.6346223076809021,278750.5610000296
base,question_only,question_only,4,10,3840,606.8016492035167,496.72824414178956,0.8186006824368234,691.3687782419112,0.47879491792259543,0.7536286005909357,0.1866271638732961,0.24637139940906427,2.474119140298307,1.2377748106885125,0.5375587701208631,0.6016368591830733,294176.96642974607
base,question_only,question_only,5,10,3840,1114.3395339904305,459.20052025324895,0.4120831274906487,657.3577780680837,0.17163196530992467,0.9194897272670415,0.05384586139970783,0.08051027273295852,3.554501233712075,1.4839809110522164,0.6444847209197379,0.449827055333736,255920.2459496013
base,question_only,question_only,6,10,3840,1129.057671445366,511.6399203934692,0.4531565865351162,733.3724411933624,0.1882829155325288,0.9110066819895641,0.05513013292210843,0.08899331801043586,3.7889325657374555,1.4972104480250035,0.6502302358251544,0.39108823091530837,321668.06618102104
base,question_only,question_only,7,10,3840,1265.5596281246014,673.4982285654936,0.5321742362811714,975.2046893607961,0.2207988289790955,0.8937404085771379,0.07328457351736409,0.10625959142286212,3.234564962654942,1.4008500100966077,0.6083814293590712,0.4652587415074196,579952.1032532759
base,question_only,question_only,8,10,3840,2156.1503520908127,855.4006093014711,0.39672586305124374,1198.8950030713763,0.08520973124942564,0.9599186526398732,0.01854945988776978,0.04008134736012681,2.113540790679334,1.1165302954475331,0.48490294619067104,0.6649073473943964,918212.2146389451
base,question_only,question_only,9,10,3840,3508.0072303797533,979.3184916248358,0.2791666115006328,1349.4374834329876,0.034215639122509627,0.9841831067107034,0.004681993686176757,0.015816893289296585,1.862572767711815,1.0214393605311904,0.44360547787748217,0.719548211881494,1133264.5080802676
base,question_only,question_only,10,10,3840,3824.8054926150626,1270.5823508429032,0.33219528504028356,1737.7813298990511,0.034683621189254596,0.9837040499868189,0.0032878634553880595,0.01629595001318107,1.5106667617805778,0.7812549877778333,0.3392947301513054,0.8080327416493479,1962404.8907071438
base,question_only,question_only,11,10,3840,7257.550943155634,1688.1481797090933,0.23260576369789482,2333.965209737518,0.012021331830591332,0.9945014496456505,0.0018897376535707401,0.005498550354349541,1.3144878215707065,0.5982714284246423,0.2598259800451984,0.8699503442861504,3775329.391353322
base,question_only,question_only,12,10,3840,7526.697607996518,1749.9850931640729,0.23250370671260295,2474.6880719167557,0.01337373389716051,0.9938871732123079,0.0022107666857317837,0.006112826787692094,1.3632976731568551,0.6584718605504885,0.28597069552564464,0.8536052902668164,4075522.3473457396
base,question_only,question_only,13,10,3840,8815.233907769378,1710.1321187670947,0.19399736146080657,2487.859191123145,0.011319121967675325,0.9948568730448579,0.0020852886671950017,0.005143126955142074,1.4694772997598802,0.7747045308576899,0.33644990285694215,0.8206536993153765,3978284.5366193894
base,question_only,question_only,14,10,3840,14897.107577132252,2038.2304808599688,0.1368205519297415,3163.971867766354,0.005133710209507347,0.9976783414285071,0.0010453072382394296,0.0023216585714929128,1.3492602134669394,0.6533394514094881,0.2837417185568384,0.8583943690443862,6736374.001609026
base,question_only,question_only,15,10,3840,19508.592577715608,2203.265308329027,0.11293819887580132,3374.3633303696993,0.003352274112077707,0.998487186533454,0.0006669838674029539,0.0015128134665459703,1.3830603676419484,0.695136470395825,0.30189393326260994,0.8474452117815363,7277980.985527594
base,question_only,question_only,16,10,3840,24191.66887185409,2240.059494460142,0.09259631926701634,3452.1595702881523,0.002668562409784372,0.9987963146227956,0.0005743854304768349,0.0012036853772043887,1.420776401854776,0.7415166551963143,0.32203659159111553,0.8356996639486155,8024076.421101968
base,question_only,question_only,17,10,3840,27585.976947049883,2849.16100789175,0.103282947468585,4476.420250301332,0.002402095590197158,0.998915869928398,0.0004481099075500743,0.0010841300716020186,1.2647967869667722,0.5575415291016359,0.24213720952074175,0.8878394687886838,14138092.01264562
base,question_only,question_only,18,10,3840,31836.278343364782,3207.0818455006665,0.10073670706453905,5070.533315746227,0.002257380800145602,0.9989798546475281,0.0005029881450299159,0.0010201453524718573,1.1984775957223752,0.45982651404508523,0.19970011768258863,0.9126999317365481,21875375.250438217
base,question_only,question_only,19,10,3840,36229.600212472746,3786.633714058998,0.10451767868957537,5898.64822107067,0.0021953814192234187,0.9990071108358054,0.0004960339499608662,0.0009928891641945992,1.163316386559172,0.3998847974047605,0.17366776090988728,0.9266246542700575,32925670.217421487
base,question_only,question_only,20,10,3840,39174.521742029676,4281.0252694566025,0.1092808560024758,6909.977261274004,0.0020320557937888177,0.9990813514563447,0.0004121241234854382,0.0009186485436553093,1.1444789807811682,0.36455904776247355,0.15832598277114626,0.934322119752529,40795749.171031386
base,question_only,question_only,21,10,3840,42387.392106331274,4715.813070037814,0.11125508873506346,7471.688779307786,0.0020319001610454857,0.9990805831148274,0.00044394253143986777,0.0009194168851726081,1.1316849940749458,0.34033352699324343,0.147804972779837,0.9396623784634922,50994521.79024859
base,question_only,question_only,22,10,3840,47612.88719855868,6760.0070020210915,0.14197851463680464,10132.278390458821,0.0020808658845950746,0.9990554443154764,0.0005160793967777535,0.0009445556845235625,1.0899759855118605,0.2542475153012336,0.11041829293293831,0.9576613359732253,87948355.23273528
base,question_only,question_only,23,10,3840,53519.7500828808,8407.877547633161,0.15709859509083476,12011.618439760245,0.00250160288287391,0.9988637583797356,0.0005521494254594845,0.0011362416202643777,1.103245400000141,0.28073590110893537,0.12192205272374762,0.9518052789466733,115895679.47359823
base,question_only,question_only,24,10,3840,60205.10303047505,11269.3640948034,0.1871828720083577,15725.00371864964,0.002805640893432409,0.9987183370968017,0.0006929449016879245,0.0012816629031983107,1.0762424859823083,0.22371177084236366,0.09715678761364331,0.9638044497831593,184074063.9876598
base,question_only,question_only,25,10,3840,66618.67079261961,12549.070679775741,0.18837167614527064,17638.101489269357,0.002984157448364597,0.9986341601721067,0.0007692777306625169,0.0013658398278932893,1.0744332020136542,0.21891410083989302,0.09507318600557756,0.9646174913191494,230009053.41266215
base,question_only,question_only,26,10,3840,67720.09598733514,11906.621492660404,0.17582109592530928,16915.261850151113,0.0036287480908255695,0.9983430802557303,0.0009059926831772376,0.0016569197442697359,1.1077753749393253,0.2907772244584847,0.12628294404546317,0.9498476038164279,210280711.71935436
base,question_only,question_only,27,10,3840,70117.11148720136,13835.780826518112,0.19732388475591425,19540.77786778358,0.0050826653930362295,0.9976718967108191,0.0012880526201441247,0.0023281032891808717,1.124017329100129,0.3231294038864501,0.14033331704857244,0.942874517758599,274720408.0035286
base,question_only,question_only,28,10,3840,71612.12243930287,12742.157150491415,0.17793296325341337,18185.09532850616,0.006735974985927654,0.9969288507581945,0.0015707557569499334,0.0030711492418055153,1.232655094202205,0.5040388956763855,0.218901311056863,0.8994629482428259,236144101.9074757
base,question_only,question_only,29,10,3840,75272.44356326306,13188.404570188743,0.1752089336531833,18934.38625767071,0.00836396891684213,0.9961908667678138,0.001889656805501221,0.003809133232186235,1.3253874615754224,0.6318941915402196,0.27442816053263386,0.8664442679904925,245366197.03503555
base,question_only,question_only,30,10,3840,74835.68615013314,13971.30558106933,0.1866930912217536,20037.285083959232,0.01022903790217363,0.9953331163300201,0.0025590813075644352,0.0046668836699799154,1.3416527535205376,0.6534271122386069,0.2837797891712038,0.8610578740178493,268578506.5771363
base,question_only,question_only,31,10,3840,78708.26838644734,15341.636160933209,0.194917719261816,21889.540799303788,0.010208133230745115,0.9953390183992223,0.0025596672965011954,0.004660981600777658,1.3067034396270034,0.6113903573606145,0.2655234584905721,0.8730068914196925,317686039.80434984
base,question_only,question_only,32,10,3840,79799.13988800583,15803.85476915958,0.19804542744871076,22456.690783104885,0.012821636194249083,0.9941482790983622,0.0037038012015683623,0.005851720901637769,1.3850717882854127,0.7040388214249612,0.30576017519052956,0.8469855481619039,326240746.37277937
base,question_only,question_only,33,10,3840,81389.14220413001,17028.755701820275,0.2092263813164524,24081.39269038166,0.015224530271545881,0.9930439673975211,0.00477668481052837,0.006956032602478901,1.407973397526807,0.7262321666554616,0.3153986225591097,0.8397182885749028,372738807.5712394
base,question_only,question_only,34,10,3840,84756.34149453464,17902.826683597857,0.21122698747859814,25364.01747958659,0.01706948619102716,0.9922029104806699,0.005200076779700029,0.007797089519330114,1.4778968017342007,0.7967315629284033,0.34601612133795895,0.8185748431993496,403674310.1336115
base,question_only,question_only,35,10,3840,94244.55049210126,18694.576678895748,0.19836241545300343,26516.27979240182,0.01770028499330002,0.9919316851808834,0.00563758856098896,0.008068314819116629,1.5997889773437501,0.902003722203163,0.39173523920902736,0.7846895529291866,431416481.57898223
base,question_only,question_only,36,10,3840,96165.8208215699,19540.034711151624,0.20319105628398915,27767.916086668403,0.01977382139330159,0.9909834261939034,0.006340968311612324,0.00901657380609655,1.6753133456401255,0.9574522960806107,0.4158162488734076,0.7651663069103735,471720785.9616509
base,question_only,question_only,37,10,3840,105658.78993845727,22211.92183209821,0.21022313283197658,31544.671996518104,0.01963577552979407,0.991041000846385,0.006404152575689761,0.008958999153614977,1.6264385827000816,0.9133276831441587,0.3966531729589897,0.7769439925467286,614512124.0729752
base,question_only,question_only,38,10,3840,112706.57016236382,23605.611679625275,0.20944308433500636,33635.095968958165,0.02041531402689234,0.9906875087983822,0.007233129242945608,0.009312491201617812,1.6618766954297133,0.9343416951154324,0.40577944240076275,0.7675842913080402,698585870.1576561
base,question_only,question_only,39,10,3840,119656.65148848927,25204.979058557066,0.21064419524544137,35908.74451555997,0.021763916508675984,0.9900734126059294,0.007995268446769642,0.009926587394070596,1.7115737602309609,0.9671538877525987,0.4200295966022306,0.7551934218570552,791167122.903587
base,question_only,question_only,40,10,3840,129761.05711466903,27370.827090127066,0.21093252242804741,38905.55939594215,0.02339710777895036,0.9893260698389158,0.008596615954273034,0.0106739301610842,1.7811443358449728,1.0066538046111237,0.43718419252952523,0.7381089690551539,919747229.3826985
base,question_only,question_only,41,10,3840,145062.93589069406,26901.805484205175,0.18544920050753608,38621.83019063337,0.021332983664665503,0.9903055879402926,0.006858628792705156,0.009694412059707447,2.168853986258627,1.196244931554707,0.5195225727789424,0.6562615191001879,875429461.2962201
base,question_only,question_only,42,10,3840,157894.86866262575,30067.975125233457,0.1904303501431687,43175.10475417284,0.021661777311006443,0.9901463484554964,0.007652751597294148,0.009853651544503572,2.028400311978854,1.1322154891706935,0.4917149392722231,0.6835069936220769,1116127073.013217
base,question_only,question_only,43,10,3840,163049.77816930795,30869.980399938748,0.18932856423689162,44613.16718199297,0.02381362903741051,0.9891664463575223,0.008330105418839284,0.010833553642477733,2.196871200027205,1.2028622422325745,0.5223964342913797,0.650463807210303,1182401225.416496
base,question_only,question_only,44,10,3840,175217.9082078937,34073.7054589794,0.19446474283068946,49071.259856995144,0.024326066445087176,0.9889224140335523,0.009134127022933017,0.0110775859664477,2.0605343034159445,1.1454743105801293,0.49747317224688176,0.6772352539768856,1450545252.2142837
base,question_only,question_only,45,10,3840,186983.79032830632,35649.11989948993,0.1906535311798802,51207.232749918556,0.025076489455374367,0.9885821886335165,0.009353581217331399,0.011417811366483455,2.1024248562324956,1.1779621421447697,0.5115824582244074,0.6709059894785617,1561371155.841895
base,question_only,question_only,46,10,3840,194843.18871330205,35891.700328547464,0.1842081345802627,51042.300011187304,0.02451612715719431,0.9888543326041465,0.008397064394858447,0.011145667395853542,2.2307659107309674,1.2477996213025906,0.5419124900526824,0.6494915100579987,1505549508.1322126
base,question_only,question_only,47,10,3840,214280.96651747514,36741.34234458868,0.17146339659426696,52332.61439392956,0.0216954869957213,0.9901561920057377,0.0066844830920573545,0.009843807994262321,2.4760253320078713,1.3446789165261104,0.5839866333789331,0.6100244541569623,1548813996.6153967
base,question_only,question_only,48,10,3840,118.81377031704626,86.16064784918125,0.7251739223430654,127.54342163889237,0.3943660620396643,0.8022769617613635,0.13680340684464162,0.19772303823863646,4.182866884541704,1.6391094545225582,0.7118561913345961,0.35205034409272706,9329.708968012625
instruct,target,target,0,100,3840,33.090804289724495,47.434391420151194,1.4334614234468546,59.22937131559537,0.701241628946479,0.5529574448224773,0.35398058424939194,0.44704255517752267,3.629517443501097,1.4552516258218668,0.31600387543758623,0.44551104998516183,2481.1808868180815
instruct,target,target,1,100,3840,737.7752590642463,525.9245799328423,0.7128520148532705,633.2840878491702,0.3535868252223957,0.7973476203467834,0.21097855295072493,0.20265237965321659,1.5553564520373993,0.773028603112053,0.16786102834247177,0.7934302220760011,289959.6068935339
instruct,target,target,2,100,3840,752.9018910330196,494.87362687347996,0.6572883303487093,601.0092771058263,0.31494619219550746,0.823503086793698,0.175174129659764,0.176496913206302,1.7000612288703263,0.8744511617023503,0.18988465711060942,0.7547111360216685,257899.8507198983
instruct,target,target,3,100,3840,668.9205010173398,462.3456671253324,0.691181786807498,577.9305784623353,0.3608950330180824,0.7981840972119183,0.1806630928840279,0.2018159027880817,2.046679395507424,1.0866947552444144,0.23597276785792698,0.679137022158067,229243.18129981362
instruct,target,target,4,100,3840,512.8555821370802,443.85378968839456,0.8654557055591467,560.9795825027801,0.45958349747243965,0.7374105371533378,0.18652442684080814,0.2625894628466622,2.4661938699290893,1.2426428405114818,0.26983646430535957,0.6036635636046767,212081.1069590732
instruct,target,target,5,100,3840,884.6083565766402,422.40014113413764,0.4774996053268026,551.6028718171847,0.19660300412346562,0.8973035447142498,0.06973476592646628,0.10269645528575022,3.573822363550964,1.4861072865627871,0.32270409703521646,0.4382071952931288,197828.72916476117
instruct,target,target,6,100,3840,1008.2248716994798,446.5451997754575,0.44290238448765246,584.3123639166575,0.17220827566506258,0.9106400437479671,0.05431595171021502,0.08935995625203286,3.7191305886393313,1.5438041090749353,0.33523280285540513,0.4307989898550798,221144.5021486245
instruct,target,target,7,100,3840,1032.440033189732,608.670351774008,0.5895454769353677,794.0988811557398,0.22229950812384433,0.8802407645570534,0.07319844148127133,0.11975923544294664,3.160423918041433,1.4331829707903598,0.3112117278859813,0.49312340914389974,418326.6735860624
instruct,target,target,8,100,3840,1827.5006240863402,725.7708948201252,0.3971385209145821,930.3183506016128,0.08219476368318547,0.9573817257214311,0.018491686241133686,0.0426182742785689,2.3741177574572907,1.2582646799518924,0.273228703638434,0.6199070768384906,580783.9092408931
instruct,target,target,9,100,3840,2683.137772194403,877.4023830354877,0.3270060867272962,1112.2920195053925,0.04238278130166221,0.9782307798377601,0.006588790562625102,0.02176922016223992,1.8975951990336493,1.0807214621902246,0.23467568375181416,0.7126370033165658,830717.0386528131
instruct,target,target,10,100,3840,2942.9933437797013,1226.2159179457385,0.4166560283044687,1512.9676502623963,0.044221671728875415,0.9763553878210816,0.003459196885170803,0.023644612178918445,1.4518897804639794,0.7614178393011176,0.16533978301558616,0.8257460718612929,1607087.6760575979
instruct,target,target,11,100,3840,5897.119646865425,1600.137887111602,0.2713422794401237,2016.8932038160071,0.013265525389579636,0.993255289288674,0.001562891126687933,0.006744710711325985,1.2957270283896298,0.6049826989239315,0.1313703238947999,0.8767151416453096,2888245.560732705
instruct,target,target,12,100,3840,6182.432957930698,1480.8322986264254,0.2395225809487904,1909.7150516095787,0.01449220244114691,0.9927072564266455,0.0025782265467997802,0.007292743573354521,1.4584775432075754,0.8056736669944808,0.17494981389523054,0.8242690342406219,2527736.2853014525
instruct,target,target,13,100,3840,6950.363043029705,1670.5953338760548,0.24036087374621973,2268.8989816606954,0.013866199129323322,0.9930154300558407,0.00220987867779233,0.006984569944159302,1.3794799380887208,0.7348257484041646,0.15956538384617797,0.8489067792937299,3557868.6255900064
instruct,target,target,14,100,3840,12713.652835801804,1859.4586458173767,0.14625683663322298,2556.499929437468,0.005234084184153258,0.9973968154131275,0.0009764609811967642,0.0026031845868724757,1.3810073932338476,0.7457599061942384,0.1619397060424222,0.8484844608648187,4689816.044837472
instruct,target,target,15,100,3840,16802.515221256268,2402.3525985072406,0.14297577278597606,3225.471306289532,0.003579682456024253,0.9982217970145716,0.0007237996028008998,0.001778202985428412,1.2790213031325646,0.6178069423414329,0.13415507297020238,0.8828633462340091,7415001.074526607
instruct,target,target,16,100,3840,21056.64039192269,2041.7927726966561,0.09696669243968692,2861.041182765695,0.0028337665719455705,0.9985950328115446,0.0005639522290154887,0.0014049671884553971,1.6107068861126093,1.0238933041949236,0.22233560603477148,0.7830075689221259,5142971.546203476
instruct,target,target,17,100,3840,23517.579421288676,2344.0135699232833,0.09967069858394637,3326.6523828186373,0.002648432329260103,0.998686624759103,0.0004141327329875971,0.00131337524089703,1.4703688140509683,0.9012894087852795,0.19571250841664553,0.8218893496075883,7284463.912219594
instruct,target,target,18,100,3840,28616.869995498553,2441.905798966072,0.08533098830690375,3467.857261550025,0.002332420060763126,0.9988438443468906,0.0004407128070511469,0.0011561556531094475,1.6036489531205942,1.0757781458400029,0.23360225624521244,0.7858272603927269,7840771.367165134
instruct,target,target,19,100,3840,34469.86595317148,3611.146135112702,0.10476240725793858,5176.808094376587,0.002084249510525301,0.9989660689170959,0.00041610473873824195,0.0010339310829040604,1.267722243225298,0.648534308341588,0.14082743571884684,0.887200437233905,18863322.568456106
instruct,target,target,20,100,3840,38057.13373647624,4045.477025444201,0.1063000974654792,5974.901400015836,0.001993337796858889,0.9990111769037342,0.0003842810551691865,0.0009888230962658007,1.2229222222704503,0.5765535706889726,0.1251970171359186,0.9036077154587725,26144445.055217482
instruct,target,target,21,100,3840,42022.21629072183,4344.086931208088,0.10337595954374323,6264.592238179971,0.0020140060287942995,0.9990011068283812,0.0003855414849084203,0.000998893171618831,1.2663225929867694,0.6580463039520742,0.1428929393216079,0.8877519236426592,27757173.840589404
instruct,target,target,22,100,3840,48866.59215522152,6330.627720129089,0.1295491959009596,8404.602129962466,0.0020605041396379318,0.9989763660585979,0.0004454147048719595,0.0010236339414021467,1.170911155968483,0.4840912690733172,0.10511908344804197,0.9237777794579783,52782310.65184545
instruct,target,target,23,100,3840,53402.140983516554,7586.342223224003,0.14206063808500957,10164.512818036274,0.0025611306260865294,0.9987265222018731,0.0005345545312183969,0.0012734777981269207,1.177353836577393,0.494679834005073,0.10741836110860989,0.9211915334004289,76064051.44127454
instruct,target,target,24,100,3840,59514.37017621475,9546.337360534766,0.1604039046749421,12453.093529662274,0.0029281544005178082,0.9985409771619461,0.0006313566016869914,0.0014590228380538806,1.1566616437597859,0.4576805205878092,0.09938406228294659,0.9295208492302429,111366246.7298621
instruct,target,target,25,100,3840,62855.048044160176,9628.796185264277,0.15319049917039848,12649.398314462605,0.003362625078026241,0.9983245125202117,0.0006944545150041726,0.0016754874797882957,1.1985414095193951,0.5398845288427797,0.11723443587067811,0.9129215771861355,115737544.23016724
instruct,target,target,26,100,3840,64915.3253002035,10084.392133364976,0.15534686280518975,13370.524561192662,0.003955542443396674,0.9980281301163969,0.0008183054114432176,0.0019718698836030946,1.227826773847037,0.5876178284668474,0.1275995901855617,0.9017665209308701,130612320.51002094
instruct,target,target,27,100,3840,66698.38323268852,11767.139257225796,0.17642315580835224,15822.964021506285,0.005394751411802907,0.9973031131746566,0.0011909660815255301,0.002696886825343414,1.2305303992936796,0.58454078085028,0.1269314177853473,0.9007191373750163,184209950.13431746
instruct,target,target,28,100,3840,66321.56394557729,11157.181595332655,0.16822856596819866,15153.826006380894,0.007453777600882757,0.9962812293887177,0.0014325249995381405,0.0037187706112823404,1.4317501831710386,0.8698584561793593,0.18888736377778864,0.8331031053919558,160591731.9200291
instruct,target,target,29,100,3840,68406.19274234143,11601.049685176313,0.16959063529339796,15864.418696661975,0.009251676280591299,0.995385641311985,0.0016953753442615794,0.004614358688014963,1.5967240139103605,1.0431108044977793,0.2265086332035236,0.7866743326153368,168507039.90907186
instruct,target,target,30,100,3840,67817.92261012938,11914.24730290016,0.17567992124135975,16288.535770832661,0.011048207688201535,0.9944844303643885,0.0022776698623337465,0.005515569635611506,1.6748773845000984,1.1192907981976672,0.24305090865116652,0.7670813280881035,175574865.21139985
instruct,target,target,31,100,3840,67310.71268108877,12075.317966039494,0.17939667379917826,16559.245615284428,0.012087136348558822,0.9939639324973305,0.002483467627288145,0.006036067502669495,1.7274858895739873,1.1693799843390198,0.25392763722327366,0.7548475278255327,177575740.81174853
instruct,target,target,32,100,3840,68083.6393071891,12311.612816684645,0.18083070972653828,16931.91660222124,0.015352574275028391,0.9923327641137694,0.003826729661835826,0.007667235886230639,2.005618850994747,1.3646035493240343,0.29631989572851,0.6962741439256369,178639741.6879158
instruct,target,target,33,100,3840,69622.59361846285,13162.552420221251,0.18905576101276902,18015.124834140468,0.017894541647700515,0.9910585447776173,0.0048239970997753,0.008941455222382655,2.1225183462650117,1.4298451533465444,0.3104869300372565,0.674899337866136,197955855.21844682
instruct,target,target,34,100,3840,73141.82488857459,14163.278373005129,0.1936413043369056,19416.79366542856,0.02000468897396285,0.9900008984604617,0.0053850077554316155,0.009999101539538313,2.270544836587884,1.506452247399965,0.3271219491482786,0.6498740397530886,225987803.56893778
instruct,target,target,35,100,3840,81001.84500785977,14928.011934444798,0.1842922458494162,20620.241197598334,0.02105005888719247,0.9894862801167821,0.006042413675476581,0.01051371988321792,2.6287038752425156,1.6477353484931092,0.35780118474374445,0.5967295944879566,250386846.3297712
instruct,target,target,36,100,3840,81591.89274420979,15656.251269649476,0.19188488884222543,21607.862803936805,0.024133599172616715,0.9879392752594821,0.007022122427293899,0.012060724740517892,2.8629342671638045,1.737571530005004,0.3773088636966819,0.5672577020068208,270905283.5403125
instruct,target,target,37,100,3840,86533.06247426523,17455.50746114921,0.20172067140626676,24017.52166944621,0.02550396650026514,0.9872425774367334,0.007788579618314597,0.012757422563266618,2.6816972350861206,1.6665867493156346,0.36189471442042903,0.5890282344313755,336989047.9344909
instruct,target,target,38,100,3840,91733.26357934448,18617.029020621863,0.2029474183540751,25648.888958861167,0.02696291994518233,0.986508752234887,0.00911914753902707,0.013491247765113012,2.764271196329789,1.6795488297359806,0.3647093944207003,0.5772851636373841,385162078.68534017
instruct,target,target,39,100,3840,97697.79270645251,19869.537202643834,0.2033775446938172,27363.510991886276,0.028356893401979975,0.9858100773830478,0.010246068260919896,0.014189922616952177,2.908083428238334,1.7125587557715516,0.37187740878334175,0.5583184727659659,438152208.47641546
instruct,target,target,40,100,3840,106764.01132191546,21948.359016170707,0.20557825379932465,30169.59371495164,0.02961176786997838,0.9851748617968277,0.01084440259471666,0.014825138203172328,2.9204836522793074,1.7087921328109967,0.3710594969997522,0.5558129934377067,533078540.19321126
instruct,target,target,41,100,3840,121576.54893474035,22491.50864664392,0.18499874230446264,31104.339413113135,0.026607523479822787,0.9867126995607249,0.008551860850294971,0.013287300439275063,3.705421428227375,1.87522543406834,0.4072000291702551,0.4656063749361072,556242108.1137829
instruct,target,target,42,100,3840,129814.46093505475,25759.367178284214,0.19843218538781623,35560.72068111831,0.028521858637272832,0.9857327979501656,0.010531556260513017,0.014267202049834449,3.120524812991504,1.7382783671921016,0.3774623514416621,0.5285538172373686,742399201.9868538
instruct,target,target,43,100,3840,135059.51029088008,27361.572889934472,0.20258901302844476,37820.66052563798,0.03097033270548751,0.9844944483054004,0.011983665905484463,0.01550555169459955,3.141903722779507,1.7358092485022445,0.37692618913057757,0.5246149566813083,846323199.5169884
instruct,target,target,44,100,3840,144535.55630214166,31267.91434630838,0.2163337184723249,43007.58986721762,0.033078996219915474,0.9834022983632199,0.014739507982286222,0.016597701636780093,2.637446064535457,1.5771889218286093,0.3424822228345521,0.5890366004083364,1124483623.8640409
instruct,target,target,45,100,3840,156546.74703179428,33295.83133728331,0.2126893849191322,45704.16784221899,0.033209390490792065,0.9833344324771923,0.014987294625462045,0.01666556752280768,2.632156521751597,1.593350406255555,0.345991644587546,0.5913200608535062,1272198684.4724996
instruct,target,target,46,100,3840,170546.17423628736,34552.937636574134,0.2026016578284654,47167.17244944162,0.030794747067504197,0.9845682096749414,0.0131602710662253,0.015431790325058592,2.7143798427774413,1.652085798940547,0.35874587305530237,0.5824320983542476,1335716575.4628541
instruct,target,target,47,100,3840,193717.61906884922,35646.65827228052,0.1840135060694264,48755.54949180447,0.025916043858457683,0.9870445622303236,0.010114103859155541,0.012955437769676448,2.929338168840011,1.7422259511984641,0.3783195584170685,0.5568164223258871,1398073372.29382
instruct,target,target,48,100,3840,104.73708656537973,97.79275450280164,0.9336974868186335,136.0880076931521,0.4578337157720634,0.7365483055125552,0.1642395774759487,0.26345169448744477,4.170645454451794,1.8900352439918637,0.41041593853416625,0.3907034652769687,11446.761821452823
instruct,target_word_shuffle,target_shuffle,0,100,3840,33.090804289724495,47.434391420151194,1.4334614234468546,59.22937131559537,0.701241628946479,0.5529574448224773,0.35398058424939194,0.44704255517752267,3.629517443501097,1.4552516258218668,0.31600387543758623,0.44551104998516183,2481.1808868180815
instruct,target_word_shuffle,target_shuffle,1,100,3840,738.5955049149914,526.3250897959279,0.7126026171205909,633.2418448523272,0.35322530942605707,0.7975466957997936,0.2111411562944489,0.20245330420020635,1.5521726931534505,0.7702953278104945,0.1672675051519771,0.794317894397523,290341.85233865463
instruct,target_word_shuffle,target_shuffle,2,100,3840,751.4858892044872,492.934818090808,0.655946871620732,598.7570946506119,0.31408727953335525,0.8240920641210034,0.1744785246626775,0.17590793587899656,1.706114477389675,0.8777976220237096,0.1906113317363467,0.7531461111511342,255924.36313253143
instruct,target_word_shuffle,target_shuffle,3,100,3840,678.1838980324451,464.7307763502574,0.6852577563379769,580.7272230244924,0.3564909413277672,0.8007761793469262,0.17932398794080648,0.19922382065307376,2.0305106569543403,1.0791215329401684,0.23432826352944666,0.6823310821752295,231513.01813246674
instruct,target_word_shuffle,target_shuffle,4,100,3840,509.93158450198416,444.5612348811357,0.871805646860074,562.4645690278386,0.46295701652626203,0.7351424854186297,0.18792567213289782,0.2648575145813703,2.4582947751458355,1.242793990047556,0.2698692860100892,0.6049155869980242,212782.88051196493
instruct,target_word_shuffle,target_shuffle,5,100,3840,887.688713880273,417.1138087637323,0.469887475464727,544.4774745443071,0.1933544650830946,0.8991252421214306,0.06962222362056414,0.10087475787856937,3.5455635610504155,1.485876764274717,0.32265403975638424,0.4446486091811572,192952.1873048127
instruct,target_word_shuffle,target_shuffle,6,100,3840,982.7962405980753,458.0764846586025,0.46609507213808843,599.9921076141779,0.17314337220557852,0.9096553966717852,0.04964682004263686,0.09034460332821481,3.6476231504562446,1.5321073465204798,0.3326928831386388,0.4342803836019426,231544.58395313457
instruct,target_word_shuffle,target_shuffle,7,100,3840,963.2297965422346,593.5097480173991,0.6161663085464726,774.7122014221928,0.24253899323495945,0.8683923495501379,0.08068233099220694,0.1316076504498621,3.196543129157056,1.445213632160348,0.3138241528092975,0.4879111014604862,395056.8291743585
instruct,target_word_shuffle,target_shuffle,8,100,3840,1810.537992127398,693.9087513428966,0.3832610828163553,895.8594924429458,0.08199658998998387,0.9577055693112928,0.020265316697806436,0.042294430688707196,2.498732466231564,1.3018352982374517,0.2826899431856997,0.5984010253019987,536747.4898570053
instruct,target_word_shuffle,target_shuffle,9,100,3840,2830.5940181430915,725.1153573991802,0.2561707375736156,945.9136283542052,0.03781240520625489,0.9809307064504895,0.008768497864116653,0.01906929354951048,2.5934326445010383,1.3745644304807587,0.2984828735891397,0.5876909009831542,576524.6968657216
instruct,target_word_shuffle,target_shuffle,10,100,3840,3041.215730988258,1000.2596970001312,0.32890126366507105,1268.2903433113268,0.038869371572092845,0.9799525820110463,0.004181196284784063,0.02004741798895371,1.7461352405162112,1.0086890741080574,0.21903404942061477,0.7472178581890624,1072395.3757492204
instruct,target_word_shuffle,target_shuffle,11,100,3840,5851.237173111246,1311.4057061609135,0.22412451715123466,1681.0834571740866,0.013055739896528085,0.9934285480512911,0.0021189911743810133,0.006571451948708895,1.4465032186584563,0.7801827948332307,0.16941454133596445,0.8275823942419439,1984106.7096162476
instruct,target_word_shuffle,target_shuffle,12,100,3840,6212.44093846179,1150.9325079929517,0.18526252714410904,1543.9380748800788,0.013782472009512494,0.9931180914766361,0.003069295266478163,0.0068819085233639,1.8434382846733797,1.1052415951157446,0.24000016296435794,0.7252564869609172,1585886.9140359454
instruct,target_word_shuffle,target_shuffle,13,100,3840,7121.209373291782,1277.9427522721155,0.17945585999269473,1762.5778937198636,0.01288221254333964,0.9935802242478986,0.0031245560985313377,0.006419775752101398,1.8767398047094879,1.1436841184951814,0.248347850851421,0.7182042271024055,1984413.181801722
instruct,target_word_shuffle,target_shuffle,14,100,3840,12231.210449759157,1445.6996033879736,0.1181975904450602,2026.3797006381906,0.005416889571971799,0.9973110878018951,0.0012100610656441474,0.0026889121981048536,1.817886838412373,1.126012527247853,0.24451051356883874,0.7316503139497572,2637364.3339976794
instruct,target_word_shuffle,target_shuffle,15,100,3840,16703.096552058167,1778.5190183955385,0.10647840134626943,2490.456193115384,0.0034563259672870197,0.9982854465559086,0.0008975446735431598,0.0017145534440914378,1.5830194221174099,0.9544190033027227,0.20724945327898694,0.7892187361906206,3993731.0352725247
instruct,target_word_shuffle,target_shuffle,16,100,3840,21274.14770306865,2081.7394387537825,0.09785301238899952,2903.1719541746156,0.0027259697371549187,0.9986473454787906,0.00075965035502029,0.0013526545212093621,1.448740244121279,0.8559399462504172,0.18586499774856108,0.8279812151244188,5484210.7849507835
instruct,target_word_shuffle,target_shuffle,17,100,3840,24093.221638907173,1900.6308101057596,0.07888653657825932,2659.3843143774275,0.002497881287959899,0.9987622872925157,0.0004936530582237139,0.0012377127074842953,2.0383148548869694,1.332204447940761,0.2892845202538202,0.688902438244194,4290815.224743567
instruct,target_word_shuffle,target_shuffle,18,100,3840,29361.92822971706,2322.294381760744,0.07909202568686757,3317.819361744259,0.002265970245018519,0.9988768334027128,0.0005164801605303198,0.001123166597287173,1.6847169838281315,1.124379794635727,0.24415597018690385,0.7654489721515247,7066811.662608365
instruct,target_word_shuffle,target_shuffle,19,100,3840,36376.10709064935,3477.909625625448,0.09560972582795868,4791.288206113279,0.0019307352741381367,0.9990421994326623,0.0004455516793030398,0.000957800567337741,1.306704489231331,0.6950484112903241,0.15092784483950478,0.8735320277359504,16568264.858821485
instruct,target_word_shuffle,target_shuffle,20,100,3840,39870.16214154424,3969.2643914795963,0.09955475920534743,5566.616569315792,0.0018504519996864993,0.9990823191442472,0.00040429589842187524,0.0009176808557528338,1.2751234675802487,0.6464564105601351,0.14037622594862487,0.8844776176072845,22023846.614917263
instruct,target_word_shuffle,target_shuffle,21,100,3840,43403.66087293043,4229.282877628663,0.09744069492226498,5854.700803113168,0.0018890859441763584,0.9990631824367512,0.00042486436098241595,0.0009368175632488152,1.2992023847160659,0.6881812936181653,0.14943666918370535,0.8761117553554628,24568652.766650792
instruct,target_word_shuffle,target_shuffle,22,100,3840,49858.96003287091,6577.770442515823,0.13192754999661532,8579.78131994138,0.00196960768436881,0.9990212464526955,0.0004938984833519896,0.0009787535473044784,1.1515707627144625,0.42921703205409856,0.09320329427999308,0.9315519405741103,55543592.8191181
instruct,target_word_shuffle,target_shuffle,23,100,3840,55932.381221137104,8280.926086662856,0.1480524502241906,10696.830197799929,0.002308306798022991,0.9988513869969912,0.0005640506310451926,0.001148613003008836,1.139471892395386,0.4006564160092498,0.08700143530597543,0.9365149907986016,87815315.9636883
instruct,target_word_shuffle,target_shuffle,24,100,3840,59150.691755167936,9635.367997185991,0.16289527157295094,12333.512906299198,0.0028873146867129463,0.9985610432895826,0.0007398437776264567,0.0014389567104173828,1.1438473265113185,0.4151663862888986,0.09015223531849126,0.9347278588692506,110412276.04349972
instruct,target_word_shuffle,target_shuffle,25,100,3840,61972.49264208534,9287.874266676186,0.14987091644541692,12216.303989661159,0.003273468548902498,0.9983687409397837,0.0007746899374093114,0.001631259060216328,1.187472475607725,0.5004515893773778,0.1086716818631536,0.9171671239090502,109886136.2558313
instruct,target_word_shuffle,target_shuffle,26,100,3840,63441.47633857555,9401.922597497825,0.1481983576063313,12391.08760460661,0.0038515663226281055,0.998080457430539,0.0009097039766451767,0.0019195425694610302,1.230044226560744,0.5738659247399102,0.12461340223342489,0.9008784310063499,115713720.24917589
instruct,target_word_shuffle,target_shuffle,27,100,3840,64422.781172734314,10660.874447327995,0.16548298991847937,14249.91709100366,0.005236926684416372,0.997384654925844,0.001262944016118749,0.0026153450741559503,1.2492307274924352,0.5972524303976704,0.1296917174125071,0.8937357619176833,151754085.65121385
instruct,target_word_shuffle,target_shuffle,28,100,3840,63367.39507939627,9659.051076206244,0.1524293536779273,13124.809650651623,0.0071915615350065555,0.9964169998112993,0.00152989184274141,0.0035830001887007246,1.5208463494168918,0.9388788546822405,0.20387495288207103,0.8068798240514271,120963050.42243071
instruct,target_word_shuffle,target_shuffle,29,100,3840,65447.57433306902,10022.773567382084,0.15314201740121372,13723.543410396222,0.008922904911624199,0.9955555882548498,0.0018409000441201712,0.004444411745150201,1.7382933155456206,1.126374477218027,0.24458911000622457,0.7510207425821789,126025438.68016593
instruct,target_word_shuffle,target_shuffle,30,100,3840,64511.06478933688,10292.553646885022,0.15954710529884622,14095.51620874013,0.010794495885578853,0.9946193644260931,0.002417604036640621,0.005380635573906889,1.8568506256776514,1.2193576827197015,0.2647801565357512,0.7245726508542983,131057731.64390682
instruct,target_word_shuffle,target_shuffle,31,100,3840,62636.068991920576,10485.031329758183,0.16739606266016865,14393.347174203438,0.012343278650797698,0.9938459268190443,0.0027153716383372765,0.0061540731809557325,1.9634134429117187,1.2855477451927182,0.27915314598018254,0.7023428541431912,132334747.33870755
instruct,target_word_shuffle,target_shuffle,32,100,3840,63354.21148692468,10865.538584133574,0.1715045981809126,14961.754459796144,0.015692102259985435,0.9921739054309586,0.004076735499012304,0.007826094569041375,2.319600053965648,1.4676098836734481,0.3186874370330259,0.6384234136055232,137739400.01093054
instruct,target_word_shuffle,target_shuffle,33,100,3840,64403.090140292035,11362.991488261605,0.17643550120823565,15623.807157512114,0.018300084421556614,0.9908727095941583,0.004924058631255345,0.009127290405841704,2.6561269838223476,1.5923321441232117,0.34577053177494216,0.5879585515025408,145871978.44315004
instruct,target_word_shuffle,target_shuffle,34,100,3840,67156.72389125261,12165.660732138918,0.1811532788859514,16744.343470029806,0.020797934479354508,0.9896243329739015,0.005715200232886761,0.01037566702609849,2.986319531637178,1.6883992798379273,0.366631245241518,0.5445860611164348,164720473.1186422
instruct,target_word_shuffle,target_shuffle,35,100,3840,74211.05863900307,12748.333200884399,0.17178481798647008,17705.489225292946,0.021464679978184353,0.9893011969846611,0.005877157799606794,0.010698803015338876,3.7923481184526815,1.8568457073543716,0.4032089222248719,0.45453120469703284,180293886.98514402
instruct,target_word_shuffle,target_shuffle,36,100,3840,74504.41375458264,13516.375850280216,0.18141711570005942,18750.03932903929,0.024831707714889205,0.9876138461539375,0.006911893006460459,0.012386153846062453,4.038745341311133,1.9087529978141993,0.4144804471334982,0.43091527672846575,200696369.51659456
instruct,target_word_shuffle,target_shuffle,37,100,3840,77852.65163471454,14877.745887260187,0.19110133791032227,20656.677034144872,0.02632030649553221,0.9868633219546085,0.0076098535178360655,0.013136678045391537,3.7102733691069454,1.8409602197608819,0.3997594324227744,0.4597219759179207,246081716.40131947
instruct,target_word_shuffle,target_shuffle,38,100,3840,81888.18498034804,15831.359148703352,0.19332897844179406,22022.694297256934,0.02792360514546077,0.9860577005086306,0.00900152210713934,0.013942299491369381,3.7992823054332336,1.846269286270185,0.40091228156729825,0.44969572339705915,280973541.2111632
instruct,target_word_shuffle,target_shuffle,39,100,3840,87097.09824214096,16798.80237729512,0.19287442080552814,23380.42672334004,0.029370257153387723,0.9853323135921442,0.010061423215790913,0.014667686407855762,4.0879321199891825,1.888254864569647,0.41002933405478487,0.42041102410026027,316653422.2939333
instruct,target_word_shuffle,target_shuffle,40,100,3840,94798.18231556755,18484.372494054314,0.19498657086612567,25691.203657145765,0.0307766338291165,0.9846240382397476,0.010763845189513318,0.015375961760252355,4.156964428510565,1.8915390670816314,0.4107424895689887,0.41124617587125645,382161197.1497509
instruct,target_word_shuffle,target_shuffle,41,100,3840,109080.73028809922,19586.31084134629,0.17955793648993537,27313.44963254361,0.027456677322812546,0.9863013372947378,0.008506631896908652,0.01369866270526221,4.598598001115008,1.9410111324636536,0.42148521207087325,0.35929246596488607,433647707.45585454
instruct,target_word_shuffle,target_shuffle,42,100,3840,115249.17137821925,21985.526493421024,0.1907651589204921,30699.18992855768,0.029900518935735684,0.9850625268246692,0.010749193372761158,0.014937473175330784,4.062993950462767,1.855591645693309,0.402936606195189,0.41562523444157456,554676490.0606664
instruct,target_word_shuffle,target_shuffle,43,100,3840,120087.9306937168,23655.68206132549,0.19698634096426473,33074.464828626245,0.0329969537829099,0.9834977620633861,0.012597728126883735,0.016502237936613873,3.9837680938960567,1.8350548624359933,0.39847710037284134,0.41903092634619715,651097777.736009
instruct,target_word_shuffle,target_shuffle,44,100,3840,128149.82273958623,26724.651606431562,0.20854224403211882,37296.02449518814,0.035221399451432704,0.9823536667486659,0.015433740182660981,0.017646333251334134,3.3652604872306484,1.7120609227320809,0.3717693057123661,0.4899355787863085,843692238.719392
instruct,target_word_shuffle,target_shuffle,45,100,3840,141132.5673916224,28715.5814692874,0.2034653092479061,39832.88731984632,0.034723663820657176,0.9826051379443927,0.015226679363188389,0.017394862055607252,3.398700326404273,1.7419542510866382,0.37826055948741927,0.4899922359446287,958570949.4661102
instruct,target_word_shuffle,target_shuffle,46,100,3840,158273.93208054765,30775.38312722323,0.19444378946471894,42209.86057694947,0.031418897677515566,0.984273710085597,0.013407484359708642,0.015726289914402947,3.203522704461001,1.7354648419093561,0.3768514021891663,0.5182974326769644,1070236007.656117
instruct,target_word_shuffle,target_shuffle,47,100,3840,181502.56516785652,31561.84825617562,0.17389202310714844,43271.88916641762,0.02592945638321679,0.9870540119544075,0.010025663476553627,0.012945988045592549,3.5278966458965137,1.8428758926945732,0.40017541551489116,0.4865298239238601,1099113351.8502538
instruct,target_word_shuffle,target_shuffle,48,100,3840,104.10368901696759,98.51088331026911,0.9462765848212366,137.61401927993546,0.45376406124685326,0.7382115677929839,0.15565165056202646,0.2617884322070161,4.396462670642953,1.8997931092562352,0.41253483205390223,0.3661383783166186,11801.244413203269
instruct,target_sentence_shuffle,target_shuffle,0,100,3840,33.090804289724495,47.434391420151194,1.4334614234468546,59.22937131559537,0.701241628946479,0.5529574448224773,0.35398058424939194,0.44704255517752267,3.629517443501097,1.4552516258218668,0.31600387543758623,0.44551104998516183,2481.1808868180815
instruct,target_sentence_shuffle,target_shuffle,1,100,3840,736.2102082190173,524.8279064136019,0.7128777902757205,632.1153077316692,0.35374234575667296,0.7972705035625609,0.2113770816979618,0.2027294964374391,1.556216802672234,0.7733145690598165,0.16792312505903473,0.7931637673563208,288836.28119999747
instruct,target_sentence_shuffle,target_shuffle,2,100,3840,749.912830391141,493.916458373049,0.6586318280691776,599.7148433582394,0.31617643622657177,0.8227408828661641,0.176143241250574,0.1772591171338359,1.6999988365384984,0.8731356329874953,0.18959899367978603,0.754675997085205,256944.02253854673
instruct,target_sentence_shuffle,target_shuffle,3,100,3840,672.6154721688722,463.6858388616984,0.6893773010699954,579.3267828180178,0.35967364411756814,0.7988127272492406,0.18126870202305362,0.20118727275075943,2.0292991988646674,1.0769793073221248,0.23386308514699258,0.6825480944028016,230579.6308715013
instruct,target_sentence_shuffle,target_shuffle,4,100,3840,509.64660865365636,444.0537604549329,0.8712973910058928,561.1715807297945,0.46291241621862445,0.7351630730804197,0.1883384881712952,0.2648369269195803,2.457901490285844,1.2392938712833752,0.2691092448774443,0.6049335596861081,212277.5670364905
instruct,target_sentence_shuffle,target_shuffle,5,100,3840,892.8842342078352,421.96241588769936,0.472583566515835,551.2469675902023,0.19383541616391428,0.8988397138938575,0.06939939646823405,0.10116028610614247,3.5659089476439596,1.4845173174880921,0.32235883963744805,0.4397688780938548,197382.17710489174
instruct,target_sentence_shuffle,target_shuffle,6,100,3840,1012.484427867219,446.29060504218296,0.44078762374872865,584.5831669543813,0.17013510972234688,0.9117561261365874,0.05267858962994098,0.08824387386341259,3.724152958643324,1.5457006710531653,0.33564463605627154,0.4304521132710424,220679.20810933833
instruct,target_sentence_shuffle,target_shuffle,7,100,3840,1022.6355609563335,607.2680048873714,0.5938264109645031,794.5963029369029,0.22729489707115108,0.8775000403091144,0.07863917247789076,0.12249995969088556,3.1873233030499963,1.43715904143271,0.3120751206557964,0.48775621954394743,418885.8064580608
instruct,target_sentence_shuffle,target_shuffle,8,100,3840,1827.5178048260027,725.2508215504585,0.39685020831822154,932.6673849247204,0.08267056799169836,0.957186302219305,0.020204343006091932,0.04281369778069499,2.390737601629432,1.2648156123386562,0.27465122053188046,0.6167556155438456,583720.719101213
instruct,target_sentence_shuffle,target_shuffle,9,100,3840,2710.73975023805,861.3310805528678,0.3177476113216799,1096.4768257599892,0.04132400335367781,0.978830252623746,0.006651913138300878,0.02116974737625399,1.9509613219457205,1.1126287184536618,0.24160425641575603,0.7014418304898964,800390.45663815
instruct,target_sentence_shuffle,target_shuffle,10,100,3840,2952.9363857265866,1197.1484015866213,0.40540947897597723,1483.383888189255,0.04335588841787473,0.9769555595720735,0.003232299301274958,0.023044440427926527,1.4827709860014033,0.7930729741237832,0.17221360820427972,0.8165728624114886,1533038.1191211948
instruct,target_sentence_shuffle,target_shuffle,11,100,3840,5896.778623270703,1559.1661396742775,0.2644098141180466,1975.7283585545688,0.013250335533757148,0.99327586159359,0.0016558521629849372,0.006724138406409952,1.3143917430831433,0.6305635595967979,0.1369251372110808,0.8702481883090305,2758695.897760303
instruct,target_sentence_shuffle,target_shuffle,12,100,3840,6186.230945338639,1455.3315357921474,0.23525334709476828,1890.5080558047873,0.014416221886452016,0.992749230884069,0.002516556443480836,0.007250769115931033,1.479881896198233,0.8302025373298588,0.18027619041221804,0.8179870233304296,2447924.016198833
instruct,target_sentence_shuffle,target_shuffle,13,100,3840,6979.639478641957,1671.717769115191,0.2395134840747477,2261.365917645075,0.013654615454001574,0.9931229598644792,0.002119115241046757,0.006877040135520818,1.37949945471947,0.7352734978128009,0.15966261139490107,0.8488895245537295,3548947.5525227333
instruct,target_sentence_shuffle,target_shuffle,14,100,3840,12606.776637015406,1865.9137828928278,0.14800879214550547,2559.231733843227,0.005310689174258138,0.9973580887842368,0.0009682710172248424,0.002641911215763182,1.3747172246442294,0.739595141831879,0.16060104447001897,0.8505099621864529,4727562.055383254
instruct,target_sentence_shuffle,target_shuffle,15,100,3840,17015.90559828927,2247.4202086694972,0.13207761383534275,3088.7235150204215,0.003491476905739435,0.9982662816419111,0.0007493136158409109,0.001733718358088887,1.3083067625900242,0.6591054533115316,0.14312293068276977,0.8726020210513453,6800448.041380019
instruct,target_sentence_shuffle,target_shuffle,16,100,3840,21330.327694661286,1946.078917013482,0.09123530331418964,2731.920854601977,0.002770467083387885,0.9986264999065169,0.000610109606567877,0.0013735000934831376,1.6847808242039806,1.08605437305501,0.23583371063234326,0.7643217140139866,4669671.0212112125
instruct,target_sentence_shuffle,target_shuffle,17,100,3840,24001.771421641155,2126.5640527319197,0.08860029601042309,3075.027278487237,0.002561216100867388,0.9987302524364721,0.00044324276983317377,0.0012697475635279343,1.5826051334611468,1.0093698982766424,0.2191818885103962,0.7906190252820603,6267920.023116851
instruct,target_sentence_shuffle,target_shuffle,18,100,3840,29538.707122143045,2645.2391099156307,0.08955162116532464,3654.5011256850125,0.00225107300293976,0.9988838596350411,0.0004758790092652709,0.0011161403649588841,1.5020622234211858,0.9592837146302665,0.2083058119217892,0.8130417439187178,8865534.404628716
instruct,target_sentence_shuffle,target_shuffle,19,100,3840,35453.154705599045,3767.2446955736577,0.10625978779199315,5224.636467092758,0.0019845493837344673,0.9990153147157403,0.0004248751488036803,0.0009846852842596565,1.2484377273404226,0.6075455470898115,0.13192683930299867,0.8941106798022341,19833494.559211884
instruct,target_sentence_shuffle,target_shuffle,20,100,3840,39043.044233367924,4237.11044640477,0.10852407975870762,6209.090332639035,0.0019107562121320246,0.9990518231944125,0.0004015236364772954,0.0009481768055874529,1.1946826162653403,0.513692882424729,0.11154699211501785,0.9143350512383699,29283343.997759122
instruct,target_sentence_shuffle,target_shuffle,21,100,3840,42951.73663150829,4787.161957728659,0.11145444475967754,6831.175902443429,0.0019488005532994842,0.9990329179501585,0.00042561680274978497,0.0009670820498415278,1.202575327801083,0.5308557496177302,0.11527386137279724,0.9113029886661587,34798455.57259044
instruct,target_sentence_shuffle,target_shuffle,22,100,3840,49600.37493652291,7076.311310055729,0.14266648828989262,9278.5499091233,0.0020178136658449337,0.9989964869722953,0.0004986156506681664,0.0010035130277047388,1.1266098022804685,0.37706651350044496,0.08187895306187062,0.9419054629854865,68528304.00798948
instruct,target_sentence_shuffle,target_shuffle,23,100,3840,54772.73115994332,8627.382132877094,0.15751235971206262,11400.814691075935,0.002445410835445228,0.9987823918584282,0.0005758159131031404,0.001217608141571791,1.1276875495551875,0.3778053723577942,0.08203939422419668,0.9414367126611627,100806810.40822133
instruct,target_sentence_shuffle,target_shuffle,24,100,3840,59803.16279358363,10223.922276803893,0.1709595579767703,13246.644909201348,0.0028933169227924505,0.9985569250183859,0.0006623943594897847,0.001443074981614112,1.1313696688495618,0.3930234819530548,0.08534396473530699,0.9399185938136412,129289053.09231228
instruct,target_sentence_shuffle,target_shuffle,25,100,3840,62716.4259505685,9828.761124624443,0.15671749427129703,12797.246759553722,0.003324254315603816,0.9983430150534004,0.0007129015523078019,0.0016569849465996045,1.1837671552181837,0.5006394332292758,0.10871247163732299,0.9186249521308442,122082478.12350729
instruct,target_sentence_shuffle,target_shuffle,26,100,3840,64782.364222910546,10058.769564246013,0.1552701832497908,13189.426383682186,0.003915471189641015,0.998047772125931,0.0008459340196962305,0.0019522278740690124,1.2218556229825253,0.5679355461922563,0.12332563689400314,0.9039548796656827,130945653.08859377
instruct,target_sentence_shuffle,target_shuffle,27,100,3840,66051.89707060753,11370.888740678849,0.1721508275307173,15145.224760186595,0.005350301061612306,0.9973268261572654,0.001200337020760998,0.0026731738427345775,1.24352665696946,0.5973816047477682,0.12971976726623258,0.895844804011579,172478673.70909458
instruct,target_sentence_shuffle,target_shuffle,28,100,3840,65413.13441956868,10718.594941480616,0.16385998066886842,14526.905790061843,0.007343505719409906,0.9963387632679845,0.001422495740682095,0.0036612367320154604,1.4607086810597691,0.8891999544184156,0.19308731675627044,0.8242392087495838,148860607.90852946
instruct,target_sentence_shuffle,target_shuffle,29,100,3840,67372.20479927996,11142.178102829928,0.16538241751216978,15251.754943193113,0.009096262052297122,0.9954663771596753,0.0016695267023654368,0.004533622840324658,1.6376216230898915,1.0604409009862936,0.23027181584142994,0.7757207602697521,156556306.08498135
instruct,target_sentence_shuffle,target_shuffle,30,100,3840,66736.05971796699,11425.702828601998,0.17120733343994413,15610.72077262348,0.010854363658554638,0.9945853965916612,0.0022334870142157364,0.0054146034083387695,1.7285022757521469,1.1423826428954262,0.24806523901576832,0.75368678632952,162002935.73738912
instruct,target_sentence_shuffle,target_shuffle,31,100,3840,65515.30369408972,11484.39782886137,0.1752933617233221,15723.436404605158,0.01209335842647658,0.9939661420115599,0.002460467544316218,0.006033857988440139,1.8176853456046373,1.2116393822857694,0.26310414889168715,0.733617799139243,160427758.7209921
instruct,target_sentence_shuffle,target_shuffle,32,100,3840,66255.61774408811,11716.188430961056,0.17683313249322882,16103.313732958764,0.015444172604766694,0.9922925617471033,0.0038650210934983837,0.007707438252896659,2.144479876870639,1.41137808820854,0.30647685779406497,0.6695089628372384,161524190.12232935
instruct,target_sentence_shuffle,target_shuffle,33,100,3840,67526.58469203881,12302.211465733788,0.1821832323053084,16859.990192466837,0.01793260733348079,0.9910481735008098,0.004788185871509639,0.00895182649919024,2.359598523146862,1.5114249788347163,0.3282017640593282,0.6338767524437948,172299601.6377969
instruct,target_sentence_shuffle,target_shuffle,34,100,3840,70868.80960690364,13235.524399414298,0.18676092448609394,18146.087307127887,0.02011142143065196,0.9899574898275315,0.005435050986810916,0.010042510172468488,2.564306517857121,1.592277636206008,0.3457586955311113,0.6032690517421274,196092559.32215285
instruct,target_sentence_shuffle,target_shuffle,35,100,3840,78645.59500616677,13997.630598255555,0.17798365689976622,19341.370444546974,0.02096593983829154,0.9895393414306197,0.00592090967570498,0.010460658569380277,3.0663035415271174,1.7406368307341256,0.3779744852926976,0.5387677815703618,218066601.53518003
instruct,target_sentence_shuffle,target_shuffle,36,100,3840,79154.14807142023,14804.579299825446,0.18703478794904566,20448.27951734804,0.02418687046956003,0.987923997025889,0.006920321153039191,0.012076002974111044,3.3032383514007,1.8113736392455833,0.39333478809468414,0.5133539674719346,240622570.41752964
instruct,target_sentence_shuffle,target_shuffle,37,100,3840,83853.19324130437,16534.10036368589,0.19717913802168158,22789.583589125006,0.0254154831602464,0.9872998692872741,0.007654146599323616,0.01270013071272591,2.99995075426116,1.7233243716911961,0.3742151325774375,0.5459939918332881,301150722.0466877
instruct,target_sentence_shuffle,target_shuffle,38,100,3840,88757.20245842366,17655.92899880392,0.1989239014949175,24377.286831312435,0.027014643931115228,0.9864955581061143,0.009077597285488589,0.013504441893885666,3.09072233571546,1.7324334773804881,0.37619314974540397,0.5343291766699192,345704982.6019078
instruct,target_sentence_shuffle,target_shuffle,39,100,3840,94736.9610554353,18825.34770043192,0.19871175400503163,25992.609696146286,0.028332588228183537,0.9858358153829688,0.010065482050353845,0.014164184617031172,3.2998454898559517,1.7739904860919804,0.3852171395293072,0.5100587517379379,392276973.166767
instruct,target_sentence_shuffle,target_shuffle,40,100,3840,103511.37857924531,20823.371155338442,0.20116987563252936,28706.52799585683,0.02965961887230817,0.9851655428023156,0.010691081192889902,0.014834457197684392,3.3215125676572925,1.7703010852289864,0.38441599631114354,0.5063056057357924,478842450.43902427
instruct,target_sentence_shuffle,target_shuffle,41,100,3840,118564.09399579311,21548.887741843915,0.18174885005749306,29850.037837508124,0.026436830094040888,0.9868057653608812,0.008407213215632607,0.01319423463911884,4.122034975753596,1.9014498773652169,0.41289459467766426,0.41824055120686277,512016531.2839089
instruct,target_sentence_shuffle,target_shuffle,42,100,3840,126243.30325516596,24635.99090931801,0.1951469129378147,34096.36510034177,0.02850554189599947,0.9857509643511645,0.010422476615483242,0.014249035648835506,3.4554043561830077,1.7785534694906204,0.38620797878483,0.487782395247711,680136287.4870394
instruct,target_sentence_shuffle,target_shuffle,43,100,3840,131472.59972959122,26316.936328800894,0.20017050231705127,36454.572646460656,0.031100582219157534,0.984438894870723,0.01194838456864289,0.015561105129276998,3.433804954578936,1.7649521038760634,0.3832544797684546,0.48805672164719754,784646460.6002464
instruct,target_sentence_shuffle,target_shuffle,44,100,3840,140504.73197406498,30029.773949258208,0.21372784764858485,41404.16693792657,0.03321108968407384,0.9833495196637453,0.014601783406622486,0.016650480336254714,2.858964486377884,1.6135817650474074,0.35038482832989915,0.5570027344719635,1036221838.6868318
instruct,target_sentence_shuffle,target_shuffle,45,100,3840,152729.67126729252,32084.534495084627,0.21007401003917187,44104.51607878601,0.03345398320193513,0.9832240416609842,0.01493556722052175,0.016775958339015795,2.8419597278941673,1.6266700304452195,0.3532269090498767,0.561218359595127,1178668068.3035045
instruct,target_sentence_shuffle,target_shuffle,46,100,3840,167735.67973873945,33709.559453954374,0.20096833009207982,45956.63663298659,0.03091705350126767,0.9845125092960045,0.013269544059182995,0.015487490703995466,2.818867215777903,1.6507875616420866,0.3584639644078412,0.5670013292162333,1269407429.188822
instruct,target_sentence_shuffle,target_shuffle,47,100,3840,190991.93974532737,34838.050200475016,0.18240586616863935,47571.212412014924,0.02600819062518793,0.9870018212967878,0.010239781474013257,0.012998178703212182,3.018470074927456,1.7329498904136573,0.37630528741074815,0.5442795413284212,1332345829.1422179
instruct,target_sentence_shuffle,target_shuffle,48,100,3840,104.74808289315884,98.77336390475574,0.9429610659843948,137.4481541366946,0.4574346013792893,0.7361185500636179,0.16042645082161186,0.2638814499363821,4.133136128844596,1.8483666747967191,0.4013677236990387,0.38865447478027354,11801.599314967076
instruct,control,control,0,100,3840,33.090804289724495,47.434391420151194,1.4334614234468546,59.22937131559537,0.701241628946479,0.5529574448224773,0.35398058424939194,0.44704255517752267,3.629517443501097,1.4552516258218668,0.31600387543758623,0.44551104998516183,2481.1808868180815
instruct,control,control,1,100,3840,738.5775430108382,522.2163914497052,0.7070569588683543,629.8532789117858,0.35283320506101024,0.7981909382777759,0.20927612224612138,0.20180906172222413,1.5807968038557634,0.7925638452971377,0.1721030522842847,0.7863933042239566,286374.6355001067
instruct,control,control,2,100,3840,753.3038901757043,489.248846752095,0.649470755604328,595.156185120292,0.3127837791126076,0.8252882531935875,0.17156572191409422,0.17471174680641255,1.7523542290322602,0.905481889090977,0.1966228939477718,0.7417627633244822,252603.37362243468
instruct,control,control,3,100,3840,672.8681703230816,460.79705291529217,0.6848251607652017,577.1613348124871,0.35813299370753726,0.8003115078793129,0.17870256166680648,0.19968849212068707,2.1209967522676396,1.116968912584986,0.2425467175965675,0.664744025152972,228316.17453470852
instruct,control,control,4,100,3840,510.9955468376254,442.56898123918177,0.8660916596594377,560.7292608761319,0.4588993593224385,0.7381221611785032,0.18319211237067168,0.26187783882149684,2.5504359173427775,1.2662980331721498,0.27497312412580277,0.590221846999493,211297.9694489134
instruct,control,control,5,100,3840,867.4997096976412,423.83925210029315,0.48857567024203136,552.1003680495252,0.20076465482165817,0.8949364726344845,0.06730916829715852,0.1050635273655155,3.6259092030523723,1.4863915033174693,0.32276581391932796,0.429438568653235,199301.63818519888
instruct,control,control,6,100,3840,979.5910310897599,443.276198644691,0.4525114916084539,577.1938688998564,0.1754411691470867,0.9088099214577241,0.05109401332188803,0.0911900785422759,3.6743424530145727,1.5239682507537224,0.3309255009490464,0.4352482112740821,216956.79972872266
instruct,control,control,7,100,3840,1025.0021107623088,603.079512514243,0.5883690444946729,790.5792810953998,0.2293395965806034,0.8763621669022399,0.0934480898931558,0.12363783309776011,3.1044274188066,1.410859663661855,0.30636428333411064,0.4987951131805715,415087.26565277326
instruct,control,control,8,100,3840,1812.2707528957726,729.8624713046846,0.40273368101232065,929.3663052467712,0.08111677901127956,0.9577937346289431,0.015938979463163763,0.04220626537105687,2.2502079407477957,1.2193735916825512,0.2647836111231404,0.642357592361055,579042.6375939873
instruct,control,control,9,100,3840,2739.7747254444002,825.5123784240818,0.3013066624629807,1051.6065156461066,0.039689536678241516,0.9797668758676568,0.006782125374849206,0.02023312413234324,2.0242563007983314,1.1434643787923113,0.24830013498121525,0.68621945043913,738890.0480713652
instruct,control,control,10,100,3840,2964.3874619846106,1117.6902210557882,0.377039181075038,1404.013011626928,0.041218341223464676,0.9784199623075619,0.003984435905283948,0.021580037692438103,1.5368165582623372,0.8367900536115909,0.18170665139752007,0.8009469949006183,1373986.6377358765
instruct,control,control,11,100,3840,6007.091204283661,1503.3942304876803,0.2502699192273972,1889.6574151567415,0.012420810422173302,0.9937254994776271,0.0019527210071881309,0.006274500522372883,1.326035460633398,0.6366671036282822,0.13825050495754435,0.8661627584222925,2603079.1037412826
instruct,control,control,12,100,3840,6091.704149423234,1522.8279486195854,0.24998389798095616,1958.6436489782031,0.014483256578019424,0.9927053748085028,0.0028575748549856403,0.0072946251914971505,1.3924064673813854,0.717838487431158,0.15587664699456433,0.8443551439709196,2766992.24554956
instruct,control,control,13,100,3840,7014.969771915135,1435.3768568998157,0.20461625688629984,1962.2915975575218,0.013334263267015386,0.9933305932135125,0.0029321919232426935,0.006669406786487531,1.5474843746517166,0.8889115884559552,0.1930246988831378,0.7985694897663109,2688591.902170105
instruct,control,control,14,100,3840,12386.31365678379,1716.1301107157415,0.13855051295070697,2361.8802823561746,0.005355931147884967,0.9973367515063148,0.0011135290566749347,0.0026632484936851553,1.4348789508644948,0.7900258081002727,0.17155192450955287,0.8314203041059155,4077262.734373392
instruct,control,control,15,100,3840,16764.41354261302,2005.5446760873072,0.11963106678259076,2888.4642138680374,0.003503541842823767,0.9982603518857556,0.0009005941095499824,0.0017396481142444298,1.3520463036048702,0.6972369174078485,0.15140307290473096,0.857615542363339,5851396.99279624
instruct,control,control,16,100,3840,21311.36040019951,2108.240946995399,0.09892568599119848,2898.2548454229136,0.002764174692423328,0.9986284590471004,0.0007480250256556534,0.001371540952899597,1.4656611275309612,0.8463019826281484,0.18377214053959326,0.8223555701636405,5677074.123852426
instruct,control,control,17,100,3840,23471.451637637932,2047.8444272134075,0.08724830738332186,2919.183227605026,0.0026038072625242654,0.9987091456848143,0.0005099365376099322,0.0012908543151857188,1.627657602826532,1.0230714662047555,0.22215714618269725,0.7783767785213399,5652015.3329509115
instruct,control,control,18,100,3840,28552.848746760454,2590.135117780135,0.09071371969754878,3653.7487405115794,0.0022750837503066764,0.9988718043047359,0.00053200252814175,0.0011281956952641226,1.4602359728545589,0.8783510217305294,0.19073150095582606,0.8246002099342384,8842347.52493172
instruct,control,control,19,100,3840,34594.790346996866,3644.447074121696,0.10534670213540018,4970.733289721417,0.0020183925955802855,0.9989983663673173,0.00047463964668687127,0.0010016336326826858,1.2659556145711182,0.6202044068785207,0.13467567577971037,0.887681295451933,17442122.889095753
instruct,control,control,20,100,3840,37949.5048121629,4087.3447243309015,0.10770482367456079,5751.4108059676555,0.001995907999548307,0.9990095871520458,0.00046047945390188127,0.000990412847954203,1.2404682798688316,0.5824650345142187,0.12648067519555614,0.8969548309304534,23016657.226585455
instruct,control,control,21,100,3840,42861.865043932834,4815.300938541954,0.11234464327686942,6466.836172997796,0.002008825190954739,0.9990029128652982,0.0004846257126001581,0.0009970871347018129,1.2301398204273932,0.5675121717964481,0.12323370231206382,0.9007955017139079,30348248.392118122
instruct,control,control,22,100,3840,49403.29525674547,7504.664568045947,0.15190615381109154,9430.501838858101,0.0020889489847981603,0.9989605305480478,0.0005665874159447103,0.001039469451952213,1.121702456030302,0.3553476697935376,0.07716276607425611,0.943946040561915,70182226.22504608
instruct,control,control,23,100,3840,55090.20055804598,8707.512595924441,0.15805919215613928,11043.769662231112,0.002470862367036091,0.9987697180379307,0.0006157687801190757,0.0012302819620693128,1.1366491578105642,0.38390586298031154,0.08336409893132758,0.9376234268734797,93874047.42486517
instruct,control,control,24,100,3840,58111.102788777185,9824.263714852594,0.16906001165666956,12449.280381761626,0.003055733694442018,0.9984756912206624,0.0008074056253306446,0.0015243087793376242,1.1405373110283188,0.39370528606375954,0.08549201661681599,0.9360163831921509,117631594.57592082
instruct,control,control,25,100,3840,61654.09286266734,9904.905767138578,0.1606528505609751,12600.791020906914,0.003437734985501459,0.9982860049184005,0.0008366953326356188,0.0017139950815995286,1.181814673230685,0.4685586420243913,0.10174621633963712,0.9192096237518695,122026110.974205
instruct,control,control,26,100,3840,64161.396866247946,10314.196717887926,0.16075393027039442,13259.554078583904,0.003913972514215027,0.9980465231498336,0.0009686783474130011,0.001953476850166447,1.1969655263672192,0.49536445628137643,0.1075670249470032,0.9132880684294004,137238731.94059947
instruct,control,control,27,100,3840,65076.47026398952,11202.57262831426,0.1721447488296438,14829.492271474088,0.005284238159404477,0.9973573158375335,0.0013520228290069777,0.002642684162466491,1.2250499287837113,0.5387308440988925,0.11698391641161501,0.9025262196163275,170538664.02722827
instruct,control,control,28,100,3840,63759.56439384492,10043.512382284238,0.15752165934266948,13549.931932488993,0.007189584950815637,0.9964152056881701,0.0016158860315501036,0.0035847943118298975,1.4665385162258557,0.853356991463658,0.1853041162431135,0.8218857253460623,134114026.85951175
instruct,control,control,29,100,3840,65460.30447858115,10388.223726828346,0.1586950108096031,14125.791624338837,0.009153422627787879,0.9954373457517511,0.0019711466219893246,0.004562654248248865,1.6773259793700583,1.0466634521303824,0.2272800808350167,0.7647198469091893,137361130.2851884
instruct,control,control,30,100,3840,64729.820551374534,10847.380000098594,0.16757933063462277,14704.266923119727,0.011149647925920226,0.9944352050124668,0.002653215925066611,0.00556479498753315,1.7431622642440867,1.1010369024670974,0.23908712555665462,0.7490109037349466,147297879.24850926
instruct,control,control,31,100,3840,63767.89838919741,11487.47525251912,0.1801451128655222,15562.099133880187,0.012773255259595549,0.993616839481831,0.00320554465340208,0.0063831605181690065,1.726512960021229,1.0922368215513407,0.237176212265647,0.7532130473351141,159899177.8831138
instruct,control,control,32,100,3840,64687.76862629252,11981.625436958459,0.1852224259918048,16256.59848783348,0.01630639460507337,0.9918514446599503,0.004717888551069982,0.008148555340049657,1.970947368389267,1.251959935022846,0.27185964567218784,0.6999529500252439,167522585.49961296
instruct,control,control,33,100,3840,66733.54161205464,12879.607945739393,0.19300051570187968,17353.612946554906,0.01912873710562289,0.9904352613498767,0.006163780375314197,0.009564738650123306,2.0760836170165122,1.308793566457722,0.28420091193153274,0.6800888405264116,187697294.3310776
instruct,control,control,34,100,3840,69993.96887237924,13764.653988581416,0.19665485770179228,18575.270221105307,0.021791678201101623,0.9891004123996138,0.007239849174388829,0.010899587600386229,2.2619474214392397,1.3982704381802136,0.30363056775505437,0.6473720973388714,211768727.69425946
instruct,control,control,35,100,3840,77675.60546063524,13807.189476857246,0.17775451372380366,18936.217018535208,0.021747873049339953,0.9891453908597282,0.00683632071783122,0.01085460914027181,2.992780035832796,1.6415821767465169,0.3564650404758704,0.5424251181191281,213660162.41387022
instruct,control,control,36,100,3840,77686.700898782,14781.149620790855,0.19026615173231792,20251.108560080425,0.02558214102582258,0.9872175324857014,0.008132211414796897,0.012782467514298568,3.101787212060761,1.6691858241545734,0.3624590963507314,0.52828929679351,242707026.20778328
instruct,control,control,37,100,3840,81469.85049743968,16436.70549387584,0.20175200265517107,22474.34149392108,0.02740411395542985,0.9862963116466229,0.009223474213188754,0.013703688353377097,2.924166299942353,1.6080691368822355,0.3491877763334399,0.5478362992773677,300757373.3031204
instruct,control,control,38,100,3840,85401.16805803796,17453.18553538383,0.20436705881496586,23952.46177221236,0.029555836307393658,0.9852116524289717,0.010880194137752352,0.014788347571028315,3.0048241987427238,1.6190721190289443,0.3515770435488377,0.5360232691913955,343646799.41809475
instruct,control,control,39,100,3840,90399.31588188012,18768.211335323216,0.20761452840911562,25772.62245786749,0.03203201362246612,0.983964856725656,0.01242042924916559,0.016035143274343966,3.172446682637263,1.6536740929179212,0.3590907667103092,0.5143168796759466,397638699.1921554
instruct,control,control,40,100,3840,98346.55235913012,20381.773637940274,0.20724441425778264,27958.8217955523,0.03312786233093367,0.9834156199636236,0.012777064428654969,0.01658438003637641,3.3274060687736426,1.6862032592898388,0.36615438543842754,0.4945525326654629,465538587.2242468
instruct,control,control,41,100,3840,113501.45125785329,21150.001300074495,0.18634124115317074,29158.26165645538,0.028837710563632265,0.9855966129808839,0.009950854643226988,0.014403387019116143,3.874529336384973,1.7827171540826594,0.387112111406184,0.4272066724845034,502909371.95808226
instruct,control,control,42,100,3840,119190.24891627631,24125.788906933936,0.20241411630812847,33142.952327059094,0.03147034393001222,0.9842457757868235,0.012710172630486077,0.015754224213176515,3.14136441028573,1.6307796618584665,0.3541193041725914,0.5144639879258802,665269316.1920023
instruct,control,control,43,100,3840,124344.31454379641,25832.694941494814,0.2077513156614495,35536.247510596775,0.034440388115209816,0.9827410133430253,0.014475975792881363,0.017258986656974673,3.1599647908345014,1.6309074576850275,0.3541470546837343,0.5103860358892961,770657974.0465102
instruct,control,control,44,100,3840,132788.41237787652,29523.934106935747,0.22233818130846664,40372.84071662061,0.03671421365976123,0.9815556022910775,0.017373499250572688,0.018444397708922478,2.650243615906683,1.4879141903012045,0.323096461196679,0.5805312753738173,1019380964.0359195
instruct,control,control,45,100,3840,145086.03250628436,32159.59297838404,0.2216587801240692,43729.34029604003,0.03703826263156806,0.9813849887806295,0.01748405848067289,0.01861501121937048,2.5984320005304813,1.4834213550366064,0.32212085441492133,0.5901170605935369,1197601029.8611887
instruct,control,control,46,100,3840,162502.83251491978,35402.73647068847,0.21785919619239905,47677.27393972438,0.033872046471280795,0.982979821708867,0.01596467955545532,0.017020178291133004,2.325248064096305,1.4013391154524744,0.30429692255809676,0.6350552079304369,1430239757.1835876
instruct,control,control,47,100,3840,185887.53836925636,37872.23930742709,0.20373737604828446,50695.29745143404,0.02807775551830711,0.9859208094214478,0.01234377515761074,0.014079190578552225,2.256798445960901,1.3849877233499217,0.3007462628773092,0.6472890603674113,1602297063.9415574
instruct,control,control,48,100,3840,112.13395026698205,111.46607200458378,0.9940439246025927,155.20057376644598,0.44864225252836964,0.7366364716675569,0.14851342840517257,0.26336352833244314,3.769816413501096,1.704160102721039,0.37005366444571297,0.39625573370819167,16390.674582983305
instruct,question_only,question_only,0,10,3840,33.090804289724495,47.434391420151194,1.4334614234468546,65.1523084471549,0.7713657918411235,0.5529574448224774,0.35398058424939194,0.44704255517752256,3.629517443501092,1.455251625821866,0.6320077508751721,0.44551104998516244,2729.298975499888
instruct,question_only,question_only,1,10,3840,758.5760985385833,512.6158825368235,0.6757606567414801,679.2342191205227,0.3620921148746542,0.8138159280946822,0.1919100501356695,0.18618407190531783,1.6290667740628002,0.8233845268320366,0.35759135648767343,0.773211409706949,304044.8110226924
instruct,question_only,question_only,2,10,3840,765.6183354787204,476.8060050262264,0.6227724480084348,637.9331697961558,0.3247283290591228,0.8366164521577479,0.15998043116536884,0.16338354784225206,1.8213322971819892,0.9401207823945587,0.40828926811652455,0.7251760047705242,264928.8220125785
instruct,question_only,question_only,3,10,3840,697.7123766484409,447.8591592226077,0.6418965381895061,615.6008508519419,0.3593794906420329,0.8199950004659262,0.16031415771223767,0.18000499953407378,2.217754806156234,1.1492372475820611,0.49910739502257034,0.6464219186238448,237657.16765262638
instruct,question_only,question_only,4,10,3840,521.6428897021325,429.8106121308597,0.823955661269127,600.7108797106798,0.478939706837185,0.7539622400471742,0.17605175950435725,0.24603775995282584,2.7605902607975565,1.3189286951752945,0.5728034543384865,0.5586259424653578,220977.6486349978
instruct,question_only,question_only,5,10,3840,1015.0137275203273,425.5395242912864,0.4192450927051761,612.9806277985792,0.1761230024045557,0.9172379730531572,0.0605409349124775,0.08276202694684276,3.638680200112108,1.4959552472918944,0.6496851090730842,0.4309495530017558,221263.54577079718
instruct,question_only,question_only,6,10,3840,1054.154903531522,453.6743486507054,0.43036782083055497,652.7055963218562,0.18226753020237244,0.9142015265027441,0.05727131874144788,0.08579847349725589,3.855090850238029,1.5253259393481942,0.6624406385628149,0.40416776619756917,252886.43808800023
instruct,question_only,question_only,7,10,3840,1115.2494937829915,572.9541763908853,0.5137452916005286,832.4995290930271,0.22034448685477287,0.8942987204372714,0.07974202225543618,0.10570127956272857,3.712745141343627,1.4943570297294366,0.6489910120048279,0.40125551393035025,415303.89988804
instruct,question_only,question_only,8,10,3840,1929.1352456537413,693.163907953826,0.3593132775503916,984.708152657345,0.08229944264136194,0.9616597662632552,0.019079425835638417,0.03834023373674478,2.6730043348571524,1.3150942751385584,0.5711381868752327,0.5708992078819111,591321.8886414792
instruct,question_only,question_only,9,10,3840,2965.0942867180543,831.5024278246134,0.2804303497360181,1160.610752568389,0.038543637063754126,0.9822006483768442,0.005226869625753117,0.017799351623155824,2.1244779215965397,1.1637378257821882,0.5054049161192922,0.6671742484819618,806957.8043360268
instruct,question_only,question_only,10,10,3840,3336.551962470601,1102.1524973071469,0.3303267893634244,1525.0701743645461,0.037165320030764004,0.9825869727926001,0.0031180331275550963,0.0174130272073999,1.646387487665287,0.9026063116970833,0.3919969405010898,0.7716527531954078,1443985.426676727
instruct,question_only,question_only,11,10,3840,6471.98130551052,1302.1393457671995,0.20119640096279368,1842.5765927901791,0.012862150769512167,0.9941489012687008,0.002168956869034169,0.005851098731299187,1.5316721799505926,0.833046828141903,0.361787640629035,0.8028412827943281,2224764.490843433
instruct,question_only,question_only,12,10,3840,6835.280921161121,1255.9925945146208,0.18375142280198528,1850.9606561584758,0.013705601977529796,0.9937796779392862,0.0023577764460630266,0.006220322060713768,1.7970082365213185,1.0401557405558506,0.4517338984433963,0.736506185075811,2045853.2321900204
instruct,question_only,question_only,13,10,3840,7925.911778886963,1466.312763111744,0.18500240780091784,2165.190902008312,0.012321957194475666,0.9944067656166276,0.002036792286754132,0.005593234383372447,1.617827467681245,0.9223276150949494,0.4005617937427229,0.7802552069476454,2913202.4193794737
instruct,question_only,question_only,14,10,3840,13426.860238725778,1713.4676253735895,0.12761491479829382,2647.1450001399817,0.00574184603927398,0.9974069217889078,0.0011319968473223003,0.0025930782110922257,1.5492778355764274,0.8735935800139701,0.3793968712261741,0.7987174184869875,4342055.072614767
instruct,question_only,question_only,15,10,3840,18115.87650333231,2055.0229050314597,0.11343767466362724,3125.994693419027,0.0037641235222925546,0.998301817346358,0.0007457170752221011,0.0016981826536419664,1.4613962010558044,0.7966097354673953,0.34596321234389893,0.8238917340649466,5967157.881625125
instruct,question_only,question_only,16,10,3840,22127.448983331004,2198.9362734489205,0.09937595043628472,3363.628593933007,0.0030674008917025136,0.9986166935368035,0.0005814287584926869,0.0013833064631965097,1.4887274224529834,0.8307641489172972,0.3607962856378335,0.8161336133636625,6856632.491789684
instruct,question_only,question_only,17,10,3840,24536.992709981732,2180.7618286858233,0.08887649168998131,3308.070346732002,0.0030038463426645856,0.9986458414717443,0.0004816019526881695,0.0013541585282557111,1.6716417004729123,0.9940838080070747,0.43172511236684413,0.7678545588956119,6607985.200802293
instruct,question_only,question_only,18,10,3840,30014.89524123343,3344.1861375751882,0.11141755154224428,5111.838307146803,0.0026147469617742985,0.9988191195902466,0.0005280868138021625,0.0011808804097533931,1.2503811889854637,0.5484440064000503,0.23818620561245354,0.8932964886224057,17672365.967064455
instruct,question_only,question_only,19,10,3840,36941.04132611899,4781.672825909162,0.1294406615042631,7126.234745031213,0.002242423791772125,0.9989856569043214,0.0004698423869038134,0.0010143430956786048,1.146661933850583,0.375902113909298,0.1632522138065757,0.9335009294142343,35836725.43752112
instruct,question_only,question_only,20,10,3840,40884.926803950795,5388.130117102719,0.13178769141350286,8027.051319872738,0.002165572279336719,0.9990202793890821,0.0004634217013197696,0.000979720610917889,1.1358476796806702,0.3538328381544655,0.15366764912665073,0.9379718630270726,45959571.72885167
instruct,question_only,question_only,21,10,3840,44444.596080251875,6434.525404822696,0.1447763276598155,9264.73603384667,0.002214187202567408,0.9989979103054936,0.00043373275495388086,0.0010020896945064361,1.1239720198073977,0.3307618640943374,0.14364805240020403,0.942972401201768,59736483.71007989
instruct,question_only,question_only,22,10,3840,51334.96510036428,9164.7744412418,0.17852889201977398,12366.982978721077,0.002295567838285385,0.9989573194314664,0.0005154858394794286,0.0010426805685336271,1.0819529091873104,0.2400617217424759,0.10425748106895116,0.9612603665184918,116013414.54948537
instruct,question_only,question_only,23,10,3840,57315.379872316975,10637.027443694664,0.18558766368453036,14053.055271805386,0.0026858130078620296,0.9987795639929373,0.000539799290344263,0.0012204360070626752,1.0944597323614234,0.26782340286366574,0.11631422598824159,0.9557093161537714,149970703.32649085
instruct,question_only,question_only,24,10,3840,59123.05081388258,11235.455490664774,0.19003511043490665,15214.757681140745,0.003439462805013855,0.9984347174037784,0.0007028825818749454,0.0015652825962215733,1.1123266920673265,0.3061632655698027,0.13296501679844516,0.9479378868551284,167668266.76792014
instruct,question_only,question_only,25,10,3840,63130.25387824192,11134.551433201308,0.17637425400943735,15418.043011661865,0.003813820344227703,0.9982668300404246,0.000763344178290203,0.001733169959575398,1.1461999263774234,0.3713231247789248,0.16126358409455968,0.9336442651462746,168629283.88826507
instruct,question_only,question_only,26,10,3840,64766.22570890863,10322.428676669422,0.15937980890014355,14702.72112661689,0.004358646480829748,0.9980218185283578,0.000852691141163233,0.001978181471642193,1.2048538650694631,0.4715058884740472,0.20477240554916873,0.9102327746580164,155077076.2563009
instruct,question_only,question_only,27,10,3840,64237.222243013006,10701.022681696668,0.16658601209769158,15732.951979276158,0.006112011806352379,0.9972243055459525,0.0011583389990540832,0.0027756944540474615,1.2724172329973866,0.5706135383194743,0.2478143109914374,0.8851151022150563,176160263.4825857
instruct,question_only,question_only,28,10,3840,62878.76749702891,10287.639101549894,0.16361069898572672,15342.289104051102,0.008272236427632583,0.9962522036967767,0.001296641700457564,0.0037477963032233053,1.4898549826072238,0.8163546817726453,0.35453833356974496,0.8150537197117421,154264610.13677222
instruct,question_only,question_only,29,10,3840,64396.3114135528,10843.053847997537,0.1683800455334079,16289.94182863783,0.010512484643934453,0.9952376030889543,0.0015708151902332427,0.004762396911045741,1.6670587736146232,0.9681451262393319,0.420460086007269,0.7674551552650588,166281532.4275036
instruct,question_only,question_only,30,10,3840,63819.881040729466,11239.623462918542,0.17611476674087628,16847.255446396946,0.012561811894970357,0.9943035994714069,0.002049581327386621,0.005696400528593104,1.7555127531145587,1.0331060872257576,0.44867227290280604,0.7462238893439558,175898927.22217938
instruct,question_only,question_only,31,10,3840,62246.008030810124,11586.109227417837,0.18613417300082954,17392.77034585854,0.014346532019868376,0.9934853872388055,0.0024833139628809018,0.0065146127611944715,1.7588347106567104,1.0389222379287908,0.45119819505905107,0.7457326028208395,186554518.443988
instruct,question_only,question_only,32,10,3840,62725.851259644354,12046.537119652432,0.1920505960100498,18234.198082596668,0.018523914068474454,0.9915834930082534,0.004067809318950488,0.008416506991746564,1.976126525991661,1.1755678629419997,0.5105426359785087,0.6995560661377841,195622862.08096823
instruct,question_only,question_only,33,10,3840,63347.00714829778,12609.952010384368,0.19906152757720638,19075.27603691048,0.021814176433148518,0.9900863742940175,0.005159337272519429,0.009913625705982532,2.163522565417354,1.266498729642964,0.5500334096214176,0.6643738500015475,208166360.9515486
instruct,question_only,question_only,34,10,3840,65937.32160672481,13330.229415881058,0.20216516368965667,20116.707523022018,0.02470331487875715,0.9887773952749048,0.005686444297087547,0.011222604725095175,2.49691490554998,1.3985755233856842,0.6073936323313549,0.6103011098559653,225166853.49757943
instruct,question_only,question_only,35,10,3840,73697.06022634332,14115.676536837447,0.19153649404039239,21176.155153334745,0.024842259988877707,0.9887278402018808,0.005767264427475331,0.011272159798119241,3.044389806292352,1.5550028496437425,0.6753291569441092,0.5375602951708697,243663213.30764136
instruct,question_only,question_only,36,10,3840,74639.17105756054,14717.903490754083,0.19718739211886302,22105.32274292857,0.028343458804987117,0.987128612345699,0.006829169186952654,0.012871387654300959,3.2720871716916493,1.6120863814956028,0.7001202198349207,0.5127879543029243,263862456.13962615
instruct,question_only,question_only,37,10,3840,78295.09376378471,16161.446331446432,0.20641710169228877,24272.605903994416,0.030911738792972827,0.9859534192544851,0.007477643858295924,0.014046580745514903,3.2381317190300822,1.609587483577426,0.699034962258217,0.517624590330385,317131194.91536176
instruct,question_only,question_only,38,10,3840,83027.27933491439,17206.69040364673,0.2072414095882704,25890.82607423285,0.03289504320384558,0.9850447869375623,0.009151648195931122,0.014955213062437744,3.3323371160579267,1.625887979922161,0.7061141778730196,0.5070222278239535,361758005.5519418
instruct,question_only,question_only,39,10,3840,87665.39128230547,18109.72954751703,0.2065778670764038,27280.320824820807,0.03484646023581453,0.9841567316472336,0.010391644139769535,0.015843268352766393,3.6433432137242057,1.6775834010287556,0.7285652139992784,0.4734405744415935,400689082.4763223
instruct,question_only,question_only,40,10,3840,94912.42030986756,20032.667143268307,0.211064759257705,30099.467770232717,0.03644419974041896,0.9834245381725785,0.010776396640364887,0.016575461827421534,3.6871589566962277,1.6790100393278196,0.7291847951402338,0.46689042305364453,486441466.9451693
instruct,question_only,question_only,41,10,3840,109224.24082894636,20937.983568412532,0.19169722224211233,31403.83720405525,0.0322639557005435,0.9853557958058102,0.008227068861426459,0.01464420419418977,4.547233066972096,1.7945996548549328,0.7793847273289775,0.37985255059671436,523990648.8669093
instruct,question_only,question_only,42,10,3840,114154.75486094129,23400.277698425278,0.20498732380381834,35222.13099862202,0.03538282408318767,0.9839123784693393,0.010791458882709425,0.01608762153066068,3.8166253269518764,1.6870273214211686,0.732666656513237,0.44899356047056554,669797494.1362758
instruct,question_only,question_only,43,10,3840,118072.06022939361,25279.417648744507,0.21410160540631684,38084.77540761924,0.03917189768434707,0.9821693023118853,0.012839220480642304,0.01783069768811474,3.7526583861300424,1.6667957399618178,0.7238801923252649,0.4522621610393711,788028019.6717051
instruct,question_only,question_only,44,10,3840,124594.89178000469,28293.533343412033,0.22708421620823344,42720.7318556078,0.04310321784238005,0.9803375937788708,0.015974217566205724,0.019662406221129247,3.2962167477891144,1.5767259952567891,0.6847633992134363,0.5008837569095541,1007320626.8678371
instruct,question_only,question_only,45,10,3840,136884.1537392937,30353.923913374223,0.22174899785102653,45732.47663731795,0.04278229101042377,0.9804853102617097,0.01604154468154882,0.019514689738290292,3.3085389883076646,1.5857013221028062,0.6886613341359397,0.5016561201276886,1154136624.5999908
instruct,question_only,question_only,46,10,3840,157258.89950495106,32878.4716524762,0.20907224809519329,49075.039438346,0.03727064116305907,0.9830110691084677,0.013975019951021649,0.016988930891532306,2.9071564927876588,1.5064002270845183,0.6542213061606117,0.5529856482035829,1346074229.318408
instruct,question_only,question_only,47,10,3840,175521.26449074576,33187.97603097015,0.1890823663290095,49494.06190656618,0.03186331197202047,0.9855198361822447,0.010254206777776836,0.014480163817755298,3.442541946768138,1.6370445724428448,0.7109594244415957,0.4936776876401956,1329935490.6981668
instruct,question_only,question_only,48,10,3840,118.54827034361018,117.1526101702298,0.9882270726571036,176.9882876970348,0.5101861345604852,0.7299440433961781,0.14238564059350503,0.27005595660382187,4.154593071298971,1.6387533611346348,0.7117015419411786,0.3559748212593957,18475.979763039897
